{
  "scores": {
    "accessibility": {
      "score": 0.73622701654455,
      "detail": {
        "reachability_ratio": 1.0,
        "avg_path_length": 3.45,
        "path_variance": 2.1975000000000002,
        "normalized": [
          1.0,
          0.425,
          0.9389583333333333
        ],
        "score": 0.73622701654455
      }
    },
    "degree_variance": {
      "score": 0.7591846852720217,
      "detail": {
        "raw_variance": 1.6875,
        "normalized_variance": 0.1377551020408163,
        "score": 0.7591846852720217,
        "degrees": [
          5,
          4,
          4,
          6,
          2,
          3,
          4,
          2
        ],
        "max_variance": 12.25,
        "room_count": 8,
        "mean_degree": 3.75
      }
    },
    "door_distribution": {
      "score": 0.4524745738552427,
      "detail": {
        "cv": 0.5248766971932889,
        "avg_distance": 3.5766552058841286,
        "avg_entropy": 0.7626823776047778,
        "weights": [
          0.3333333333333333,
          0.3333333333333333,
          0.3333333333333333
        ],
        "normalized": [
          0.7375616514033556,
          0.06970302819046413,
          0.5501590419719083
        ],
        "score": 0.4524745738552427,
        "debug": {
          "count": 59
        }
      }
    },
    "dead_end_ratio": {
      "score": 0.75,
      "detail": {
        "dead_end_ratio": 0.25,
        "dead_end_count": 2,
        "total_rooms": 8,
        "dead_end_rooms": [
          "rect_38",
          "rect_19"
        ],
        "score": 0.75
      }
    },
    "key_path_length": {
      "score": 0.8007374029168081,
      "detail": {
        "raw_length": 1,
        "diameter": 9,
        "normalized_length": 0.1111111111111111,
        "score": 0.8007374029168081,
        "path": [
          "rect_7",
          "rect_11"
        ],
        "entrance": "rect_7",
        "exit": "rect_11"
      }
    },
    "loop_ratio": {
      "score": 0.3775406687981454,
      "detail": {
        "total_rooms": 40,
        "total_edges": 59,
        "connected_components": 1,
        "cyclomatic_number": 20,
        "loop_ratio": 0.5,
        "sigmoid_loop_ratio": 0.3775406687981454,
        "algorithm": "Cyclomatic formula + Sigmoid normalization",
        "note": "Direct calculation using E - V + C formula, then sigmoid mapping to [0,1]",
        "score_breakdown": {
          "raw_loop_ratio": 0.5,
          "sigmoid_loop_ratio": 0.3775406687981454,
          "final_score": 0.3775406687981454
        }
      }
    },
    "path_diversity": {
      "score": 0.5313811492913704,
      "detail": {
        "avg_path_diversity": 0.36947352686662954,
        "std_path_diversity": 0.19625293466071794,
        "max_path_diversity": 0.6953079298340661,
        "min_path_diversity": 0.0,
        "total_pairs_analyzed": 38,
        "rounds_completed": 11,
        "detailed_analysis": {
          "round_0": {
            "pairs_analyzed": 2,
            "avg_diversity": 0.5643737530100299
          },
          "round_1": {
            "pairs_analyzed": 4,
            "avg_diversity": 0.5379851822779707
          },
          "round_2": {
            "pairs_analyzed": 4,
            "avg_diversity": 0.22039356066819973
          },
          "round_3": {
            "pairs_analyzed": 4,
            "avg_diversity": 0.3339600932079934
          },
          "round_4": {
            "pairs_analyzed": 4,
            "avg_diversity": 0.28301031651218833
          },
          "round_5": {
            "pairs_analyzed": 3,
            "avg_diversity": 0.4174431187575469
          },
          "round_6": {
            "pairs_analyzed": 2,
            "avg_diversity": 0.3970133190811951
          },
          "round_7": {
            "pairs_analyzed": 3,
            "avg_diversity": 0.0
          },
          "round_8": {
            "pairs_analyzed": 4,
            "avg_diversity": 0.45453087147657534
          },
          "round_9": {
            "pairs_analyzed": 4,
            "avg_diversity": 0.47832710357274666
          },
          "round_10": {
            "pairs_analyzed": 4,
            "avg_diversity": 0.40801550240353424
          }
        },
        "adaptive_params": {
          "num_walks": 40,
          "max_walk_length": 8,
          "graph_diameter": 8,
          "avg_degree": 2.95,
          "total_nodes": 40,
          "total_edges": 59
        },
        "algorithm": "Adaptive_random_walk_sampling",
        "sampling_strategy": "Multi-round (11 rounds, 5 pairs/round)",
        "normalization": "Robust_with_predefined_bounds",
        "fusion_method": "Geometric_mean_of_normalized_metrics",
        "performance": {
          "time_taken": 0.013459920883178711,
          "timeout": false
        }
      }
    },
    "treasure_monster_distribution": {
      "score": 0.7072299781154401,
      "detail": {
        "cv_treasure": 0.7745966692414834,
        "uniformity_treasure": 0.7072299781154401,
        "score": 0.7072299781154401,
        "cv_monster": 0.0,
        "uniformity_monster": 0.0,
        "avg_t2m_dist": 0.0,
        "proximity_score": 0.0,
        "note": "Only treasure distribution evaluated (no monsters found)"
      }
    },
    "aesthetic_balance": {
      "score": 0.7060139068005973,
      "detail": {
        "symmetry_ratio": 0.5,
        "uniformity_area": 0.703833222719619,
        "uniformity_spacing": 1.0,
        "score": 0.7060139068005973
      }
    }
  },
  "category_scores": {
    "structural": 0.6296493566683056,
    "gameplay": 0.7072299781154401,
    "aesthetic": 0.7060139068005973
  },
  "overall_score": 0.6809644138614477,
  "grade": "B",
  "details": {
    "accessibility": {
      "reachability_ratio": 1.0,
      "avg_path_length": 3.45,
      "path_variance": 2.1975000000000002,
      "normalized": [
        1.0,
        0.425,
        0.9389583333333333
      ],
      "score": 0.73622701654455
    },
    "degree_variance": {
      "raw_variance": 1.6875,
      "normalized_variance": 0.1377551020408163,
      "score": 0.7591846852720217,
      "degrees": [
        5,
        4,
        4,
        6,
        2,
        3,
        4,
        2
      ],
      "max_variance": 12.25,
      "room_count": 8,
      "mean_degree": 3.75
    },
    "door_distribution": {
      "cv": 0.5248766971932889,
      "avg_distance": 3.5766552058841286,
      "avg_entropy": 0.7626823776047778,
      "weights": [
        0.3333333333333333,
        0.3333333333333333,
        0.3333333333333333
      ],
      "normalized": [
        0.7375616514033556,
        0.06970302819046413,
        0.5501590419719083
      ],
      "score": 0.4524745738552427,
      "debug": {
        "count": 59
      }
    },
    "dead_end_ratio": {
      "dead_end_ratio": 0.25,
      "dead_end_count": 2,
      "total_rooms": 8,
      "dead_end_rooms": [
        "rect_38",
        "rect_19"
      ],
      "score": 0.75
    },
    "key_path_length": {
      "raw_length": 1,
      "diameter": 9,
      "normalized_length": 0.1111111111111111,
      "score": 0.8007374029168081,
      "path": [
        "rect_7",
        "rect_11"
      ],
      "entrance": "rect_7",
      "exit": "rect_11"
    },
    "loop_ratio": {
      "total_rooms": 40,
      "total_edges": 59,
      "connected_components": 1,
      "cyclomatic_number": 20,
      "loop_ratio": 0.5,
      "sigmoid_loop_ratio": 0.3775406687981454,
      "algorithm": "Cyclomatic formula + Sigmoid normalization",
      "note": "Direct calculation using E - V + C formula, then sigmoid mapping to [0,1]",
      "score_breakdown": {
        "raw_loop_ratio": 0.5,
        "sigmoid_loop_ratio": 0.3775406687981454,
        "final_score": 0.3775406687981454
      }
    },
    "path_diversity": {
      "avg_path_diversity": 0.36947352686662954,
      "std_path_diversity": 0.19625293466071794,
      "max_path_diversity": 0.6953079298340661,
      "min_path_diversity": 0.0,
      "total_pairs_analyzed": 38,