{
  "scores": {
    "accessibility": {
      "score": 0.7891180262485014,
      "detail": {
        "reachability_ratio": 1.0,
        "avg_path_length": 4.320754716981132,
        "path_variance": 4.4442862228551085,
        "normalized": [
          1.0,
          0.519916142557652,
          0.9451322688536407
        ],
        "score": 0.7891180262485014
      }
    },
    "degree_variance": {
      "score": 0.1353352832366127,
      "detail": {
        "raw_variance": 4.8,
        "normalized_variance": 1.0,
        "score": 0.1353352832366127,
        "degrees": [
          4,
          4,
          8,
          2,
          2
        ],
        "max_variance": 4.8,
        "room_count": 5,
        "mean_degree": 4.0
      }
    },
    "door_distribution": {
      "score": 0.44864498365270183,
      "detail": {
        "cv": 0.48769740256653266,
        "avg_distance": 2.558541057766367,
        "avg_entropy": 0.7469860119302106,
        "weights": [
          0.3333333333333333,
          0.3333333333333333,
          0.3333333333333333
        ],
        "normalized": [
          0.7561512987167337,
          0.05094714472880244,
          0.5388365075125695
        ],
        "score": 0.44864498365270183,
        "debug": {
          "count": 89
        }
      }
    },
    "dead_end_ratio": {
      "score": 0.6,
      "detail": {
        "dead_end_ratio": 0.4,
        "dead_end_count": 2,
        "total_rooms": 5,
        "dead_end_rooms": [
          "rect_25",
          "rect_50"
        ],
        "score": 0.6
      }
    },
    "key_path_length": {
      "score": 0.0,
      "detail": {
        "reason": "Could not identify entrance and exit"
      }
    },
    "loop_ratio": {
      "score": 0.4250963060034575,
      "detail": {
        "total_rooms": 53,
        "total_edges": 89,
        "connected_components": 1,
        "cyclomatic_number": 37,
        "loop_ratio": 0.6981132075471698,
        "sigmoid_loop_ratio": 0.4250963060034575,
        "algorithm": "Cyclomatic formula + Sigmoid normalization",
        "note": "Direct calculation using E - V + C formula, then sigmoid mapping to [0,1]",
        "score_breakdown": {
          "raw_loop_ratio": 0.6981132075471698,
          "sigmoid_loop_ratio": 0.4250963060034575,
          "final_score": 0.4250963060034575
        }
      }
    },
    "path_diversity": {
      "score": 0.5387524061188602,
      "detail": {
        "avg_path_diversity": 0.4244269807230923,
        "std_path_diversity": 0.1956513475846618,
        "max_path_diversity": 0.7877959817954943,
        "min_path_diversity": 0.0,
        "total_pairs_analyzed": 59,
        "rounds_completed": 12,
        "detailed_analysis": {
          "round_0": {
            "pairs_analyzed": 6,
            "avg_diversity": 0.5129530877442244
          },
          "round_1": {
            "pairs_analyzed": 6,
            "avg_diversity": 0.3680104684345522
          },
          "round_2": {
            "pairs_analyzed": 3,
            "avg_diversity": 0.5230175203128398
          },
          "round_3": {
            "pairs_analyzed": 2,
            "avg_diversity": 0.6176991194741801
          },
          "round_4": {
            "pairs_analyzed": 5,
            "avg_diversity": 0.3455500910575382
          },
          "round_5": {
            "pairs_analyzed": 5,
            "avg_diversity": 0.3958288417553161
          },
          "round_6": {
            "pairs_analyzed": 5,
            "avg_diversity": 0.4117032513619736
          },
          "round_7": {
            "pairs_analyzed": 6,
            "avg_diversity": 0.3134151765028088
          },
          "round_8": {
            "pairs_analyzed": 2,
            "avg_diversity": 0.3696191809673784
          },
          "round_9": {
            "pairs_analyzed": 5,
            "avg_diversity": 0.5082540909753576
          },
          "round_10": {
            "pairs_analyzed": 7,
            "avg_diversity": 0.3544554648271768
          },
          "round_11": {
            "pairs_analyzed": 7,
            "avg_diversity": 0.5061943821728769
          }
        },
        "adaptive_params": {
          "num_walks": 53,
          "max_walk_length": 14,
          "graph_diameter": 14,
          "avg_degree": 3.358490566037736,
          "total_nodes": 53,
          "total_edges": 89
        },
        "algorithm": "Adaptive_random_walk_sampling",
        "sampling_strategy": "Multi-round (12 rounds, 7 pairs/round)",
        "normalization": "Robust_with_predefined_bounds",
        "fusion_method": "Geometric_mean_of_normalized_metrics",
        "performance": {
          "time_taken": 0.03820013999938965,
          "timeout": false
        }
      }
    },
    "treasure_monster_distribution": {
      "score": 0.4714664358659552,
      "detail": {
        "cv_treasure": 1.2247448713915892,
        "uniformity_treasure": 0.3876275643042054,
        "score": 0.4714664358659552,
        "cv_monster": 2.0,
        "uniformity_monster": 0.0,
        "avg_t2m_dist": 16.657755951000034,
        "proximity_score": 0.573438580270065
      }
    },
    "aesthetic_balance": {
      "score": 0.5215498423659635,
      "detail": {
        "symmetry_ratio": 0.2,
        "uniformity_area": 0.8479766099867816,
        "uniformity_spacing": 0.8365147181945303,
        "score": 0.5215498423659635
      }
    }
  },
  "category_scores": {
    "structural": 0.41956385789430484,
    "gameplay": 0.4714664358659552,
    "aesthetic": 0.5215498423659635
  },
  "overall_score": 0.4708600453754078,
  "grade": "D",
  "details": {
    "accessibility": {
      "reachability_ratio": 1.0,
      "avg_path_length": 4.320754716981132,
      "path_variance": 4.4442862228551085,
      "normalized": [
        1.0,
        0.519916142557652,
        0.9451322688536407
      ],
      "score": 0.7891180262485014
    },
    "degree_variance": {
      "raw_variance": 4.8,
      "normalized_variance": 1.0,
      "score": 0.1353352832366127,
      "degrees": [
        4,
        4,
        8,
        2,
        2
      ],
      "max_variance": 4.8,
      "room_count": 5,
      "mean_degree": 4.0
    },
    "door_distribution": {
      "cv": 0.48769740256653266,
      "avg_distance": 2.558541057766367,
      "avg_entropy": 0.7469860119302106,
      "weights": [
        0.3333333333333333,
        0.3333333333333333,
        0.3333333333333333
      ],
      "normalized": [
        0.7561512987167337,
        0.05094714472880244,
        0.5388365075125695
      ],
      "score": 0.44864498365270183,
      "debug": {
        "count": 89
      }
    },
    "dead_end_ratio": {
      "dead_end_ratio": 0.4,
      "dead_end_count": 2,
      "total_rooms": 5,
      "dead_end_rooms": [
        "rect_25",
        "rect_50"
      ],
      "score": 0.6
    },
    "key_path_length": {
      "reason": "Could not identify entrance and exit"
    },
    "loop_ratio": {
      "total_rooms": 53,
      "total_edges": 89,
      "connected_components": 1,
      "cyclomatic_number": 37,
      "loop_ratio": 0.6981132075471698,
      "sigmoid_loop_ratio": 0.4250963060034575,
      "algorithm": "Cyclomatic formula + Sigmoid normalization",
      "note": "Direct calculation using E - V + C formula, then sigmoid mapping to [0,1]",
      "score_breakdown": {
        "raw_loop_ratio": 0.6981132075471698,
        "sigmoid_loop_ratio": 0.4250963060034575,
        "final_score": 0.4250963060034575
      }
    },
    "path_diversity": {
      "avg_path_diversity": 0.4244269807230923,
      "std_path_diversity": 0.1956513475846618,
      "max_path_diversity": 0.7877959817954943,
      "min_path_diversity": 0.0,
      "total_pairs_analyzed": 59,
      "rounds_completed": 12,
      "detailed_analysis": {
        "round_0": {
          "pairs_analyzed": 6,
          "avg_diversity": 0.5129530877442244
        },
        "round_1": {
          "pairs_analyzed": 6,
          "avg_diversity": 0.3680104684345522
        },