{
  "scores": {
    "accessibility": {
      "score": 0.7762935230698201,
      "detail": {
        "reachability_ratio": 1.0,
        "avg_path_length": 12.644295302013424,
        "path_variance": 33.39696410071618,
        "normalized": [
          1.0,
          0.49422818791946305,
          0.9465648574388541
        ],
        "score": 0.7762935230698201
      }
    },
    "degree_variance": {
      "score": 0.1353352832366127,
      "detail": {
        "raw_variance": 7.805555555555556,
        "normalized_variance": 1.0,
        "score": 0.1353352832366127,
        "degrees": [
          4,
          8,
          5,
          4,
          3,
          11
        ],
        "max_variance": 7.805555555555556,
        "room_count": 6,
        "mean_degree": 5.833333333333333
      }
    },
    "door_distribution": {
      "score": 0.4852838513153612,
      "detail": {
        "cv": 0.391456736792759,
        "avg_distance": 2.0281430414509556,
        "avg_entropy": 0.8649530086929986,
        "weights": [
          0.3333333333333333,
          0.3333333333333333,
          0.3333333333333333
        ],
        "normalized": [
          0.8042716316036205,
          0.0276482142207744,
          0.6239317081216889
        ],
        "score": 0.4852838513153612,
        "debug": {
          "count": 305
        }
      }
    },
    "dead_end_ratio": {
      "score": 0.5,
      "detail": {
        "dead_end_ratio": 0.5,
        "dead_end_count": 3,
        "total_rooms": 6,
        "dead_end_rooms": [
          "rect_143",
          "rect_142",
          "rect_71"
        ],
        "score": 0.5
      }
    },
    "key_path_length": {
      "score": 0.0,
      "detail": {
        "reason": "Could not identify entrance and exit"
      }
    },
    "loop_ratio": {
      "score": 0.513419595165274,
      "detail": {
        "total_rooms": 149,
        "total_edges": 305,
        "connected_components": 1,
        "cyclomatic_number": 157,
        "loop_ratio": 1.0536912751677852,
        "sigmoid_loop_ratio": 0.513419595165274,
        "algorithm": "Cyclomatic formula + Sigmoid normalization",
        "note": "Direct calculation using E - V + C formula, then sigmoid mapping to [0,1]",
        "score_breakdown": {
          "raw_loop_ratio": 1.0536912751677852,
          "sigmoid_loop_ratio": 0.513419595165274,
          "final_score": 0.513419595165274
        }
      }
    },
    "path_diversity": {
      "score": 0.4900056254258828,
      "detail": {
        "avg_path_diversity": 0.4355948274996407,
        "std_path_diversity": 0.2035685525533179,
        "max_path_diversity": 0.8889588300563864,
        "min_path_diversity": 0.0,
        "total_pairs_analyzed": 209,
        "rounds_completed": 25,
        "detailed_analysis": {
          "round_0": {
            "pairs_analyzed": 9,
            "avg_diversity": 0.4657709404510848
          },
          "round_1": {
            "pairs_analyzed": 11,
            "avg_diversity": 0.4612890474016523
          },
          "round_2": {
            "pairs_analyzed": 7,
            "avg_diversity": 0.41084248634939885
          },
          "round_3": {
            "pairs_analyzed": 4,
            "avg_diversity": 0.4207582518563413
          },
          "round_4": {
            "pairs_analyzed": 7,
            "avg_diversity": 0.5483443867600902
          },
          "round_5": {
            "pairs_analyzed": 9,
            "avg_diversity": 0.32315919394789333
          },
          "round_6": {
            "pairs_analyzed": 6,
            "avg_diversity": 0.6107217554255582
          },
          "round_7": {
            "pairs_analyzed": 9,
            "avg_diversity": 0.44371724216163194
          },
          "round_8": {
            "pairs_analyzed": 10,
            "avg_diversity": 0.45592219488773045
          },
          "round_9": {
            "pairs_analyzed": 8,
            "avg_diversity": 0.36967262196401096
          },
          "round_10": {
            "pairs_analyzed": 11,
            "avg_diversity": 0.5701282440454457
          },
          "round_11": {
            "pairs_analyzed": 9,
            "avg_diversity": 0.4367125981194469
          },
          "round_12": {
            "pairs_analyzed": 8,
            "avg_diversity": 0.5666171053643154
          },
          "round_13": {
            "pairs_analyzed": 11,
            "avg_diversity": 0.4398943715387134
          },
          "round_14": {
            "pairs_analyzed": 9,
            "avg_diversity": 0.35717013738010056
          },
          "round_15": {
            "pairs_analyzed": 8,
            "avg_diversity": 0.4196341737913285
          },
          "round_16": {
            "pairs_analyzed": 7,
            "avg_diversity": 0.5747633108413727
          },
          "round_17": {
            "pairs_analyzed": 8,
            "avg_diversity": 0.38393913397180246
          },
          "round_18": {
            "pairs_analyzed": 9,
            "avg_diversity": 0.3704709776769594
          },
          "round_19": {
            "pairs_analyzed": 8,
            "avg_diversity": 0.44649977126360973
          },
          "round_20": {
            "pairs_analyzed": 8,
            "avg_diversity": 0.2779080200041125
          },
          "round_21": {
            "pairs_analyzed": 8,
            "avg_diversity": 0.380110843028299
          },
          "round_22": {
            "pairs_analyzed": 9,
            "avg_diversity": 0.31626098172345996
          },
          "round_23": {
            "pairs_analyzed": 7,
            "avg_diversity": 0.44150776330295366
          },
          "round_24": {
            "pairs_analyzed": 9,
            "avg_diversity": 0.43840972630035946
          }
        },
        "adaptive_params": {
          "num_walks": 149,
          "max_walk_length": 27,
          "graph_diameter": 27,
          "avg_degree": 4.093959731543624,
          "total_nodes": 149,
          "total_edges": 305
        },
        "algorithm": "Adaptive_random_walk_sampling",
        "sampling_strategy": "Multi-round (25 rounds, 12 pairs/round)",
        "normalization": "Robust_with_predefined_bounds",
        "fusion_method": "Geometric_mean_of_normalized_metrics",
        "performance": {
          "time_taken": 0.7236628532409668,
          "timeout": false
        }
      }
    },
    "treasure_monster_distribution": {
      "score": 0.0,
      "detail": {
        "cv_treasure": 2.23606797749979,
        "uniformity_treasure": 0.0,
        "score": 0.0,
        "cv_monster": 0.0,
        "uniformity_monster": 0.0,
        "avg_t2m_dist": 0.0,
        "proximity_score": 0.0,
        "note": "Only treasure distribution evaluated (no monsters found)"
      }
    },
    "aesthetic_balance": {
      "score": 0.8615020833747815,
      "detail": {
        "symmetry_ratio": 0.0,
        "uniformity_area": 0.8374572729544838,
        "uniformity_spacing": 0.8862372608464135,
        "score": 0.8615020833747815
      }
    }
  },
  "category_scores": {
    "structural": 0.41433398260185017,
    "gameplay": 0.0,
    "aesthetic": 0.8615020833747815
  },
  "overall_score": 0.4252786886588772,
  "grade": "D",
  "details": {
    "accessibility": {
      "reachability_ratio": 1.0,
      "avg_path_length": 12.644295302013424,
      "path_variance": 33.39696410071618,
      "normalized": [
        1.0,
        0.49422818791946305,
        0.9465648574388541
      ],
      "score": 0.7762935230698201
    },
    "degree_variance": {
      "raw_variance": 7.805555555555556,
      "normalized_variance": 1.0,
      "score": 0.1353352832366127,
      "degrees": [
        4,
        8,
        5,
        4,
        3,
        11
      ],
      "max_variance": 7.805555555555556,
      "room_count": 6,
      "mean_degree": 5.833333333333333
    },
    "door_distribution": {
      "cv": 0.391456736792759,
      "avg_distance": 2.0281430414509556,
      "avg_entropy": 0.8649530086929986,