{
  "scores": {
    "accessibility": {
      "score": 0.812788815302801,
      "detail": {
        "reachability_ratio": 1.0,
        "avg_path_length": 3.880952380952381,
        "path_variance": 4.53344671201814,
        "normalized": [
          1.0,
          0.5687830687830687,
          0.9440315220738501
        ],
        "score": 0.812788815302801
      }
    },
    "degree_variance": {
      "score": 0.3262797946230395,
      "detail": {
        "raw_variance": 2.2399999999999998,
        "normalized_variance": 0.5599999999999999,
        "score": 0.3262797946230395,
        "degrees": [
          4,
          6,
          2,
          4,
          6
        ],
        "max_variance": 4.0,
        "room_count": 5,
        "mean_degree": 4.4
      }
    },
    "door_distribution": {
      "score": 0.45586009734746813,
      "detail": {
        "cv": 0.49920183995311224,
        "avg_distance": 2.2869994877676376,
        "avg_entropy": 0.7787000177812947,
        "weights": [
          0.3333333333333333,
          0.3333333333333333,
          0.3333333333333333
        ],
        "normalized": [
          0.7503990800234439,
          0.05546788502234973,
          0.5617133269966108
        ],
        "score": 0.45586009734746813,
        "debug": {
          "count": 73
        }
      }
    },
    "dead_end_ratio": {
      "score": 0.6,
      "detail": {
        "dead_end_ratio": 0.4,
        "dead_end_count": 2,
        "total_rooms": 5,
        "dead_end_rooms": [
          "rect_40",
          "rect_20"
        ],
        "score": 0.6
      }
    },
    "key_path_length": {
      "score": 0.0,
      "detail": {
        "reason": "Could not identify entrance and exit"
      }
    },
    "loop_ratio": {
      "score": 0.44075580261520725,
      "detail": {
        "total_rooms": 42,
        "total_edges": 73,
        "connected_components": 1,
        "cyclomatic_number": 32,
        "loop_ratio": 0.7619047619047619,
        "sigmoid_loop_ratio": 0.44075580261520725,
        "algorithm": "Cyclomatic formula + Sigmoid normalization",
        "note": "Direct calculation using E - V + C formula, then sigmoid mapping to [0,1]",
        "score_breakdown": {
          "raw_loop_ratio": 0.7619047619047619,
          "sigmoid_loop_ratio": 0.44075580261520725,
          "final_score": 0.44075580261520725
        }
      }
    },
    "path_diversity": {
      "score": 0.505549726131923,
      "detail": {
        "avg_path_diversity": 0.4038128537917149,
        "std_path_diversity": 0.21833821369600065,
        "max_path_diversity": 0.7987599100910997,
        "min_path_diversity": 0.0,
        "total_pairs_analyzed": 59,
        "rounds_completed": 10,
        "detailed_analysis": {
          "round_0": {
            "pairs_analyzed": 5,
            "avg_diversity": 0.3377218388433165
          },
          "round_1": {
            "pairs_analyzed": 7,
            "avg_diversity": 0.2470033365536472
          },
          "round_2": {
            "pairs_analyzed": 5,
            "avg_diversity": 0.375800839370878
          },
          "round_3": {
            "pairs_analyzed": 7,
            "avg_diversity": 0.5183073933400006
          },
          "round_4": {
            "pairs_analyzed": 7,
            "avg_diversity": 0.602042150605545
          },
          "round_5": {
            "pairs_analyzed": 7,
            "avg_diversity": 0.43525926978562923
          },
          "round_6": {
            "pairs_analyzed": 7,
            "avg_diversity": 0.36290806498082756
          },
          "round_7": {
            "pairs_analyzed": 4,
            "avg_diversity": 0.2619364070269404
          },
          "round_8": {
            "pairs_analyzed": 6,
            "avg_diversity": 0.3907515851624636
          },
          "round_9": {
            "pairs_analyzed": 4,
            "avg_diversity": 0.4266120841745293
          }
        },
        "adaptive_params": {
          "num_walks": 42,
          "max_walk_length": 10,
          "graph_diameter": 10,
          "avg_degree": 3.4761904761904763,
          "total_nodes": 42,
          "total_edges": 73
        },
        "algorithm": "Adaptive_random_walk_sampling",
        "sampling_strategy": "Multi-round (10 rounds, 7 pairs/round)",
        "normalization": "Robust_with_predefined_bounds",
        "fusion_method": "Geometric_mean_of_normalized_metrics",
        "performance": {
          "time_taken": 0.019253015518188477,
          "timeout": false
        }
      }
    },
    "treasure_monster_distribution": {
      "score": 0.39884599426281675,
      "detail": {
        "cv_treasure": 2.0,
        "uniformity_treasure": 0.0,
        "score": 0.39884599426281675,
        "cv_monster": 2.0,
        "uniformity_monster": 0.0,
        "avg_t2m_dist": 13.509256086106296,
        "proximity_score": 0.39884599426281675
      }
    },
    "aesthetic_balance": {
      "score": 0.8369078167513979,
      "detail": {
        "symmetry_ratio": 0.0,
        "uniformity_area": 0.8035714285714286,
        "uniformity_spacing": 0.8716271744314916,
        "score": 0.8369078167513979
      }
    }
  },
  "category_scores": {
    "structural": 0.4487477480029199,
    "gameplay": 0.39884599426281675,
    "aesthetic": 0.8369078167513979
  },
  "overall_score": 0.5615005196723781,
  "grade": "C",
  "details": {
    "accessibility": {
      "reachability_ratio": 1.0,
      "avg_path_length": 3.880952380952381,
      "path_variance": 4.53344671201814,
      "normalized": [
        1.0,
        0.5687830687830687,
        0.9440315220738501
      ],
      "score": 0.812788815302801
    },
    "degree_variance": {
      "raw_variance": 2.2399999999999998,
      "normalized_variance": 0.5599999999999999,
      "score": 0.3262797946230395,
      "degrees": [
        4,
        6,
        2,
        4,
        6
      ],
      "max_variance": 4.0,
      "room_count": 5,
      "mean_degree": 4.4
    },
    "door_distribution": {
      "cv": 0.49920183995311224,
      "avg_distance": 2.2869994877676376,
      "avg_entropy": 0.7787000177812947,
      "weights": [
        0.3333333333333333,
        0.3333333333333333,
        0.3333333333333333
      ],
      "normalized": [
        0.7503990800234439,
        0.05546788502234973,
        0.5617133269966108
      ],
      "score": 0.45586009734746813,
      "debug": {
        "count": 73
      }
    },
    "dead_end_ratio": {
      "dead_end_ratio": 0.4,
      "dead_end_count": 2,
      "total_rooms": 5,
      "dead_end_rooms": [
        "rect_40",
        "rect_20"
      ],
      "score": 0.6
    },
    "key_path_length": {
      "reason": "Could not identify entrance and exit"
    },
    "loop_ratio": {
      "total_rooms": 42,
      "total_edges": 73,
      "connected_components": 1,
      "cyclomatic_number": 32,
      "loop_ratio": 0.7619047619047619,
      "sigmoid_loop_ratio": 0.44075580261520725,
      "algorithm": "Cyclomatic formula + Sigmoid normalization",
      "note": "Direct calculation using E - V + C formula, then sigmoid mapping to [0,1]",
      "score_breakdown": {
        "raw_loop_ratio": 0.7619047619047619,
        "sigmoid_loop_ratio": 0.44075580261520725,
        "final_score": 0.44075580261520725
      }
    },
    "path_diversity": {
      "avg_path_diversity": 0.4038128537917149,
      "std_path_diversity": 0.21833821369600065,
      "max_path_diversity": 0.7987599100910997,
      "min_path_diversity": 0.0,
      "total_pairs_analyzed": 59,
      "rounds_completed": 10,
      "detailed_analysis": {
        "round_0": {
          "pairs_analyzed": 5,
          "avg_diversity": 0.3377218388433165
        },
        "round_1": {
          "pairs_analyzed": 7,
          "avg_diversity": 0.2470033365536472
        },
        "round_2": {
          "pairs_analyzed": 5,
          "avg_diversity": 0.375800839370878
        },
        "round_3": {
          "pairs_analyzed": 7,
          "avg_diversity": 0.5183073933400006
        },