{
  "scores": {
    "accessibility": {
      "score": 0.7670156990885199,
      "detail": {
        "reachability_ratio": 1.0,
        "avg_path_length": 2.066666666666667,
        "path_variance": 1.0622222222222222,
        "normalized": [
          1.0,
          0.4833333333333333,
          0.9336111111111112
        ],
        "score": 0.7670156990885199
      }
    },
    "degree_variance": {
      "score": 0.1353352832366127,
      "detail": {
        "raw_variance": 6.75,
        "normalized_variance": 1.0,
        "score": 0.1353352832366127,
        "degrees": [
          8,
          2,
          2,
          2
        ],
        "max_variance": 6.75,
        "room_count": 4,
        "mean_degree": 3.5
      }
    },
    "door_distribution": {
      "score": 0.4406930148749977,
      "detail": {
        "cv": 0.5986805219371503,
        "avg_distance": 2.543658515096241,
        "avg_entropy": 0.7472433310467012,
        "weights": [
          0.3333333333333333,
          0.3333333333333333,
          0.3333333333333333
        ],
        "normalized": [
          0.7006597390314249,
          0.08239718157435535,
          0.5390221240192129
        ],
        "score": 0.4406930148749977,
        "debug": {
          "count": 56
        }
      }
    },
    "dead_end_ratio": {
      "score": 0.75,
      "detail": {
        "dead_end_ratio": 0.25,
        "dead_end_count": 1,
        "total_rooms": 4,
        "dead_end_rooms": [
          "rect_14"
        ],
        "score": 0.75
      }
    },
    "key_path_length": {
      "score": 0.0,
      "detail": {
        "reason": "Could not identify entrance and exit"
      }
    },
    "loop_ratio": {
      "score": 0.47502081252106,
      "detail": {
        "total_rooms": 30,
        "total_edges": 56,
        "connected_components": 1,
        "cyclomatic_number": 27,
        "loop_ratio": 0.9,
        "sigmoid_loop_ratio": 0.47502081252106,
        "algorithm": "Cyclomatic formula + Sigmoid normalization",
        "note": "Direct calculation using E - V + C formula, then sigmoid mapping to [0,1]",
        "score_breakdown": {
          "raw_loop_ratio": 0.9,
          "sigmoid_loop_ratio": 0.47502081252106,
          "final_score": 0.47502081252106
        }
      }
    },
    "path_diversity": {
      "score": 0.4480927395413617,
      "detail": {
        "avg_path_diversity": 0.24619818798234602,
        "std_path_diversity": 0.18256651387023676,
        "max_path_diversity": 0.5494357891947509,
        "min_path_diversity": 0.0,
        "total_pairs_analyzed": 32,
        "rounds_completed": 5,
        "detailed_analysis": {
          "round_0": {
            "pairs_analyzed": 5,
            "avg_diversity": 0.35751245870299486
          },
          "round_1": {
            "pairs_analyzed": 7,
            "avg_diversity": 0.2318727050799541
          },
          "round_2": {
            "pairs_analyzed": 7,
            "avg_diversity": 0.2701901851119872
          },
          "round_3": {
            "pairs_analyzed": 8,
            "avg_diversity": 0.21291408568980247
          },
          "round_4": {
            "pairs_analyzed": 5,
            "avg_diversity": 0.1746053610116179
          }
        },
        "adaptive_params": {
          "num_walks": 30,
          "max_walk_length": 4,
          "graph_diameter": 4,
          "avg_degree": 3.7333333333333334,
          "total_nodes": 30,
          "total_edges": 56
        },
        "algorithm": "Adaptive_random_walk_sampling",
        "sampling_strategy": "Multi-round (5 rounds, 11 pairs/round)",
        "normalization": "Robust_with_predefined_bounds",
        "fusion_method": "Geometric_mean_of_normalized_metrics",
        "performance": {
          "time_taken": 0.005517721176147461,
          "timeout": false
        }
      }
    },
    "treasure_monster_distribution": {
      "score": 0.42264973081037416,
      "detail": {
        "cv_treasure": 1.0,
        "uniformity_treasure": 0.42264973081037416,
        "score": 0.42264973081037416,
        "cv_monster": 0.0,
        "uniformity_monster": 0.0,
        "avg_t2m_dist": 0.0,
        "proximity_score": 0.0,
        "note": "Only treasure distribution evaluated (no monsters found)"
      }
    },
    "aesthetic_balance": {
      "score": 0.5344758133425329,
      "detail": {
        "symmetry_ratio": 0.25,
        "uniformity_area": 0.7537438472916258,
        "uniformity_spacing": 0.8102525038711007,
        "score": 0.5344758133425329
      }
    }
  },
  "category_scores": {
    "structural": 0.43087964989465033,
    "gameplay": 0.42264973081037416,
    "aesthetic": 0.5344758133425329
  },
  "overall_score": 0.46266839801585247,
  "grade": "D",
  "details": {
    "accessibility": {
      "reachability_ratio": 1.0,
      "avg_path_length": 2.066666666666667,
      "path_variance": 1.0622222222222222,
      "normalized": [
        1.0,
        0.4833333333333333,
        0.9336111111111112
      ],
      "score": 0.7670156990885199
    },
    "degree_variance": {
      "raw_variance": 6.75,
      "normalized_variance": 1.0,
      "score": 0.1353352832366127,
      "degrees": [
        8,
        2,
        2,
        2
      ],
      "max_variance": 6.75,
      "room_count": 4,
      "mean_degree": 3.5
    },
    "door_distribution": {
      "cv": 0.5986805219371503,
      "avg_distance": 2.543658515096241,
      "avg_entropy": 0.7472433310467012,
      "weights": [
        0.3333333333333333,
        0.3333333333333333,
        0.3333333333333333
      ],
      "normalized": [
        0.7006597390314249,
        0.08239718157435535,
        0.5390221240192129
      ],
      "score": 0.4406930148749977,
      "debug": {
        "count": 56
      }
    },
    "dead_end_ratio": {
      "dead_end_ratio": 0.25,
      "dead_end_count": 1,
      "total_rooms": 4,
      "dead_end_rooms": [
        "rect_14"
      ],
      "score": 0.75
    },
    "key_path_length": {
      "reason": "Could not identify entrance and exit"
    },
    "loop_ratio": {
      "total_rooms": 30,
      "total_edges": 56,
      "connected_components": 1,
      "cyclomatic_number": 27,
      "loop_ratio": 0.9,
      "sigmoid_loop_ratio": 0.47502081252106,
      "algorithm": "Cyclomatic formula + Sigmoid normalization",
      "note": "Direct calculation using E - V + C formula, then sigmoid mapping to [0,1]",
      "score_breakdown": {
        "raw_loop_ratio": 0.9,
        "sigmoid_loop_ratio": 0.47502081252106,
        "final_score": 0.47502081252106
      }
    },
    "path_diversity": {
      "avg_path_diversity": 0.24619818798234602,
      "std_path_diversity": 0.18256651387023676,
      "max_path_diversity": 0.5494357891947509,
      "min_path_diversity": 0.0,
      "total_pairs_analyzed": 32,
      "rounds_completed": 5,
      "detailed_analysis": {
        "round_0": {
          "pairs_analyzed": 5,
          "avg_diversity": 0.35751245870299486
        },
        "round_1": {
          "pairs_analyzed": 7,
          "avg_diversity": 0.2318727050799541
        },
        "round_2": {
          "pairs_analyzed": 7,
          "avg_diversity": 0.2701901851119872
        },
        "round_3": {
          "pairs_analyzed": 8,
          "avg_diversity": 0.21291408568980247
        },
        "round_4": {
          "pairs_analyzed": 5,
          "avg_diversity": 0.1746053610116179
        }
      },
      "adaptive_params": {
        "num_walks": 30,
        "max_walk_length": 4,
        "graph_diameter": 4,
        "avg_degree": 3.7333333333333334,
        "total_nodes": 30,
        "total_edges": 56
      },
      "algorithm": "Adaptive_random_walk_sampling",
      "sampling_strategy": "Multi-round (5 rounds, 11 pairs/round)",
      "normalization": "Robust_with_predefined_bounds",
      "fusion_method": "Geometric_mean_of_normalized_metrics",
      "performance": {
        "time_taken": 0.005517721176147461,
        "timeout": false
      }
    },