{
  "scores": {
    "accessibility": {
      "score": 0.7671598565442489,
      "detail": {
        "reachability_ratio": 1.0,
        "avg_path_length": 2.0588235294117645,
        "path_variance": 1.1141868512110726,
        "normalized": [
          1.0,
          0.4852941176470589,
          0.9303633217993079
        ],
        "score": 0.7671598565442489
      }
    },
    "degree_variance": {
      "score": 0.7777777777777778,
      "detail": {
        "raw_variance": 0.22222222222222224,
        "normalized_variance": 0.22222222222222224,
        "score": 0.7777777777777778,
        "degrees": [
          4,
          4,
          3
        ]
      }
    },
    "door_distribution": {
      "score": 0.44355151894950434,
      "detail": {
        "cv": 0.531581484978049,
        "avg_distance": 2.827476199965119,
        "avg_entropy": 0.6812742202353532,
        "weights": [
          0.3333333333333333,
          0.3333333333333333,
          0.3333333333333333
        ],
        "normalized": [
          0.7342092575109755,
          0.10500982982801767,
          0.49143546950951983
        ],
        "score": 0.44355151894950434,
        "debug": {
          "count": 27
        }
      }
    },
    "dead_end_ratio": {
      "score": 0.6666666666666667,
      "detail": {
        "dead_end_ratio": 0.3333333333333333,
        "dead_end_count": 1,
        "total_rooms": 3,
        "dead_end_rooms": [
          "rect_8"
        ],
        "score": 0.6666666666666667
      }
    },
    "key_path_length": {
      "score": 0.5,
      "detail": {
        "raw_length": 2,
        "diameter": 4,
        "normalized_length": 0.5,
        "branch_factor": 0.0,
        "score": 0.5,
        "path": [
          "rect_1",
          "rect_0",
          "rect_4"
        ]
      }
    },
    "loop_ratio": {
      "score": 0.41266937561800915,
      "detail": {
        "total_rooms": 17,
        "total_edges": 27,
        "connected_components": 1,
        "cyclomatic_number": 11,
        "loop_ratio": 0.6470588235294118,
        "sigmoid_loop_ratio": 0.41266937561800915,
        "algorithm": "Cyclomatic formula + Sigmoid normalization",
        "note": "Direct calculation using E - V + C formula, then sigmoid mapping to [0,1]",
        "score_breakdown": {
          "raw_loop_ratio": 0.6470588235294118,
          "sigmoid_loop_ratio": 0.41266937561800915,
          "final_score": 0.41266937561800915
        }
      }
    },
    "path_diversity": {
      "score": 0.6128993221894182,
      "detail": {
        "avg_path_diversity": 0.4081207689329285,
        "std_path_diversity": 0.17482980481119442,
        "max_path_diversity": 0.6658854956390335,
        "min_path_diversity": 0.0,
        "total_pairs_analyzed": 17,
        "rounds_completed": 6,
        "detailed_analysis": {
          "round_0": {
            "pairs_analyzed": 4,
            "avg_diversity": 0.42125619463153363
          },
          "round_1": {
            "pairs_analyzed": 3,
            "avg_diversity": 0.29343520356896285
          },
          "round_2": {
            "pairs_analyzed": 3,
            "avg_diversity": 0.3892553851995761
          },
          "round_3": {
            "pairs_analyzed": 2,
            "avg_diversity": 0.5223812028299578
          },
          "round_4": {
            "pairs_analyzed": 3,
            "avg_diversity": 0.39686663414336976
          },
          "round_5": {
            "pairs_analyzed": 2,
            "avg_diversity": 0.4847971094690044
          }
        },
        "adaptive_params": {
          "num_walks": 17,
          "max_walk_length": 6,
          "graph_diameter": 6,
          "avg_degree": 3.176470588235294,
          "total_nodes": 17,
          "total_edges": 27
        },
        "algorithm": "Adaptive_random_walk_sampling",
        "sampling_strategy": "Multi-round (6 rounds, 4 pairs/round)",
        "normalization": "Robust_with_predefined_bounds",
        "fusion_method": "Geometric_mean_of_normalized_metrics",
        "performance": {
          "time_taken": 0.0021131038665771484,
          "timeout": false
        }
      }
    },
    "treasure_monster_distribution": {
      "score": 0.0,
      "detail": {
        "reason": "No treasures found"
      }
    },
    "aesthetic_balance": {
      "score": 0.8429272304235246,
      "detail": {
        "symmetry_ratio": 0.0,
        "uniformity_area": 0.7105263157894737,
        "uniformity_spacing": 1.0,
        "score": 0.8429272304235246
      }
    }
  },
  "category_scores": {
    "structural": 0.5972463596779465,
    "gameplay": 0.0,
    "aesthetic": 0.8429272304235246
  },
  "overall_score": 0.48005786336715695,
  "grade": "D",
  "details": {
    "accessibility": {
      "reachability_ratio": 1.0,
      "avg_path_length": 2.0588235294117645,
      "path_variance": 1.1141868512110726,
      "normalized": [
        1.0,
        0.4852941176470589,
        0.9303633217993079
      ],
      "score": 0.7671598565442489
    },
    "degree_variance": {
      "raw_variance": 0.22222222222222224,
      "normalized_variance": 0.22222222222222224,
      "score": 0.7777777777777778,
      "degrees": [
        4,
        4,
        3
      ]
    },
    "door_distribution": {
      "cv": 0.531581484978049,
      "avg_distance": 2.827476199965119,
      "avg_entropy": 0.6812742202353532,
      "weights": [
        0.3333333333333333,
        0.3333333333333333,
        0.3333333333333333
      ],
      "normalized": [
        0.7342092575109755,
        0.10500982982801767,
        0.49143546950951983
      ],
      "score": 0.44355151894950434,
      "debug": {
        "count": 27
      }
    },
    "dead_end_ratio": {
      "dead_end_ratio": 0.3333333333333333,
      "dead_end_count": 1,
      "total_rooms": 3,
      "dead_end_rooms": [
        "rect_8"
      ],
      "score": 0.6666666666666667
    },
    "key_path_length": {
      "raw_length": 2,
      "diameter": 4,
      "normalized_length": 0.5,
      "branch_factor": 0.0,
      "score": 0.5,
      "path": [
        "rect_1",
        "rect_0",
        "rect_4"
      ]
    },
    "loop_ratio": {
      "total_rooms": 17,
      "total_edges": 27,
      "connected_components": 1,
      "cyclomatic_number": 11,
      "loop_ratio": 0.6470588235294118,
      "sigmoid_loop_ratio": 0.41266937561800915,
      "algorithm": "Cyclomatic formula + Sigmoid normalization",
      "note": "Direct calculation using E - V + C formula, then sigmoid mapping to [0,1]",
      "score_breakdown": {
        "raw_loop_ratio": 0.6470588235294118,
        "sigmoid_loop_ratio": 0.41266937561800915,
        "final_score": 0.41266937561800915
      }
    },
    "path_diversity": {
      "avg_path_diversity": 0.4081207689329285,
      "std_path_diversity": 0.17482980481119442,
      "max_path_diversity": 0.6658854956390335,
      "min_path_diversity": 0.0,
      "total_pairs_analyzed": 17,
      "rounds_completed": 6,
      "detailed_analysis": {
        "round_0": {
          "pairs_analyzed": 4,
          "avg_diversity": 0.42125619463153363
        },
        "round_1": {
          "pairs_analyzed": 3,
          "avg_diversity": 0.29343520356896285
        },
        "round_2": {
          "pairs_analyzed": 3,
          "avg_diversity": 0.3892553851995761
        },
        "round_3": {
          "pairs_analyzed": 2,
          "avg_diversity": 0.5223812028299578
        },
        "round_4": {
          "pairs_analyzed": 3,
          "avg_diversity": 0.39686663414336976
        },
        "round_5": {
          "pairs_analyzed": 2,
          "avg_diversity": 0.4847971094690044
        }
      },
      "adaptive_params": {
        "num_walks": 17,
        "max_walk_length": 6,
        "graph_diameter": 6,
        "avg_degree": 3.176470588235294,
        "total_nodes": 17,
        "total_edges": 27
      },
      "algorithm": "Adaptive_random_walk_sampling",
      "sampling_strategy": "Multi-round (6 rounds, 4 pairs/round)",