{
  "scores": {
    "accessibility": {
      "score": 0.7629116041593336,
      "detail": {
        "reachability_ratio": 1.0,
        "avg_path_length": 4.518518518518518,
        "path_variance": 8.768175582990397,
        "normalized": [
          1.0,
          0.4979423868312758,
          0.8917509187285136
        ],
        "score": 0.7629116041593336
      }
    },
    "degree_variance": {
      "score": 0.0,
      "detail": {
        "raw_variance": 1.5555555555555554,
        "normalized_variance": 1.0,
        "score": 0.0,
        "degrees": [
          4,
          7,
          5
        ]
      }
    },
    "door_distribution": {
      "score": 0.46997026054371016,
      "detail": {
        "cv": 0.385275875185561,
        "avg_distance": 2.1393830498082216,
        "avg_entropy": 0.7415225973810841,
        "weights": [
          0.3333333333333333,
          0.3333333333333333,
          0.3333333333333333
        ],
        "normalized": [
          0.8073620624072195,
          0.06765323224951435,
          0.5348954869743967
        ],
        "score": 0.46997026054371016,
        "debug": {
          "count": 48
        }
      }
    },
    "dead_end_ratio": {
      "score": 0.6666666666666667,
      "detail": {
        "dead_end_ratio": 0.3333333333333333,
        "dead_end_count": 1,
        "total_rooms": 3,
        "dead_end_rooms": [
          "rect_13"
        ],
        "score": 0.6666666666666667
      }
    },
    "key_path_length": {
      "score": 0.8888888888888888,
      "detail": {
        "raw_length": 8,
        "diameter": 9,
        "normalized_length": 0.8888888888888888,
        "branch_factor": 0.0,
        "score": 0.8888888888888888,
        "path": [
          "rect_1",
          "rect_0",
          "rect_2",
          "rect_4",
          "rect_6",
          "rect_7",
          "rect_8",
          "rect_9",
          "rect_11"
        ]
      }
    },
    "loop_ratio": {
      "score": 0.8148148148148148,
      "detail": {
        "total_rooms": 27,
        "total_edges": 48,
        "connected_components": 1,
        "cyclomatic_number": 22,
        "loop_ratio": 0.8148148148148148,
        "algorithm": "Cyclomatic formula",
        "note": "Direct calculation using E - V + C formula",
        "score_breakdown": {
          "loop_ratio": 0.8148148148148148,
          "final_score": 0.8148148148148148
        }
      }
    },
    "path_diversity": {
      "score": 0.4620938123154175,
      "detail": {
        "avg_path_diversity": 0.3111973518613057,
        "std_path_diversity": 0.22418972201449203,
        "max_path_diversity": 0.6734505928611907,
        "min_path_diversity": 0.0,
        "total_pairs_analyzed": 30,
        "rounds_completed": 9,
        "detailed_analysis": {
          "round_0": {
            "pairs_analyzed": 3,
            "avg_diversity": 0.28803573179032566
          },
          "round_1": {
            "pairs_analyzed": 5,
            "avg_diversity": 0.3491608310156023
          },
          "round_2": {
            "pairs_analyzed": 4,
            "avg_diversity": 0.34588856500820103
          },
          "round_3": {
            "pairs_analyzed": 4,
            "avg_diversity": 0.29929742949263305
          },
          "round_4": {
            "pairs_analyzed": 3,
            "avg_diversity": 0.4383029588023187
          },
          "round_5": {
            "pairs_analyzed": 2,
            "avg_diversity": 0.2032251759762889
          },
          "round_6": {
            "pairs_analyzed": 5,
            "avg_diversity": 0.2730238188752683
          },
          "round_7": {
            "pairs_analyzed": 3,
            "avg_diversity": 0.12844543726326008
          },
          "round_8": {
            "pairs_analyzed": 1,
            "avg_diversity": 0.6734505928611907
          }
        },
        "adaptive_params": {
          "num_walks": 27,
          "max_walk_length": 7,
          "graph_diameter": 7,
          "avg_degree": 3.5555555555555554,
          "total_nodes": 27,
          "total_edges": 48
        },
        "algorithm": "Adaptive_random_walk_sampling",
        "sampling_strategy": "Multi-round (9 rounds, 5 pairs/round)",
        "normalization": "Robust_with_predefined_bounds",
        "fusion_method": "Geometric_mean_of_normalized_metrics",
        "performance": {
          "time_taken": 0.006537914276123047,
          "timeout": false
        }
      }
    },
    "treasure_monster_distribution": {
      "score": 0.6978541166398908,
      "detail": {
        "cv_treasure": 1.4142135623730951,
        "uniformity_treasure": 0.0,
        "score": 0.6978541166398908,
        "cv_monster": 1.4142135623730951,
        "uniformity_monster": 0.0,
        "avg_t2m_dist": 5.70087712549569,
        "proximity_score": 0.6978541166398908
      }
    },
    "aesthetic_balance": {
      "score": 0.75,
      "detail": {
        "symmetry_ratio": 0.0,
        "uniformity_area": 0.5625,
        "uniformity_spacing": 1.0,
        "score": 0.75
      }
    }
  },
  "category_scores": {
    "structural": 0.5122490265549479,
    "gameplay": 0.5973125049154567,
    "aesthetic": 0.75
  },
  "overall_score": 0.5904434117519601,
  "grade": "C",
  "details": {
    "accessibility": {
      "reachability_ratio": 1.0,
      "avg_path_length": 4.518518518518518,
      "path_variance": 8.768175582990397,
      "normalized": [
        1.0,
        0.4979423868312758,
        0.8917509187285136
      ],
      "score": 0.7629116041593336
    },
    "degree_variance": {
      "raw_variance": 1.5555555555555554,
      "normalized_variance": 1.0,
      "score": 0.0,
      "degrees": [
        4,
        7,
        5
      ]
    },
    "door_distribution": {
      "cv": 0.385275875185561,
      "avg_distance": 2.1393830498082216,
      "avg_entropy": 0.7415225973810841,
      "weights": [
        0.3333333333333333,
        0.3333333333333333,
        0.3333333333333333
      ],
      "normalized": [
        0.8073620624072195,
        0.06765323224951435,
        0.5348954869743967
      ],
      "score": 0.46997026054371016,
      "debug": {
        "count": 48
      }
    },
    "dead_end_ratio": {
      "dead_end_ratio": 0.3333333333333333,
      "dead_end_count": 1,
      "total_rooms": 3,
      "dead_end_rooms": [
        "rect_13"
      ],
      "score": 0.6666666666666667
    },
    "key_path_length": {
      "raw_length": 8,
      "diameter": 9,
      "normalized_length": 0.8888888888888888,
      "branch_factor": 0.0,
      "score": 0.8888888888888888,
      "path": [
        "rect_1",
        "rect_0",
        "rect_2",
        "rect_4",
        "rect_6",
        "rect_7",
        "rect_8",
        "rect_9",
        "rect_11"
      ]
    },
    "loop_ratio": {
      "total_rooms": 27,
      "total_edges": 48,
      "connected_components": 1,
      "cyclomatic_number": 22,
      "loop_ratio": 0.8148148148148148,
      "algorithm": "Cyclomatic formula",
      "note": "Direct calculation using E - V + C formula",
      "score_breakdown": {
        "loop_ratio": 0.8148148148148148,
        "final_score": 0.8148148148148148
      }
    },
    "path_diversity": {
      "avg_path_diversity": 0.3111973518613057,
      "std_path_diversity": 0.22418972201449203,
      "max_path_diversity": 0.6734505928611907,
      "min_path_diversity": 0.0,
      "total_pairs_analyzed": 30,
      "rounds_completed": 9,
      "detailed_analysis": {
        "round_0": {
          "pairs_analyzed": 3,
          "avg_diversity": 0.28803573179032566
        },
        "round_1": {
          "pairs_analyzed": 5,
          "avg_diversity": 0.3491608310156023
        },
        "round_2": {
          "pairs_analyzed": 4,
          "avg_diversity": 0.34588856500820103
        },
        "round_3": {
          "pairs_analyzed": 4,
          "avg_diversity": 0.29929742949263305
        },
        "round_4": {
          "pairs_analyzed": 3,
          "avg_diversity": 0.4383029588023187
        },