{
  "scores": {
    "accessibility": {
      "score": 0.7599412826021789,
      "detail": {
        "reachability_ratio": 1.0,
        "avg_path_length": 5.901234567901234,
        "path_variance": 6.434689833866788,
        "normalized": [
          1.0,
          0.4635241301907969,
          0.9468207451746546
        ],
        "score": 0.7599412826021789
      }
    },
    "degree_variance": {
      "score": 0.45999999999999996,
      "detail": {
        "raw_variance": 2.16,
        "normalized_variance": 0.54,
        "score": 0.45999999999999996,
        "degrees": [
          2,
          6,
          2,
          3,
          3
        ]
      }
    },
    "door_distribution": {
      "score": 0.4617143155502199,
      "detail": {
        "cv": 0.4804376260244404,
        "avg_distance": 2.298065575548193,
        "avg_entropy": 0.8081605703534398,
        "weights": [
          0.3333333333333333,
          0.3333333333333333,
          0.3333333333333333
        ],
        "normalized": [
          0.7597811869877797,
          0.042397136117427986,
          0.582964623545452
        ],
        "score": 0.4617143155502199,
        "debug": {
          "count": 160
        }
      }
    },
    "dead_end_ratio": {
      "score": 0.6,
      "detail": {
        "dead_end_ratio": 0.4,
        "dead_end_count": 2,
        "total_rooms": 5,
        "dead_end_rooms": [
          "rect_38",
          "rect_76"
        ],
        "score": 0.6
      }
    },
    "key_path_length": {
      "score": 0.8181818181818182,
      "detail": {
        "raw_length": 9,
        "diameter": 11,
        "normalized_length": 0.8181818181818182,
        "branch_factor": 0.0,
        "score": 0.8181818181818182,
        "path": [
          "rect_9",
          "rect_5",
          "rect_4",
          "rect_6",
          "rect_10",
          "rect_16",
          "rect_19",
          "rect_36",
          "rect_32",
          "rect_37"
        ]
      }
    },
    "loop_ratio": {
      "score": 0.4969136194479082,
      "detail": {
        "total_rooms": 81,
        "total_edges": 160,
        "connected_components": 1,
        "cyclomatic_number": 80,
        "loop_ratio": 0.9876543209876543,
        "sigmoid_loop_ratio": 0.4969136194479082,
        "algorithm": "Cyclomatic formula + Sigmoid normalization",
        "note": "Direct calculation using E - V + C formula, then sigmoid mapping to [0,1]",
        "score_breakdown": {
          "raw_loop_ratio": 0.9876543209876543,
          "sigmoid_loop_ratio": 0.4969136194479082,
          "final_score": 0.4969136194479082
        }
      }
    },
    "path_diversity": {
      "score": 0.5036077938200201,
      "detail": {
        "avg_path_diversity": 0.40360853165453947,
        "std_path_diversity": 0.2113681021787443,
        "max_path_diversity": 0.8014342442817347,
        "min_path_diversity": 0.0,
        "total_pairs_analyzed": 99,
        "rounds_completed": 11,
        "detailed_analysis": {
          "round_0": {
            "pairs_analyzed": 10,
            "avg_diversity": 0.4061922447684954
          },
          "round_1": {
            "pairs_analyzed": 9,
            "avg_diversity": 0.49973124340594716
          },
          "round_2": {
            "pairs_analyzed": 9,
            "avg_diversity": 0.4323372013195936
          },
          "round_3": {
            "pairs_analyzed": 11,
            "avg_diversity": 0.3474979424441529
          },
          "round_4": {
            "pairs_analyzed": 7,
            "avg_diversity": 0.29029982098976703
          },
          "round_5": {
            "pairs_analyzed": 12,
            "avg_diversity": 0.417402656091691
          },
          "round_6": {
            "pairs_analyzed": 7,
            "avg_diversity": 0.46228534681653255
          },
          "round_7": {
            "pairs_analyzed": 9,
            "avg_diversity": 0.44011352423158057
          },
          "round_8": {
            "pairs_analyzed": 7,
            "avg_diversity": 0.25623486338804985
          },
          "round_9": {
            "pairs_analyzed": 9,
            "avg_diversity": 0.4359564560506979
          },
          "round_10": {
            "pairs_analyzed": 9,
            "avg_diversity": 0.4143363225219622
          }
        },
        "adaptive_params": {
          "num_walks": 81,
          "max_walk_length": 14,
          "graph_diameter": 14,
          "avg_degree": 3.950617283950617,
          "total_nodes": 81,
          "total_edges": 160
        },
        "algorithm": "Adaptive_random_walk_sampling",
        "sampling_strategy": "Multi-round (11 rounds, 14 pairs/round)",
        "normalization": "Robust_with_predefined_bounds",
        "fusion_method": "Geometric_mean_of_normalized_metrics",
        "performance": {
          "time_taken": 0.10032320022583008,
          "timeout": false
        }
      }
    },
    "treasure_monster_distribution": {
      "score": 0.3876275643042054,
      "detail": {
        "cv_treasure": 1.2247448713915892,
        "uniformity_treasure": 0.3876275643042054,
        "score": 0.3876275643042054,
        "cv_monster": 0.0,
        "uniformity_monster": 0.0,
        "avg_t2m_dist": 0.0,
        "proximity_score": 0.0,
        "note": "Only treasure distribution evaluated (no monsters found)"
      }
    },
    "aesthetic_balance": {
      "score": 0.8346434409572837,
      "detail": {
        "symmetry_ratio": 0.0,
        "uniformity_area": 0.7860425795215839,
        "uniformity_spacing": 0.8862492843034161,
        "score": 0.8346434409572837
      }
    }
  },
  "category_scores": {
    "structural": 0.5857655470860207,
    "gameplay": 0.3876275643042054,
    "aesthetic": 0.8346434409572837
  },
  "overall_score": 0.6026788507825033,
  "grade": "C",
  "details": {
    "accessibility": {
      "reachability_ratio": 1.0,
      "avg_path_length": 5.901234567901234,
      "path_variance": 6.434689833866788,
      "normalized": [
        1.0,
        0.4635241301907969,
        0.9468207451746546
      ],
      "score": 0.7599412826021789
    },
    "degree_variance": {
      "raw_variance": 2.16,
      "normalized_variance": 0.54,
      "score": 0.45999999999999996,
      "degrees": [
        2,
        6,
        2,
        3,
        3
      ]
    },
    "door_distribution": {
      "cv": 0.4804376260244404,
      "avg_distance": 2.298065575548193,
      "avg_entropy": 0.8081605703534398,
      "weights": [
        0.3333333333333333,
        0.3333333333333333,
        0.3333333333333333
      ],
      "normalized": [
        0.7597811869877797,
        0.042397136117427986,
        0.582964623545452
      ],
      "score": 0.4617143155502199,
      "debug": {
        "count": 160
      }
    },
    "dead_end_ratio": {
      "dead_end_ratio": 0.4,
      "dead_end_count": 2,
      "total_rooms": 5,
      "dead_end_rooms": [
        "rect_38",
        "rect_76"
      ],
      "score": 0.6
    },
    "key_path_length": {
      "raw_length": 9,
      "diameter": 11,
      "normalized_length": 0.8181818181818182,
      "branch_factor": 0.0,
      "score": 0.8181818181818182,
      "path": [
        "rect_9",
        "rect_5",
        "rect_4",
        "rect_6",
        "rect_10",
        "rect_16",
        "rect_19",
        "rect_36",
        "rect_32",
        "rect_37"
      ]
    },
    "loop_ratio": {
      "total_rooms": 81,
      "total_edges": 160,
      "connected_components": 1,
      "cyclomatic_number": 80,
      "loop_ratio": 0.9876543209876543,
      "sigmoid_loop_ratio": 0.4969136194479082,
      "algorithm": "Cyclomatic formula + Sigmoid normalization",
      "note": "Direct calculation using E - V + C formula, then sigmoid mapping to [0,1]",
      "score_breakdown": {
        "raw_loop_ratio": 0.9876543209876543,
        "sigmoid_loop_ratio": 0.4969136194479082,
        "final_score": 0.4969136194479082
      }
    },
    "path_diversity": {
      "avg_path_diversity": 0.40360853165453947,