{
  "scores": {
    "accessibility": {
      "score": 0.7419100792117153,
      "detail": {
        "reachability_ratio": 1.0,
        "avg_path_length": 4.510204081632653,
        "path_variance": 4.086630570595585,
        "normalized": [
          1.0,
          0.4362244897959183,
          0.9361463973344439
        ],
        "score": 0.7419100792117153
      }
    },
    "degree_variance": {
      "score": 0.0,
      "detail": {
        "raw_variance": 4.16,
        "normalized_variance": 1.0,
        "score": 0.0,
        "degrees": [
          3,
          2,
          7,
          7,
          5
        ]
      }
    },
    "door_distribution": {
      "score": 0.4732132008278741,
      "detail": {
        "cv": 0.5384615384615384,
        "avg_distance": 2.590394722393527,
        "avg_entropy": 0.8615058244086059,
        "weights": [
          0.3333333333333333,
          0.3333333333333333,
          0.3333333333333333
        ],
        "normalized": [
          0.7307692307692308,
          0.06742528142876475,
          0.6214450902856269
        ],
        "score": 0.4732132008278741,
        "debug": {
          "count": 91
        }
      }
    },
    "dead_end_ratio": {
      "score": 0.6,
      "detail": {
        "dead_end_ratio": 0.4,
        "dead_end_count": 2,
        "total_rooms": 5,
        "dead_end_rooms": [
          "rect_42",
          "rect_21"
        ],
        "score": 0.6
      }
    },
    "key_path_length": {
      "score": 0.875,
      "detail": {
        "raw_length": 7,
        "diameter": 8,
        "normalized_length": 0.875,
        "branch_factor": 0.0,
        "score": 0.875,
        "path": [
          "rect_0",
          "rect_1",
          "rect_3",
          "rect_7",
          "rect_8",
          "rect_9",
          "rect_12",
          "rect_19"
        ]
      }
    },
    "loop_ratio": {
      "score": 0.4694259472076499,
      "detail": {
        "total_rooms": 49,
        "total_edges": 91,
        "connected_components": 1,
        "cyclomatic_number": 43,
        "loop_ratio": 0.8775510204081632,
        "sigmoid_loop_ratio": 0.4694259472076499,
        "algorithm": "Cyclomatic formula + Sigmoid normalization",
        "note": "Direct calculation using E - V + C formula, then sigmoid mapping to [0,1]",
        "score_breakdown": {
          "raw_loop_ratio": 0.8775510204081632,
          "sigmoid_loop_ratio": 0.4694259472076499,
          "final_score": 0.4694259472076499
        }
      }
    },
    "path_diversity": {
      "score": 0.4541503286965528,
      "detail": {
        "avg_path_diversity": 0.37187481510713594,
        "std_path_diversity": 0.224922183531777,
        "max_path_diversity": 0.8188363887667899,
        "min_path_diversity": 0.0,
        "total_pairs_analyzed": 47,
        "rounds_completed": 8,
        "detailed_analysis": {
          "round_0": {
            "pairs_analyzed": 5,
            "avg_diversity": 0.4100225039280141
          },
          "round_1": {
            "pairs_analyzed": 6,
            "avg_diversity": 0.3643559988796719
          },
          "round_2": {
            "pairs_analyzed": 6,
            "avg_diversity": 0.3745435220871038
          },
          "round_3": {
            "pairs_analyzed": 3,
            "avg_diversity": 0.19548931697575847
          },
          "round_4": {
            "pairs_analyzed": 7,
            "avg_diversity": 0.4668311199888749
          },
          "round_5": {
            "pairs_analyzed": 6,
            "avg_diversity": 0.298141907019276
          },
          "round_6": {
            "pairs_analyzed": 7,
            "avg_diversity": 0.30875304407038084
          },
          "round_7": {
            "pairs_analyzed": 7,
            "avg_diversity": 0.45574258901956355
          }
        },
        "adaptive_params": {
          "num_walks": 49,
          "max_walk_length": 8,
          "graph_diameter": 8,
          "avg_degree": 3.7142857142857144,
          "total_nodes": 49,
          "total_edges": 91
        },
        "algorithm": "Adaptive_random_walk_sampling",
        "sampling_strategy": "Multi-round (8 rounds, 11 pairs/round)",
        "normalization": "Robust_with_predefined_bounds",
        "fusion_method": "Geometric_mean_of_normalized_metrics",
        "performance": {
          "time_taken": 0.020449161529541016,
          "timeout": false
        }
      }
    },
    "treasure_monster_distribution": {
      "score": 0.5917517095361369,
      "detail": {
        "cv_treasure": 0.8164965809277261,
        "uniformity_treasure": 0.5917517095361369,
        "score": 0.5917517095361369,
        "cv_monster": 0.0,
        "uniformity_monster": 0.0,
        "avg_t2m_dist": 0.0,
        "proximity_score": 0.0,
        "note": "Only treasure distribution evaluated (no monsters found)"
      }
    },
    "aesthetic_balance": {
      "score": 0.878515595589734,
      "detail": {
        "symmetry_ratio": 0.0,
        "uniformity_area": 0.8581608545031864,
        "uniformity_spacing": 0.8993531313441184,
        "score": 0.878515595589734
      }
    }
  },
  "category_scores": {
    "structural": 0.516242793706256,
    "gameplay": 0.5917517095361369,
    "aesthetic": 0.878515595589734
  },
  "overall_score": 0.6621700329440423,
  "grade": "B",
  "details": {
    "accessibility": {
      "reachability_ratio": 1.0,
      "avg_path_length": 4.510204081632653,
      "path_variance": 4.086630570595585,
      "normalized": [
        1.0,
        0.4362244897959183,
        0.9361463973344439
      ],
      "score": 0.7419100792117153
    },
    "degree_variance": {
      "raw_variance": 4.16,
      "normalized_variance": 1.0,
      "score": 0.0,
      "degrees": [
        3,
        2,
        7,
        7,
        5
      ]
    },
    "door_distribution": {
      "cv": 0.5384615384615384,
      "avg_distance": 2.590394722393527,
      "avg_entropy": 0.8615058244086059,
      "weights": [
        0.3333333333333333,
        0.3333333333333333,
        0.3333333333333333
      ],
      "normalized": [
        0.7307692307692308,
        0.06742528142876475,
        0.6214450902856269
      ],
      "score": 0.4732132008278741,
      "debug": {
        "count": 91
      }
    },
    "dead_end_ratio": {
      "dead_end_ratio": 0.4,
      "dead_end_count": 2,
      "total_rooms": 5,
      "dead_end_rooms": [
        "rect_42",
        "rect_21"
      ],
      "score": 0.6
    },
    "key_path_length": {
      "raw_length": 7,
      "diameter": 8,
      "normalized_length": 0.875,
      "branch_factor": 0.0,
      "score": 0.875,
      "path": [
        "rect_0",
        "rect_1",
        "rect_3",
        "rect_7",
        "rect_8",
        "rect_9",
        "rect_12",
        "rect_19"
      ]
    },
    "loop_ratio": {
      "total_rooms": 49,
      "total_edges": 91,
      "connected_components": 1,
      "cyclomatic_number": 43,
      "loop_ratio": 0.8775510204081632,
      "sigmoid_loop_ratio": 0.4694259472076499,
      "algorithm": "Cyclomatic formula + Sigmoid normalization",
      "note": "Direct calculation using E - V + C formula, then sigmoid mapping to [0,1]",
      "score_breakdown": {
        "raw_loop_ratio": 0.8775510204081632,
        "sigmoid_loop_ratio": 0.4694259472076499,
        "final_score": 0.4694259472076499
      }
    },
    "path_diversity": {
      "avg_path_diversity": 0.37187481510713594,
      "std_path_diversity": 0.224922183531777,
      "max_path_diversity": 0.8188363887667899,
      "min_path_diversity": 0.0,
      "total_pairs_analyzed": 47,
      "rounds_completed": 8,
      "detailed_analysis": {
        "round_0": {
          "pairs_analyzed": 5,
          "avg_diversity": 0.4100225039280141
        },
        "round_1": {
          "pairs_analyzed": 6,
          "avg_diversity": 0.3643559988796719
        },
        "round_2": {
          "pairs_analyzed": 6,
          "avg_diversity": 0.3745435220871038
        },