{
  "scores": {
    "accessibility": {
      "score": 0.8086451888483647,
      "detail": {
        "reachability_ratio": 1.0,
        "avg_path_length": 4.831460674157303,
        "path_variance": 6.90417876530741,
        "normalized": [
          1.0,
          0.5607763023493361,
          0.9429406713610958
        ],
        "score": 0.8086451888483647
      }
    },
    "degree_variance": {
      "score": 0.4693877551020408,
      "detail": {
        "raw_variance": 4.775510204081633,
        "normalized_variance": 0.5306122448979592,
        "score": 0.4693877551020408,
        "degrees": [
          8,
          3,
          6,
          2,
          8,
          4,
          6
        ]
      }
    },
    "door_distribution": {
      "score": 0.48591253947807433,
      "detail": {
        "cv": 0.41791669519123265,
        "avg_distance": 2.1365469334477685,
        "avg_entropy": 0.8606982013004464,
        "weights": [
          0.3333333333333333,
          0.3333333333333333,
          0.3333333333333333
        ],
        "normalized": [
          0.7910416524043837,
          0.04583345267073703,
          0.6208625133591024
        ],
        "score": 0.48591253947807433,
        "debug": {
          "count": 183
        }
      }
    },
    "dead_end_ratio": {
      "score": 0.7142857142857143,
      "detail": {
        "dead_end_ratio": 0.2857142857142857,
        "dead_end_count": 2,
        "total_rooms": 7,
        "dead_end_rooms": [
          "rect_42",
          "rect_84"
        ],
        "score": 0.7142857142857143
      }
    },
    "key_path_length": {
      "score": 0.6363636363636364,
      "detail": {
        "raw_length": 7,
        "diameter": 11,
        "normalized_length": 0.6363636363636364,
        "branch_factor": 0.0,
        "score": 0.6363636363636364,
        "path": [
          "rect_8",
          "rect_4",
          "rect_1",
          "rect_0",
          "rect_2",
          "rect_5",
          "rect_16",
          "rect_38"
        ]
      }
    },
    "loop_ratio": {
      "score": 0.5168475522246456,
      "detail": {
        "total_rooms": 89,
        "total_edges": 183,
        "connected_components": 1,
        "cyclomatic_number": 95,
        "loop_ratio": 1.0674157303370786,
        "sigmoid_loop_ratio": 0.5168475522246456,
        "algorithm": "Cyclomatic formula + Sigmoid normalization",
        "note": "Direct calculation using E - V + C formula, then sigmoid mapping to [0,1]",
        "score_breakdown": {
          "raw_loop_ratio": 1.0674157303370786,
          "sigmoid_loop_ratio": 0.5168475522246456,
          "final_score": 0.5168475522246456
        }
      }
    },
    "path_diversity": {
      "score": 0.5073305313803261,
      "detail": {
        "avg_path_diversity": 0.39685173623635434,
        "std_path_diversity": 0.21961397554878048,
        "max_path_diversity": 0.7822350749453514,
        "min_path_diversity": 0.0,
        "total_pairs_analyzed": 120,
        "rounds_completed": 12,
        "detailed_analysis": {
          "round_0": {
            "pairs_analyzed": 11,
            "avg_diversity": 0.428493744098644
          },
          "round_1": {
            "pairs_analyzed": 9,
            "avg_diversity": 0.286224235815921
          },
          "round_2": {
            "pairs_analyzed": 10,
            "avg_diversity": 0.39313560158337457
          },
          "round_3": {
            "pairs_analyzed": 12,
            "avg_diversity": 0.42597173535367056
          },
          "round_4": {
            "pairs_analyzed": 8,
            "avg_diversity": 0.3836936683845985
          },
          "round_5": {
            "pairs_analyzed": 10,
            "avg_diversity": 0.43919181044419464
          },
          "round_6": {
            "pairs_analyzed": 12,
            "avg_diversity": 0.3881639444514222
          },
          "round_7": {
            "pairs_analyzed": 8,
            "avg_diversity": 0.503452274683017
          },
          "round_8": {
            "pairs_analyzed": 11,
            "avg_diversity": 0.3924641537742128
          },
          "round_9": {
            "pairs_analyzed": 11,
            "avg_diversity": 0.36508655076976165
          },
          "round_10": {
            "pairs_analyzed": 10,
            "avg_diversity": 0.2771499344938127
          },
          "round_11": {
            "pairs_analyzed": 8,
            "avg_diversity": 0.5047665154418217
          }
        },
        "adaptive_params": {
          "num_walks": 89,
          "max_walk_length": 13,
          "graph_diameter": 13,
          "avg_degree": 4.112359550561798,
          "total_nodes": 89,
          "total_edges": 183
        },
        "algorithm": "Adaptive_random_walk_sampling",
        "sampling_strategy": "Multi-round (12 rounds, 15 pairs/round)",
        "normalization": "Robust_with_predefined_bounds",
        "fusion_method": "Geometric_mean_of_normalized_metrics",
        "performance": {
          "time_taken": 0.11908578872680664,
          "timeout": false
        }
      }
    },
    "treasure_monster_distribution": {
      "score": 0.8333333333333333,
      "detail": {
        "cv_treasure": 0.4082482904638631,
        "uniformity_treasure": 0.8333333333333333,
        "score": 0.8333333333333333,
        "cv_monster": 0.0,
        "uniformity_monster": 0.0,
        "avg_t2m_dist": 0.0,
        "proximity_score": 0.0,
        "note": "Only treasure distribution evaluated (no monsters found)"
      }
    },
    "aesthetic_balance": {
      "score": 0.8839907930395562,
      "detail": {
        "symmetry_ratio": 0.0,
        "uniformity_area": 0.7814397221787035,
        "uniformity_spacing": 1.0,
        "score": 0.8839907930395562
      }
    }
  },
  "category_scores": {
    "structural": 0.5912532739546861,
    "gameplay": 0.8333333333333333,
    "aesthetic": 0.8839907930395562
  },
  "overall_score": 0.7695258001091918,
  "grade": "B",
  "details": {
    "accessibility": {
      "reachability_ratio": 1.0,
      "avg_path_length": 4.831460674157303,
      "path_variance": 6.90417876530741,
      "normalized": [
        1.0,
        0.5607763023493361,
        0.9429406713610958
      ],
      "score": 0.8086451888483647
    },
    "degree_variance": {
      "raw_variance": 4.775510204081633,
      "normalized_variance": 0.5306122448979592,
      "score": 0.4693877551020408,
      "degrees": [
        8,
        3,
        6,
        2,
        8,
        4,
        6
      ]
    },
    "door_distribution": {
      "cv": 0.41791669519123265,
      "avg_distance": 2.1365469334477685,
      "avg_entropy": 0.8606982013004464,
      "weights": [
        0.3333333333333333,
        0.3333333333333333,
        0.3333333333333333
      ],
      "normalized": [
        0.7910416524043837,
        0.04583345267073703,
        0.6208625133591024
      ],
      "score": 0.48591253947807433,
      "debug": {
        "count": 183
      }
    },
    "dead_end_ratio": {
      "dead_end_ratio": 0.2857142857142857,
      "dead_end_count": 2,
      "total_rooms": 7,
      "dead_end_rooms": [
        "rect_42",
        "rect_84"
      ],
      "score": 0.7142857142857143
    },
    "key_path_length": {
      "raw_length": 7,
      "diameter": 11,
      "normalized_length": 0.6363636363636364,
      "branch_factor": 0.0,
      "score": 0.6363636363636364,
      "path": [
        "rect_8",
        "rect_4",
        "rect_1",
        "rect_0",
        "rect_2",
        "rect_5",
        "rect_16",
        "rect_38"
      ]
    },
    "loop_ratio": {
      "total_rooms": 89,
      "total_edges": 183,
      "connected_components": 1,
      "cyclomatic_number": 95,
      "loop_ratio": 1.0674157303370786,
      "sigmoid_loop_ratio": 0.5168475522246456,
      "algorithm": "Cyclomatic formula + Sigmoid normalization",
      "note": "Direct calculation using E - V + C formula, then sigmoid mapping to [0,1]",
      "score_breakdown": {
        "raw_loop_ratio": 1.0674157303370786,