{
  "scores": {
    "accessibility": {
      "score": 0.6903051392439425,
      "detail": {
        "reachability_ratio": 1.0,
        "avg_path_length": 2.566666666666667,
        "path_variance": 1.3122222222222222,
        "normalized": [
          1.0,
          0.3583333333333333,
          0.9179861111111112
        ],
        "score": 0.6903051392439425
      }
    },
    "degree_variance": {
      "score": 0.8,
      "detail": {
        "raw_variance": 1.25,
        "normalized_variance": 0.2,
        "score": 0.8,
        "degrees": [
          5,
          4,
          4,
          4,
          2,
          2
        ]
      }
    },
    "door_distribution": {
      "score": 0.44890685700832905,
      "detail": {
        "cv": 0.45690424893926745,
        "avg_distance": 3.5161602982976476,
        "avg_entropy": 0.6830373568517222,
        "weights": [
          0.3333333333333333,
          0.3333333333333333,
          0.3333333333333333
        ],
        "normalized": [
          0.7715478755303663,
          0.08246539175867852,
          0.4927073037359424
        ],
        "score": 0.44890685700832905,
        "debug": {
          "count": 43
        }
      }
    },
    "dead_end_ratio": {
      "score": 0.8333333333333334,
      "detail": {
        "dead_end_ratio": 0.16666666666666666,
        "dead_end_count": 1,
        "total_rooms": 6,
        "dead_end_rooms": [
          "rect_15"
        ],
        "score": 0.8333333333333334
      }
    },
    "key_path_length": {
      "score": 1.0,
      "detail": {
        "raw_length": 4,
        "diameter": 4,
        "normalized_length": 1.0,
        "branch_factor": 0.0,
        "score": 1.0,
        "path": [
          "rect_0",
          "rect_1",
          "rect_4",
          "rect_8",
          "rect_12"
        ]
      }
    },
    "loop_ratio": {
      "score": 0.4666666666666667,
      "detail": {
        "total_rooms": 30,
        "total_edges": 43,
        "connected_components": 1,
        "cyclomatic_number": 14,
        "loop_ratio": 0.4666666666666667,
        "algorithm": "Cyclomatic formula",
        "note": "Direct calculation using E - V + C formula",
        "score_breakdown": {
          "loop_ratio": 0.4666666666666667,
          "final_score": 0.4666666666666667
        }
      }
    },
    "path_diversity": {
      "score": 0.4576286381417916,
      "detail": {
        "avg_path_diversity": 0.3396031027121834,
        "std_path_diversity": 0.19899028586329603,
        "max_path_diversity": 0.7420932048552451,
        "min_path_diversity": 0.0,
        "total_pairs_analyzed": 34,
        "rounds_completed": 7,
        "detailed_analysis": {
          "round_0": {
            "pairs_analyzed": 5,
            "avg_diversity": 0.4065846448490231
          },
          "round_1": {
            "pairs_analyzed": 4,
            "avg_diversity": 0.5037579954408123
          },
          "round_2": {
            "pairs_analyzed": 5,
            "avg_diversity": 0.38736308506275574
          },
          "round_3": {
            "pairs_analyzed": 4,
            "avg_diversity": 0.3516614236195424
          },
          "round_4": {
            "pairs_analyzed": 6,
            "avg_diversity": 0.19991670738277942
          },
          "round_5": {
            "pairs_analyzed": 5,
            "avg_diversity": 0.33734913238361314
          },
          "round_6": {
            "pairs_analyzed": 5,
            "avg_diversity": 0.25376865203983606
          }
        },
        "adaptive_params": {
          "num_walks": 30,
          "max_walk_length": 8,
          "graph_diameter": 8,
          "avg_degree": 2.8666666666666667,
          "total_nodes": 30,
          "total_edges": 43
        },
        "algorithm": "Adaptive_random_walk_sampling",
        "sampling_strategy": "Multi-round (7 rounds, 6 pairs/round)",
        "normalization": "Robust_with_predefined_bounds",
        "fusion_method": "Geometric_mean_of_normalized_metrics",
        "performance": {
          "time_taken": 0.007281064987182617,
          "timeout": false
        }
      }
    },
    "treasure_monster_distribution": {
      "score": 0.8,
      "detail": {
        "cv_treasure": 0.4472135954999579,
        "uniformity_treasure": 0.8,
        "score": 0.8,
        "cv_monster": 0.0,
        "uniformity_monster": 0.0,
        "avg_t2m_dist": 0.0,
        "proximity_score": 0.0,
        "note": "Only treasure distribution evaluated (no monsters found)"
      }
    },
    "aesthetic_balance": {
      "score": 0.7991571783309973,
      "detail": {
        "symmetry_ratio": 0.0,
        "uniformity_area": 0.7223475029989661,
        "uniformity_spacing": 0.8841342885889031,
        "score": 0.7991571783309973
      }
    }
  },
  "category_scores": {
    "structural": 0.6144589592669696,
    "gameplay": 0.6697181219233834,
    "aesthetic": 0.7991571783309973
  },
  "overall_score": 0.6697932734547806,
  "grade": "B",
  "details": {
    "accessibility": {
      "reachability_ratio": 1.0,
      "avg_path_length": 2.566666666666667,
      "path_variance": 1.3122222222222222,
      "normalized": [
        1.0,
        0.3583333333333333,
        0.9179861111111112
      ],
      "score": 0.6903051392439425
    },
    "degree_variance": {
      "raw_variance": 1.25,
      "normalized_variance": 0.2,
      "score": 0.8,
      "degrees": [
        5,
        4,
        4,
        4,
        2,
        2
      ]
    },
    "door_distribution": {
      "cv": 0.45690424893926745,
      "avg_distance": 3.5161602982976476,
      "avg_entropy": 0.6830373568517222,
      "weights": [
        0.3333333333333333,
        0.3333333333333333,
        0.3333333333333333
      ],
      "normalized": [
        0.7715478755303663,
        0.08246539175867852,
        0.4927073037359424
      ],
      "score": 0.44890685700832905,
      "debug": {
        "count": 43
      }
    },
    "dead_end_ratio": {
      "dead_end_ratio": 0.16666666666666666,
      "dead_end_count": 1,
      "total_rooms": 6,
      "dead_end_rooms": [
        "rect_15"
      ],
      "score": 0.8333333333333334
    },
    "key_path_length": {
      "raw_length": 4,
      "diameter": 4,
      "normalized_length": 1.0,
      "branch_factor": 0.0,
      "score": 1.0,
      "path": [
        "rect_0",
        "rect_1",
        "rect_4",
        "rect_8",
        "rect_12"
      ]
    },
    "loop_ratio": {
      "total_rooms": 30,
      "total_edges": 43,
      "connected_components": 1,
      "cyclomatic_number": 14,
      "loop_ratio": 0.4666666666666667,
      "algorithm": "Cyclomatic formula",
      "note": "Direct calculation using E - V + C formula",
      "score_breakdown": {
        "loop_ratio": 0.4666666666666667,
        "final_score": 0.4666666666666667
      }
    },
    "path_diversity": {
      "avg_path_diversity": 0.3396031027121834,
      "std_path_diversity": 0.19899028586329603,
      "max_path_diversity": 0.7420932048552451,
      "min_path_diversity": 0.0,
      "total_pairs_analyzed": 34,
      "rounds_completed": 7,
      "detailed_analysis": {
        "round_0": {
          "pairs_analyzed": 5,
          "avg_diversity": 0.4065846448490231
        },
        "round_1": {
          "pairs_analyzed": 4,
          "avg_diversity": 0.5037579954408123
        },
        "round_2": {
          "pairs_analyzed": 5,
          "avg_diversity": 0.38736308506275574
        },
        "round_3": {
          "pairs_analyzed": 4,
          "avg_diversity": 0.3516614236195424
        },
        "round_4": {
          "pairs_analyzed": 6,
          "avg_diversity": 0.19991670738277942
        },
        "round_5": {
          "pairs_analyzed": 5,
          "avg_diversity": 0.33734913238361314
        },
        "round_6": {
          "pairs_analyzed": 5,
          "avg_diversity": 0.25376865203983606
        }
      },
      "adaptive_params": {
        "num_walks": 30,
        "max_walk_length": 8,
        "graph_diameter": 8,