{
  "scores": {
    "accessibility": {
      "score": 0.7765778928868088,
      "detail": {
        "reachability_ratio": 1.0,
        "avg_path_length": 2.5,
        "path_variance": 1.5833333333333333,
        "normalized": [
          1.0,
          0.5,
          0.9366666666666666
        ],
        "score": 0.7765778928868088
      }
    },
    "degree_variance": {
      "score": 0.36,
      "detail": {
        "raw_variance": 2.56,
        "normalized_variance": 0.64,
        "score": 0.36,
        "degrees": [
          6,
          2,
          6,
          3,
          4
        ]
      }
    },
    "door_distribution": {
      "score": 0.459280881907446,
      "detail": {
        "cv": 0.5128498209869766,
        "avg_distance": 2.979317985662149,
        "avg_entropy": 0.7572226028979195,
        "weights": [
          0.3333333333333333,
          0.3333333333333333,
          0.3333333333333333
        ],
        "normalized": [
          0.7435750895065116,
          0.08804690919089572,
          0.5462206470249307
        ],
        "score": 0.459280881907446,
        "debug": {
          "count": 47
        }
      }
    },
    "dead_end_ratio": {
      "score": 0.8,
      "detail": {
        "dead_end_ratio": 0.2,
        "dead_end_count": 1,
        "total_rooms": 5,
        "dead_end_rooms": [
          "rect_14"
        ],
        "score": 0.8
      }
    },
    "key_path_length": {
      "score": 0.6,
      "detail": {
        "raw_length": 3,
        "diameter": 5,
        "normalized_length": 0.6,
        "branch_factor": 0.0,
        "score": 0.6,
        "path": [
          "rect_1",
          "rect_4",
          "rect_13",
          "rect_11"
        ]
      }
    },
    "loop_ratio": {
      "score": 0.401312339887548,
      "detail": {
        "total_rooms": 30,
        "total_edges": 47,
        "connected_components": 1,
        "cyclomatic_number": 18,
        "loop_ratio": 0.6,
        "sigmoid_loop_ratio": 0.401312339887548,
        "algorithm": "Cyclomatic formula + Sigmoid normalization",
        "note": "Direct calculation using E - V + C formula, then sigmoid mapping to [0,1]",
        "score_breakdown": {
          "raw_loop_ratio": 0.6,
          "sigmoid_loop_ratio": 0.401312339887548,
          "final_score": 0.401312339887548
        }
      }
    },
    "path_diversity": {
      "score": 0.4202268068722251,
      "detail": {
        "avg_path_diversity": 0.3015898539543992,
        "std_path_diversity": 0.2116922705348001,
        "max_path_diversity": 0.7176835199999536,
        "min_path_diversity": 0.0,
        "total_pairs_analyzed": 35,
        "rounds_completed": 5,
        "detailed_analysis": {
          "round_0": {
            "pairs_analyzed": 7,
            "avg_diversity": 0.30440231745294166
          },
          "round_1": {
            "pairs_analyzed": 6,
            "avg_diversity": 0.33671717053021183
          },
          "round_2": {
            "pairs_analyzed": 9,
            "avg_diversity": 0.19143208343248633
          },
          "round_3": {
            "pairs_analyzed": 6,
            "avg_diversity": 0.36301716366732956
          },
          "round_4": {
            "pairs_analyzed": 7,
            "avg_diversity": 0.3576477014508222
          }
        },
        "adaptive_params": {
          "num_walks": 30,
          "max_walk_length": 6,
          "graph_diameter": 6,
          "avg_degree": 3.1333333333333333,
          "total_nodes": 30,
          "total_edges": 47
        },
        "algorithm": "Adaptive_random_walk_sampling",
        "sampling_strategy": "Multi-round (5 rounds, 9 pairs/round)",
        "normalization": "Robust_with_predefined_bounds",
        "fusion_method": "Geometric_mean_of_normalized_metrics",
        "performance": {
          "time_taken": 0.005751132965087891,
          "timeout": false
        }
      }
    },
    "treasure_monster_distribution": {
      "score": 0.4930749646243014,
      "detail": {
        "cv_treasure": 1.2247448713915892,
        "uniformity_treasure": 0.3876275643042054,
        "score": 0.4930749646243014,
        "cv_monster": 2.0,
        "uniformity_monster": 0.0,
        "avg_t2m_dist": 9.008937507978125,
        "proximity_score": 0.627207513417328
      }
    },
    "aesthetic_balance": {
      "score": 0.5398863574262903,
      "detail": {
        "symmetry_ratio": 0.2,
        "uniformity_area": 0.7868230319837956,
        "uniformity_spacing": 1.0,
        "score": 0.5398863574262903
      }
    }
  },
  "category_scores": {
    "structural": 0.545342560222004,
    "gameplay": 0.4930749646243014,
    "aesthetic": 0.5398863574262903
  },
  "overall_score": 0.5261012940908651,
  "grade": "C",
  "details": {
    "accessibility": {
      "reachability_ratio": 1.0,
      "avg_path_length": 2.5,
      "path_variance": 1.5833333333333333,
      "normalized": [
        1.0,
        0.5,
        0.9366666666666666
      ],
      "score": 0.7765778928868088
    },
    "degree_variance": {
      "raw_variance": 2.56,
      "normalized_variance": 0.64,
      "score": 0.36,
      "degrees": [
        6,
        2,
        6,
        3,
        4
      ]
    },
    "door_distribution": {
      "cv": 0.5128498209869766,
      "avg_distance": 2.979317985662149,
      "avg_entropy": 0.7572226028979195,
      "weights": [
        0.3333333333333333,
        0.3333333333333333,
        0.3333333333333333
      ],
      "normalized": [
        0.7435750895065116,
        0.08804690919089572,
        0.5462206470249307
      ],
      "score": 0.459280881907446,
      "debug": {
        "count": 47
      }
    },
    "dead_end_ratio": {
      "dead_end_ratio": 0.2,
      "dead_end_count": 1,
      "total_rooms": 5,
      "dead_end_rooms": [
        "rect_14"
      ],
      "score": 0.8
    },
    "key_path_length": {
      "raw_length": 3,
      "diameter": 5,
      "normalized_length": 0.6,
      "branch_factor": 0.0,
      "score": 0.6,
      "path": [
        "rect_1",
        "rect_4",
        "rect_13",
        "rect_11"
      ]
    },
    "loop_ratio": {
      "total_rooms": 30,
      "total_edges": 47,
      "connected_components": 1,
      "cyclomatic_number": 18,
      "loop_ratio": 0.6,
      "sigmoid_loop_ratio": 0.401312339887548,
      "algorithm": "Cyclomatic formula + Sigmoid normalization",
      "note": "Direct calculation using E - V + C formula, then sigmoid mapping to [0,1]",
      "score_breakdown": {
        "raw_loop_ratio": 0.6,
        "sigmoid_loop_ratio": 0.401312339887548,
        "final_score": 0.401312339887548
      }
    },
    "path_diversity": {
      "avg_path_diversity": 0.3015898539543992,
      "std_path_diversity": 0.2116922705348001,
      "max_path_diversity": 0.7176835199999536,
      "min_path_diversity": 0.0,
      "total_pairs_analyzed": 35,
      "rounds_completed": 5,
      "detailed_analysis": {
        "round_0": {
          "pairs_analyzed": 7,
          "avg_diversity": 0.30440231745294166
        },
        "round_1": {
          "pairs_analyzed": 6,
          "avg_diversity": 0.33671717053021183
        },
        "round_2": {
          "pairs_analyzed": 9,
          "avg_diversity": 0.19143208343248633
        },
        "round_3": {
          "pairs_analyzed": 6,
          "avg_diversity": 0.36301716366732956
        },
        "round_4": {
          "pairs_analyzed": 7,
          "avg_diversity": 0.3576477014508222
        }
      },
      "adaptive_params": {
        "num_walks": 30,
        "max_walk_length": 6,
        "graph_diameter": 6,
        "avg_degree": 3.1333333333333333,
        "total_nodes": 30,
        "total_edges": 47
      },
      "algorithm": "Adaptive_random_walk_sampling",
      "sampling_strategy": "Multi-round (5 rounds, 9 pairs/round)",
      "normalization": "Robust_with_predefined_bounds",
      "fusion_method": "Geometric_mean_of_normalized_metrics",
      "performance": {
        "time_taken": 0.005751132965087891,