{
  "scores": {
    "accessibility": {
      "score": 0.7671598565442489,
      "detail": {
        "reachability_ratio": 1.0,
        "avg_path_length": 2.0588235294117645,
        "path_variance": 1.1141868512110726,
        "normalized": [
          1.0,
          0.4852941176470589,
          0.9303633217993079
        ],
        "score": 0.7671598565442489
      }
    },
    "degree_variance": {
      "score": 0.7777777777777778,
      "detail": {
        "raw_variance": 0.22222222222222224,
        "normalized_variance": 0.22222222222222224,
        "score": 0.7777777777777778,
        "degrees": [
          4,
          4,
          3
        ]
      }
    },
    "door_distribution": {
      "score": 0.44355151894950434,
      "detail": {
        "cv": 0.531581484978049,
        "avg_distance": 2.827476199965119,
        "avg_entropy": 0.6812742202353532,
        "weights": [
          0.3333333333333333,
          0.3333333333333333,
          0.3333333333333333
        ],
        "normalized": [
          0.7342092575109755,
          0.10500982982801767,
          0.49143546950951983
        ],
        "score": 0.44355151894950434,
        "debug": {
          "count": 27
        }
      }
    },
    "dead_end_ratio": {
      "score": 0.6666666666666667,
      "detail": {
        "dead_end_ratio": 0.3333333333333333,
        "dead_end_count": 1,
        "total_rooms": 3,
        "dead_end_rooms": [
          "rect_8"
        ],
        "score": 0.6666666666666667
      }
    },
    "key_path_length": {
      "score": 0.5,
      "detail": {
        "raw_length": 2,
        "diameter": 4,
        "normalized_length": 0.5,
        "branch_factor": 0.0,
        "score": 0.5,
        "path": [
          "rect_1",
          "rect_0",
          "rect_4"
        ]
      }
    },
    "loop_ratio": {
      "score": 0.6470588235294118,
      "detail": {
        "total_rooms": 17,
        "total_edges": 27,
        "connected_components": 1,
        "cyclomatic_number": 11,
        "loop_ratio": 0.6470588235294118,
        "algorithm": "Cyclomatic formula",
        "note": "Direct calculation using E - V + C formula",
        "score_breakdown": {
          "loop_ratio": 0.6470588235294118,
          "final_score": 0.6470588235294118
        }
      }
    },
    "path_diversity": {
      "score": 0.5451890190141295,
      "detail": {
        "avg_path_diversity": 0.32770667995488073,
        "std_path_diversity": 0.19535772983310126,
        "max_path_diversity": 0.6010881887303523,
        "min_path_diversity": 0.0,
        "total_pairs_analyzed": 18,
        "rounds_completed": 6,
        "detailed_analysis": {
          "round_0": {
            "pairs_analyzed": 3,
            "avg_diversity": 0.3617409324428027
          },
          "round_1": {
            "pairs_analyzed": 3,
            "avg_diversity": 0.2352048148421179
          },
          "round_2": {
            "pairs_analyzed": 1,
            "avg_diversity": 0.4984495930212961
          },
          "round_3": {
            "pairs_analyzed": 3,
            "avg_diversity": 0.4255467618572957
          },
          "round_4": {
            "pairs_analyzed": 4,
            "avg_diversity": 0.1720306862918256
          },
          "round_5": {
            "pairs_analyzed": 4,
            "avg_diversity": 0.41116759339315145
          }
        },
        "adaptive_params": {
          "num_walks": 17,
          "max_walk_length": 5,
          "graph_diameter": 5,
          "avg_degree": 3.176470588235294,
          "total_nodes": 17,
          "total_edges": 27
        },
        "algorithm": "Adaptive_random_walk_sampling",
        "sampling_strategy": "Multi-round (6 rounds, 4 pairs/round)",
        "normalization": "Robust_with_predefined_bounds",
        "fusion_method": "Geometric_mean_of_normalized_metrics",
        "performance": {
          "time_taken": 0.0018908977508544922,
          "timeout": false
        }
      }
    },
    "treasure_monster_distribution": {
      "score": 0.0,
      "detail": {
        "reason": "No treasures found"
      }
    },
    "aesthetic_balance": {
      "score": 0.8429272304235246,
      "detail": {
        "symmetry_ratio": 0.0,
        "uniformity_area": 0.7105263157894737,
        "uniformity_spacing": 1.0,
        "score": 0.8429272304235246
      }
    }
  },
  "category_scores": {
    "structural": 0.6599699945112946,
    "gameplay": 0.35140894093898517,
    "aesthetic": 0.8429272304235246
  },
  "overall_score": 0.5331330531119743,
  "grade": "C",
  "details": {
    "accessibility": {
      "reachability_ratio": 1.0,
      "avg_path_length": 2.0588235294117645,
      "path_variance": 1.1141868512110726,
      "normalized": [
        1.0,
        0.4852941176470589,
        0.9303633217993079
      ],
      "score": 0.7671598565442489
    },
    "degree_variance": {
      "raw_variance": 0.22222222222222224,
      "normalized_variance": 0.22222222222222224,
      "score": 0.7777777777777778,
      "degrees": [
        4,
        4,
        3
      ]
    },
    "door_distribution": {
      "cv": 0.531581484978049,
      "avg_distance": 2.827476199965119,
      "avg_entropy": 0.6812742202353532,
      "weights": [
        0.3333333333333333,
        0.3333333333333333,
        0.3333333333333333
      ],
      "normalized": [
        0.7342092575109755,
        0.10500982982801767,
        0.49143546950951983
      ],
      "score": 0.44355151894950434,
      "debug": {
        "count": 27
      }
    },
    "dead_end_ratio": {
      "dead_end_ratio": 0.3333333333333333,
      "dead_end_count": 1,
      "total_rooms": 3,
      "dead_end_rooms": [
        "rect_8"
      ],
      "score": 0.6666666666666667
    },
    "key_path_length": {
      "raw_length": 2,
      "diameter": 4,
      "normalized_length": 0.5,
      "branch_factor": 0.0,
      "score": 0.5,
      "path": [
        "rect_1",
        "rect_0",
        "rect_4"
      ]
    },
    "loop_ratio": {
      "total_rooms": 17,
      "total_edges": 27,
      "connected_components": 1,
      "cyclomatic_number": 11,
      "loop_ratio": 0.6470588235294118,
      "algorithm": "Cyclomatic formula",
      "note": "Direct calculation using E - V + C formula",
      "score_breakdown": {
        "loop_ratio": 0.6470588235294118,
        "final_score": 0.6470588235294118
      }
    },
    "path_diversity": {
      "avg_path_diversity": 0.32770667995488073,
      "std_path_diversity": 0.19535772983310126,
      "max_path_diversity": 0.6010881887303523,
      "min_path_diversity": 0.0,
      "total_pairs_analyzed": 18,
      "rounds_completed": 6,
      "detailed_analysis": {
        "round_0": {
          "pairs_analyzed": 3,
          "avg_diversity": 0.3617409324428027
        },
        "round_1": {
          "pairs_analyzed": 3,
          "avg_diversity": 0.2352048148421179
        },
        "round_2": {
          "pairs_analyzed": 1,
          "avg_diversity": 0.4984495930212961
        },
        "round_3": {
          "pairs_analyzed": 3,
          "avg_diversity": 0.4255467618572957
        },
        "round_4": {
          "pairs_analyzed": 4,
          "avg_diversity": 0.1720306862918256
        },
        "round_5": {
          "pairs_analyzed": 4,
          "avg_diversity": 0.41116759339315145
        }
      },
      "adaptive_params": {
        "num_walks": 17,
        "max_walk_length": 5,
        "graph_diameter": 5,
        "avg_degree": 3.176470588235294,
        "total_nodes": 17,
        "total_edges": 27
      },
      "algorithm": "Adaptive_random_walk_sampling",
      "sampling_strategy": "Multi-round (6 rounds, 4 pairs/round)",
      "normalization": "Robust_with_predefined_bounds",
      "fusion_method": "Geometric_mean_of_normalized_metrics",
      "performance": {
        "time_taken": 0.0018908977508544922,
        "timeout": false
      }
    },
    "treasure_monster_distribution": {
      "reason": "No treasures found"
    },