{
  "scores": {
    "accessibility": {
      "score": 0.7958889205550734,
      "detail": {
        "reachability_ratio": 1.0,
        "avg_path_length": 4.214285714285714,
        "path_variance": 4.204081632653062,
        "normalized": [
          1.0,
          0.5317460317460317,
          0.9480977576215671
        ],
        "score": 0.7958889205550734
      }
    },
    "degree_variance": {
      "score": 0.24,
      "detail": {
        "raw_variance": 3.04,
        "normalized_variance": 0.76,
        "score": 0.24,
        "degrees": [
          6,
          5,
          2,
          2,
          2
        ]
      }
    },
    "door_distribution": {
      "score": 0.44841095938958686,
      "detail": {
        "cv": 0.5216308708580223,
        "avg_distance": 2.738948208794602,
        "avg_entropy": 0.7724550798495136,
        "weights": [
          0.3333333333333333,
          0.3333333333333333,
          0.3333333333333333
        ],
        "normalized": [
          0.7391845645709889,
          0.04883975709358091,
          0.5572085565041908
        ],
        "score": 0.44841095938958686,
        "debug": {
          "count": 90
        }
      }
    },
    "dead_end_ratio": {
      "score": 0.6,
      "detail": {
        "dead_end_ratio": 0.4,
        "dead_end_count": 2,
        "total_rooms": 5,
        "dead_end_rooms": [
          "rect_52",
          "rect_26"
        ],
        "score": 0.6
      }
    },
    "key_path_length": {
      "score": 0.6666666666666666,
      "detail": {
        "raw_length": 6,
        "diameter": 9,
        "normalized_length": 0.6666666666666666,
        "branch_factor": 0.0,
        "score": 0.6666666666666666,
        "path": [
          "rect_1",
          "rect_3",
          "rect_5",
          "rect_9",
          "rect_13",
          "rect_18",
          "rect_21"
        ]
      }
    },
    "loop_ratio": {
      "score": 0.625,
      "detail": {
        "total_rooms": 56,
        "total_edges": 90,
        "connected_components": 1,
        "cyclomatic_number": 35,
        "loop_ratio": 0.625,
        "algorithm": "Cyclomatic formula",
        "note": "Direct calculation using E - V + C formula",
        "score_breakdown": {
          "loop_ratio": 0.625,
          "final_score": 0.625
        }
      }
    },
    "path_diversity": {
      "score": 0.5315998125845854,
      "detail": {
        "avg_path_diversity": 0.38903743741896984,
        "std_path_diversity": 0.18766328259294096,
        "max_path_diversity": 0.7318238799361281,
        "min_path_diversity": 0.0,
        "total_pairs_analyzed": 60,
        "rounds_completed": 12,
        "detailed_analysis": {
          "round_0": {
            "pairs_analyzed": 5,
            "avg_diversity": 0.44596953722220267
          },
          "round_1": {
            "pairs_analyzed": 5,
            "avg_diversity": 0.3569050238093572
          },
          "round_2": {
            "pairs_analyzed": 5,
            "avg_diversity": 0.3211760692754309
          },
          "round_3": {
            "pairs_analyzed": 6,
            "avg_diversity": 0.2594708679818012
          },
          "round_4": {
            "pairs_analyzed": 2,
            "avg_diversity": 0.26427771581916293
          },
          "round_5": {
            "pairs_analyzed": 5,
            "avg_diversity": 0.3760834334656575
          },
          "round_6": {
            "pairs_analyzed": 7,
            "avg_diversity": 0.3674319647238605
          },
          "round_7": {
            "pairs_analyzed": 5,
            "avg_diversity": 0.4697647882240634
          },
          "round_8": {
            "pairs_analyzed": 5,
            "avg_diversity": 0.3746460436477236
          },
          "round_9": {
            "pairs_analyzed": 4,
            "avg_diversity": 0.5878384838730005
          },
          "round_10": {
            "pairs_analyzed": 4,
            "avg_diversity": 0.3990376767996181
          },
          "round_11": {
            "pairs_analyzed": 7,
            "avg_diversity": 0.430658961661341
          }
        },
        "adaptive_params": {
          "num_walks": 56,
          "max_walk_length": 11,
          "graph_diameter": 11,
          "avg_degree": 3.2142857142857144,
          "total_nodes": 56,
          "total_edges": 90
        },
        "algorithm": "Adaptive_random_walk_sampling",
        "sampling_strategy": "Multi-round (12 rounds, 7 pairs/round)",
        "normalization": "Robust_with_predefined_bounds",
        "fusion_method": "Geometric_mean_of_normalized_metrics",
        "performance": {
          "time_taken": 0.03154301643371582,
          "timeout": false
        }
      }
    },
    "treasure_monster_distribution": {
      "score": 0.4962227957469387,
      "detail": {
        "cv_treasure": 1.2247448713915892,
        "uniformity_treasure": 0.3876275643042054,
        "score": 0.4962227957469387,
        "cv_monster": 2.0,
        "uniformity_monster": 0.0,
        "avg_t2m_dist": 15.95376045907916,
        "proximity_score": 0.6352413648934012
      }
    },
    "aesthetic_balance": {
      "score": 0.8208545977100036,
      "detail": {
        "symmetry_ratio": 0.0,
        "uniformity_area": 0.6738022705816518,
        "uniformity_spacing": 1.0,
        "score": 0.8208545977100036
      }
    }
  },
  "category_scores": {
    "structural": 0.5451364754444785,
    "gameplay": 0.5311290433326097,
    "aesthetic": 0.8208545977100036
  },
  "overall_score": 0.5794904777283729,
  "grade": "C",
  "details": {
    "accessibility": {
      "reachability_ratio": 1.0,
      "avg_path_length": 4.214285714285714,
      "path_variance": 4.204081632653062,
      "normalized": [
        1.0,
        0.5317460317460317,
        0.9480977576215671
      ],
      "score": 0.7958889205550734
    },
    "degree_variance": {
      "raw_variance": 3.04,
      "normalized_variance": 0.76,
      "score": 0.24,
      "degrees": [
        6,
        5,
        2,
        2,
        2
      ]
    },
    "door_distribution": {
      "cv": 0.5216308708580223,
      "avg_distance": 2.738948208794602,
      "avg_entropy": 0.7724550798495136,
      "weights": [
        0.3333333333333333,
        0.3333333333333333,
        0.3333333333333333
      ],
      "normalized": [
        0.7391845645709889,
        0.04883975709358091,
        0.5572085565041908
      ],
      "score": 0.44841095938958686,
      "debug": {
        "count": 90
      }
    },
    "dead_end_ratio": {
      "dead_end_ratio": 0.4,
      "dead_end_count": 2,
      "total_rooms": 5,
      "dead_end_rooms": [
        "rect_52",
        "rect_26"
      ],
      "score": 0.6
    },
    "key_path_length": {
      "raw_length": 6,
      "diameter": 9,
      "normalized_length": 0.6666666666666666,
      "branch_factor": 0.0,
      "score": 0.6666666666666666,
      "path": [
        "rect_1",
        "rect_3",
        "rect_5",
        "rect_9",
        "rect_13",
        "rect_18",
        "rect_21"
      ]
    },
    "loop_ratio": {
      "total_rooms": 56,
      "total_edges": 90,
      "connected_components": 1,
      "cyclomatic_number": 35,
      "loop_ratio": 0.625,
      "algorithm": "Cyclomatic formula",
      "note": "Direct calculation using E - V + C formula",
      "score_breakdown": {
        "loop_ratio": 0.625,
        "final_score": 0.625
      }
    },
    "path_diversity": {
      "avg_path_diversity": 0.38903743741896984,
      "std_path_diversity": 0.18766328259294096,
      "max_path_diversity": 0.7318238799361281,
      "min_path_diversity": 0.0,
      "total_pairs_analyzed": 60,
      "rounds_completed": 12,
      "detailed_analysis": {
        "round_0": {
          "pairs_analyzed": 5,
          "avg_diversity": 0.44596953722220267
        },
        "round_1": {
          "pairs_analyzed": 5,
          "avg_diversity": 0.3569050238093572
        },
        "round_2": {
          "pairs_analyzed": 5,