{
  "scores": {
    "accessibility": {
      "score": 0.760023821856477,
      "detail": {
        "reachability_ratio": 1.0,
        "avg_path_length": 3.72972972972973,
        "path_variance": 2.953981008035062,
        "normalized": [
          1.0,
          0.4671814671814672,
          0.9397146733054069
        ],
        "score": 0.760023821856477
      }
    },
    "degree_variance": {
      "score": 0.0,
      "detail": {
        "raw_variance": 6.222222222222222,
        "normalized_variance": 1.0,
        "score": 0.0,
        "degrees": [
          4,
          8,
          2
        ]
      }
    },
    "door_distribution": {
      "score": 0.4833527626745071,
      "detail": {
        "cv": 0.5061351988413499,
        "avg_distance": 2.2996179729017796,
        "avg_entropy": 0.8650707273987844,
        "weights": [
          0.3333333333333333,
          0.3333333333333333,
          0.3333333333333333
        ],
        "normalized": [
          0.746932400579325,
          0.0791092632259792,
          0.6240166242182174
        ],
        "score": 0.4833527626745071,
        "debug": {
          "count": 72
        }
      }
    },
    "dead_end_ratio": {
      "score": 0.6666666666666667,
      "detail": {
        "dead_end_ratio": 0.3333333333333333,
        "dead_end_count": 1,
        "total_rooms": 3,
        "dead_end_rooms": [
          "rect_17"
        ],
        "score": 0.6666666666666667
      }
    },
    "key_path_length": {
      "score": 0.3779644730092272,
      "detail": {
        "raw_length": 1,
        "diameter": 7,
        "normalized_length": 0.14285714285714285,
        "branch_factor": 1.0,
        "score": 0.3779644730092272,
        "path": [
          "rect_2",
          "rect_4"
        ]
      }
    },
    "loop_ratio": {
      "score": 0.972972972972973,
      "detail": {
        "total_rooms": 37,
        "total_edges": 72,
        "connected_components": 1,
        "cyclomatic_number": 36,
        "loop_ratio": 0.972972972972973,
        "algorithm": "Cyclomatic formula",
        "note": "Direct calculation using E - V + C formula",
        "score_breakdown": {
          "loop_ratio": 0.972972972972973,
          "final_score": 0.972972972972973
        }
      }
    },
    "path_diversity": {
      "score": 0.5476504399871908,
      "detail": {
        "avg_path_diversity": 0.33266255331512223,
        "std_path_diversity": 0.1951799155831939,
        "max_path_diversity": 0.6074359281495383,
        "min_path_diversity": 0.0,
        "total_pairs_analyzed": 35,
        "rounds_completed": 6,
        "detailed_analysis": {
          "round_0": {
            "pairs_analyzed": 5,
            "avg_diversity": 0.2872565259605745
          },
          "round_1": {
            "pairs_analyzed": 8,
            "avg_diversity": 0.3423999403416358
          },
          "round_2": {
            "pairs_analyzed": 5,
            "avg_diversity": 0.3792365120230993
          },
          "round_3": {
            "pairs_analyzed": 6,
            "avg_diversity": 0.3073061886568719
          },
          "round_4": {
            "pairs_analyzed": 6,
            "avg_diversity": 0.32527041385427696
          },
          "round_5": {
            "pairs_analyzed": 5,
            "avg_diversity": 0.3552130076621858
          }
        },
        "adaptive_params": {
          "num_walks": 37,
          "max_walk_length": 5,
          "graph_diameter": 5,
          "avg_degree": 3.891891891891892,
          "total_nodes": 37,
          "total_edges": 72
        },
        "algorithm": "Adaptive_random_walk_sampling",
        "sampling_strategy": "Multi-round (6 rounds, 12 pairs/round)",
        "normalization": "Robust_with_predefined_bounds",
        "fusion_method": "Geometric_mean_of_normalized_metrics",
        "performance": {
          "time_taken": 0.009922981262207031,
          "timeout": false
        }
      }
    },
    "treasure_monster_distribution": {
      "score": 0.0,
      "detail": {
        "reason": "No treasures found"
      }
    },
    "aesthetic_balance": {
      "score": 1.0,
      "detail": {
        "symmetry_ratio": 0.0,
        "uniformity_area": 1.0,
        "uniformity_spacing": 1.0,
        "score": 1.0
      }
    }
  },
  "category_scores": {
    "structural": 0.5376765243967901,
    "gameplay": 0.3523935093282097,
    "aesthetic": 1.0
  },
  "overall_score": 0.5143835382029814,
  "grade": "C",
  "details": {
    "accessibility": {
      "reachability_ratio": 1.0,
      "avg_path_length": 3.72972972972973,
      "path_variance": 2.953981008035062,
      "normalized": [
        1.0,
        0.4671814671814672,
        0.9397146733054069
      ],
      "score": 0.760023821856477
    },
    "degree_variance": {
      "raw_variance": 6.222222222222222,
      "normalized_variance": 1.0,
      "score": 0.0,
      "degrees": [
        4,
        8,
        2
      ]
    },
    "door_distribution": {
      "cv": 0.5061351988413499,
      "avg_distance": 2.2996179729017796,
      "avg_entropy": 0.8650707273987844,
      "weights": [
        0.3333333333333333,
        0.3333333333333333,
        0.3333333333333333
      ],
      "normalized": [
        0.746932400579325,
        0.0791092632259792,
        0.6240166242182174
      ],
      "score": 0.4833527626745071,
      "debug": {
        "count": 72
      }
    },
    "dead_end_ratio": {
      "dead_end_ratio": 0.3333333333333333,
      "dead_end_count": 1,
      "total_rooms": 3,
      "dead_end_rooms": [
        "rect_17"
      ],
      "score": 0.6666666666666667
    },
    "key_path_length": {
      "raw_length": 1,
      "diameter": 7,
      "normalized_length": 0.14285714285714285,
      "branch_factor": 1.0,
      "score": 0.3779644730092272,
      "path": [
        "rect_2",
        "rect_4"
      ]
    },
    "loop_ratio": {
      "total_rooms": 37,
      "total_edges": 72,
      "connected_components": 1,
      "cyclomatic_number": 36,
      "loop_ratio": 0.972972972972973,
      "algorithm": "Cyclomatic formula",
      "note": "Direct calculation using E - V + C formula",
      "score_breakdown": {
        "loop_ratio": 0.972972972972973,
        "final_score": 0.972972972972973
      }
    },
    "path_diversity": {
      "avg_path_diversity": 0.33266255331512223,
      "std_path_diversity": 0.1951799155831939,
      "max_path_diversity": 0.6074359281495383,
      "min_path_diversity": 0.0,
      "total_pairs_analyzed": 35,
      "rounds_completed": 6,
      "detailed_analysis": {
        "round_0": {
          "pairs_analyzed": 5,
          "avg_diversity": 0.2872565259605745
        },
        "round_1": {
          "pairs_analyzed": 8,
          "avg_diversity": 0.3423999403416358
        },
        "round_2": {
          "pairs_analyzed": 5,
          "avg_diversity": 0.3792365120230993
        },
        "round_3": {
          "pairs_analyzed": 6,
          "avg_diversity": 0.3073061886568719
        },
        "round_4": {
          "pairs_analyzed": 6,
          "avg_diversity": 0.32527041385427696
        },
        "round_5": {
          "pairs_analyzed": 5,
          "avg_diversity": 0.3552130076621858
        }
      },
      "adaptive_params": {
        "num_walks": 37,
        "max_walk_length": 5,
        "graph_diameter": 5,
        "avg_degree": 3.891891891891892,
        "total_nodes": 37,
        "total_edges": 72
      },
      "algorithm": "Adaptive_random_walk_sampling",
      "sampling_strategy": "Multi-round (6 rounds, 12 pairs/round)",
      "normalization": "Robust_with_predefined_bounds",
      "fusion_method": "Geometric_mean_of_normalized_metrics",
      "performance": {
        "time_taken": 0.009922981262207031,
        "timeout": false
      }
    },
    "treasure_monster_distribution": {
      "reason": "No treasures found"
    },
    "aesthetic_balance": {
      "symmetry_ratio": 0.0,
      "uniformity_area": 1.0,
      "uniformity_spacing": 1.0,
      "score": 1.0
    }
  },