{
  "scores": {
    "accessibility": {
      "score": 0.8019617189747031,
      "detail": {
        "reachability_ratio": 1.0,
        "avg_path_length": 4.36,
        "path_variance": 8.5504,
        "normalized": [
          1.0,
          0.564,
          0.914496
        ],
        "score": 0.8019617189747031
      }
    },
    "degree_variance": {
      "score": 1.0,
      "detail": {
        "raw_variance": 0.0,
        "normalized_variance": 0.0,
        "score": 1.0,
        "degrees": [
          4,
          4,
          4,
          4
        ]
      }
    },
    "door_distribution": {
      "score": 0.47184890640637145,
      "detail": {
        "cv": 0.29122606901539866,
        "avg_distance": 2.756267977930154,
        "avg_entropy": 0.709015824348106,
        "weights": [
          0.3333333333333333,
          0.3333333333333333,
          0.3333333333333333
        ],
        "normalized": [
          0.8543869654923006,
          0.04971294687740717,
          0.5114468068494065
        ],
        "score": 0.47184890640637145,
        "debug": {
          "count": 39
        }
      }
    },
    "dead_end_ratio": {
      "score": 0.75,
      "detail": {
        "dead_end_ratio": 0.25,
        "dead_end_count": 1,
        "total_rooms": 4,
        "dead_end_rooms": [
          "rect_24"
        ],
        "score": 0.75
      }
    },
    "key_path_length": {
      "score": 0.8,
      "detail": {
        "raw_length": 8,
        "diameter": 10,
        "normalized_length": 0.8,
        "branch_factor": 0.0,
        "score": 0.8,
        "path": [
          "rect_2",
          "rect_3",
          "rect_4",
          "rect_5",
          "rect_6",
          "rect_7",
          "rect_8",
          "rect_9",
          "rect_10"
        ]
      }
    },
    "loop_ratio": {
      "score": 0.401312339887548,
      "detail": {
        "total_rooms": 25,
        "total_edges": 39,
        "connected_components": 1,
        "cyclomatic_number": 15,
        "loop_ratio": 0.6,
        "sigmoid_loop_ratio": 0.401312339887548,
        "algorithm": "Cyclomatic formula + Sigmoid normalization",
        "note": "Direct calculation using E - V + C formula, then sigmoid mapping to [0,1]",
        "score_breakdown": {
          "raw_loop_ratio": 0.6,
          "sigmoid_loop_ratio": 0.401312339887548,
          "final_score": 0.401312339887548
        }
      }
    },
    "path_diversity": {
      "score": 0.5701735466514348,
      "detail": {
        "avg_path_diversity": 0.40013515367396885,
        "std_path_diversity": 0.1459149215216244,
        "max_path_diversity": 0.7017778289152796,
        "min_path_diversity": 0.0,
        "total_pairs_analyzed": 22,
        "rounds_completed": 9,
        "detailed_analysis": {
          "round_0": {
            "pairs_analyzed": 4,
            "avg_diversity": 0.3673309058772565
          },
          "round_1": {
            "pairs_analyzed": 3,
            "avg_diversity": 0.3897637936806941
          },
          "round_2": {
            "pairs_analyzed": 1,
            "avg_diversity": 0.4277250657929161
          },
          "round_3": {
            "pairs_analyzed": 2,
            "avg_diversity": 0.2357577877565568
          },
          "round_4": {
            "pairs_analyzed": 3,
            "avg_diversity": 0.30850784158446504
          },
          "round_5": {
            "pairs_analyzed": 2,
            "avg_diversity": 0.4840312255000647
          },
          "round_6": {
            "pairs_analyzed": 2,
            "avg_diversity": 0.4266934218512214
          },
          "round_7": {
            "pairs_analyzed": 2,
            "avg_diversity": 0.3812238587364055
          },
          "round_8": {
            "pairs_analyzed": 3,
            "avg_diversity": 0.5852323993471331
          }
        },
        "adaptive_params": {
          "num_walks": 25,
          "max_walk_length": 9,
          "graph_diameter": 9,
          "avg_degree": 3.12,
          "total_nodes": 25,
          "total_edges": 39
        },
        "algorithm": "Adaptive_random_walk_sampling",
        "sampling_strategy": "Multi-round (9 rounds, 4 pairs/round)",
        "normalization": "Robust_with_predefined_bounds",
        "fusion_method": "Geometric_mean_of_normalized_metrics",
        "performance": {
          "time_taken": 0.005324125289916992,
          "timeout": false
        }
      }
    },
    "treasure_monster_distribution": {
      "score": 0.4597629693156918,
      "detail": {
        "cv_treasure": 1.7320508075688772,
        "uniformity_treasure": 0.0,
        "score": 0.4597629693156918,
        "cv_monster": 1.0,
        "uniformity_monster": 0.42264973081037416,
        "avg_t2m_dist": 21.5,
        "proximity_score": 0.5001351534015771
      }
    },
    "aesthetic_balance": {
      "score": 0.6545936486654577,
      "detail": {
        "symmetry_ratio": 0.5,
        "uniformity_area": 0.7080223785890816,
        "uniformity_spacing": 0.7923159019676977,
        "score": 0.6545936486654577
      }
    }
  },
  "category_scores": {
    "structural": 0.6850423588457226,
    "gameplay": 0.4597629693156918,
    "aesthetic": 0.6545936486654577
  },
  "overall_score": 0.5997996589422907,
  "grade": "C",
  "details": {
    "accessibility": {
      "reachability_ratio": 1.0,
      "avg_path_length": 4.36,
      "path_variance": 8.5504,
      "normalized": [
        1.0,
        0.564,
        0.914496
      ],
      "score": 0.8019617189747031
    },
    "degree_variance": {
      "raw_variance": 0.0,
      "normalized_variance": 0.0,
      "score": 1.0,
      "degrees": [
        4,
        4,
        4,
        4
      ]
    },
    "door_distribution": {
      "cv": 0.29122606901539866,
      "avg_distance": 2.756267977930154,
      "avg_entropy": 0.709015824348106,
      "weights": [
        0.3333333333333333,
        0.3333333333333333,
        0.3333333333333333
      ],
      "normalized": [
        0.8543869654923006,
        0.04971294687740717,
        0.5114468068494065
      ],
      "score": 0.47184890640637145,
      "debug": {
        "count": 39
      }
    },
    "dead_end_ratio": {
      "dead_end_ratio": 0.25,
      "dead_end_count": 1,
      "total_rooms": 4,
      "dead_end_rooms": [
        "rect_24"
      ],
      "score": 0.75
    },
    "key_path_length": {
      "raw_length": 8,
      "diameter": 10,
      "normalized_length": 0.8,
      "branch_factor": 0.0,
      "score": 0.8,
      "path": [
        "rect_2",
        "rect_3",
        "rect_4",
        "rect_5",
        "rect_6",
        "rect_7",
        "rect_8",
        "rect_9",
        "rect_10"
      ]
    },
    "loop_ratio": {
      "total_rooms": 25,
      "total_edges": 39,
      "connected_components": 1,
      "cyclomatic_number": 15,
      "loop_ratio": 0.6,
      "sigmoid_loop_ratio": 0.401312339887548,
      "algorithm": "Cyclomatic formula + Sigmoid normalization",
      "note": "Direct calculation using E - V + C formula, then sigmoid mapping to [0,1]",
      "score_breakdown": {
        "raw_loop_ratio": 0.6,
        "sigmoid_loop_ratio": 0.401312339887548,
        "final_score": 0.401312339887548
      }
    },
    "path_diversity": {
      "avg_path_diversity": 0.40013515367396885,
      "std_path_diversity": 0.1459149215216244,
      "max_path_diversity": 0.7017778289152796,
      "min_path_diversity": 0.0,
      "total_pairs_analyzed": 22,
      "rounds_completed": 9,
      "detailed_analysis": {
        "round_0": {
          "pairs_analyzed": 4,
          "avg_diversity": 0.3673309058772565
        },
        "round_1": {
          "pairs_analyzed": 3,
          "avg_diversity": 0.3897637936806941
        },
        "round_2": {
          "pairs_analyzed": 1,
          "avg_diversity": 0.4277250657929161
        },
        "round_3": {
          "pairs_analyzed": 2,
          "avg_diversity": 0.2357577877565568
        },
        "round_4": {
          "pairs_analyzed": 3,