{
  "scores": {
    "accessibility": {
      "score": 0.7670156990885199,
      "detail": {
        "reachability_ratio": 1.0,
        "avg_path_length": 2.066666666666667,
        "path_variance": 1.0622222222222222,
        "normalized": [
          1.0,
          0.4833333333333333,
          0.9336111111111112
        ],
        "score": 0.7670156990885199
      }
    },
    "degree_variance": {
      "score": 0.0,
      "detail": {
        "raw_variance": 6.75,
        "normalized_variance": 1.0,
        "score": 0.0,
        "degrees": [
          8,
          2,
          2,
          2
        ]
      }
    },
    "door_distribution": {
      "score": 0.4406930148749977,
      "detail": {
        "cv": 0.5986805219371503,
        "avg_distance": 2.543658515096241,
        "avg_entropy": 0.7472433310467012,
        "weights": [
          0.3333333333333333,
          0.3333333333333333,
          0.3333333333333333
        ],
        "normalized": [
          0.7006597390314249,
          0.08239718157435535,
          0.5390221240192129
        ],
        "score": 0.4406930148749977,
        "debug": {
          "count": 56
        }
      }
    },
    "dead_end_ratio": {
      "score": 0.75,
      "detail": {
        "dead_end_ratio": 0.25,
        "dead_end_count": 1,
        "total_rooms": 4,
        "dead_end_rooms": [
          "rect_14"
        ],
        "score": 0.75
      }
    },
    "key_path_length": {
      "score": 1.0,
      "detail": {
        "raw_length": 4,
        "diameter": 4,
        "normalized_length": 1.0,
        "branch_factor": 0.0,
        "score": 1.0,
        "path": [
          "rect_2",
          "rect_4",
          "rect_6",
          "rect_9",
          "rect_12"
        ]
      }
    },
    "loop_ratio": {
      "score": 0.9,
      "detail": {
        "total_rooms": 30,
        "total_edges": 56,
        "connected_components": 1,
        "cyclomatic_number": 27,
        "loop_ratio": 0.9,
        "algorithm": "Cyclomatic formula",
        "note": "Direct calculation using E - V + C formula",
        "score_breakdown": {
          "loop_ratio": 0.9,
          "final_score": 0.9
        }
      }
    },
    "path_diversity": {
      "score": 0.45541168200274085,
      "detail": {
        "avg_path_diversity": 0.33919561998445535,
        "std_path_diversity": 0.24190101386148732,
        "max_path_diversity": 0.744810977383786,
        "min_path_diversity": 0.0,
        "total_pairs_analyzed": 47,
        "rounds_completed": 4,
        "detailed_analysis": {
          "round_0": {
            "pairs_analyzed": 13,
            "avg_diversity": 0.32408929747180615
          },
          "round_1": {
            "pairs_analyzed": 13,
            "avg_diversity": 0.3446688031430375
          },
          "round_2": {
            "pairs_analyzed": 10,
            "avg_diversity": 0.41609455969475817
          },
          "round_3": {
            "pairs_analyzed": 11,
            "avg_diversity": 0.2806721122117139
          }
        },
        "adaptive_params": {
          "num_walks": 30,
          "max_walk_length": 7,
          "graph_diameter": 7,
          "avg_degree": 3.7333333333333334,
          "total_nodes": 30,
          "total_edges": 56
        },
        "algorithm": "Adaptive_random_walk_sampling",
        "sampling_strategy": "Multi-round (4 rounds, 14 pairs/round)",
        "normalization": "Robust_with_predefined_bounds",
        "fusion_method": "Geometric_mean_of_normalized_metrics",
        "performance": {
          "time_taken": 0.008210897445678711,
          "timeout": false
        }
      }
    },
    "treasure_monster_distribution": {
      "score": 0.42264973081037416,
      "detail": {
        "cv_treasure": 1.0,
        "uniformity_treasure": 0.42264973081037416,
        "score": 0.42264973081037416,
        "cv_monster": 0.0,
        "uniformity_monster": 0.0,
        "avg_t2m_dist": 0.0,
        "proximity_score": 0.0,
        "note": "Only treasure distribution evaluated (no monsters found)"
      }
    },
    "aesthetic_balance": {
      "score": 0.5344758133425329,
      "detail": {
        "symmetry_ratio": 0.25,
        "uniformity_area": 0.7537438472916258,
        "uniformity_spacing": 0.8102525038711007,
        "score": 0.5344758133425329
      }
    }
  },
  "category_scores": {
    "structural": 0.5174605296517776,
    "gameplay": 0.501224565125246,
    "aesthetic": 0.5344758133425329
  },
  "overall_score": 0.5118948399421251,
  "grade": "C",
  "details": {
    "accessibility": {
      "reachability_ratio": 1.0,
      "avg_path_length": 2.066666666666667,
      "path_variance": 1.0622222222222222,
      "normalized": [
        1.0,
        0.4833333333333333,
        0.9336111111111112
      ],
      "score": 0.7670156990885199
    },
    "degree_variance": {
      "raw_variance": 6.75,
      "normalized_variance": 1.0,
      "score": 0.0,
      "degrees": [
        8,
        2,
        2,
        2
      ]
    },
    "door_distribution": {
      "cv": 0.5986805219371503,
      "avg_distance": 2.543658515096241,
      "avg_entropy": 0.7472433310467012,
      "weights": [
        0.3333333333333333,
        0.3333333333333333,
        0.3333333333333333
      ],
      "normalized": [
        0.7006597390314249,
        0.08239718157435535,
        0.5390221240192129
      ],
      "score": 0.4406930148749977,
      "debug": {
        "count": 56
      }
    },
    "dead_end_ratio": {
      "dead_end_ratio": 0.25,
      "dead_end_count": 1,
      "total_rooms": 4,
      "dead_end_rooms": [
        "rect_14"
      ],
      "score": 0.75
    },
    "key_path_length": {
      "raw_length": 4,
      "diameter": 4,
      "normalized_length": 1.0,
      "branch_factor": 0.0,
      "score": 1.0,
      "path": [
        "rect_2",
        "rect_4",
        "rect_6",
        "rect_9",
        "rect_12"
      ]
    },
    "loop_ratio": {
      "total_rooms": 30,
      "total_edges": 56,
      "connected_components": 1,
      "cyclomatic_number": 27,
      "loop_ratio": 0.9,
      "algorithm": "Cyclomatic formula",
      "note": "Direct calculation using E - V + C formula",
      "score_breakdown": {
        "loop_ratio": 0.9,
        "final_score": 0.9
      }
    },
    "path_diversity": {
      "avg_path_diversity": 0.33919561998445535,
      "std_path_diversity": 0.24190101386148732,
      "max_path_diversity": 0.744810977383786,
      "min_path_diversity": 0.0,
      "total_pairs_analyzed": 47,
      "rounds_completed": 4,
      "detailed_analysis": {
        "round_0": {
          "pairs_analyzed": 13,
          "avg_diversity": 0.32408929747180615
        },
        "round_1": {
          "pairs_analyzed": 13,
          "avg_diversity": 0.3446688031430375
        },
        "round_2": {
          "pairs_analyzed": 10,
          "avg_diversity": 0.41609455969475817
        },
        "round_3": {
          "pairs_analyzed": 11,
          "avg_diversity": 0.2806721122117139
        }
      },
      "adaptive_params": {
        "num_walks": 30,
        "max_walk_length": 7,
        "graph_diameter": 7,
        "avg_degree": 3.7333333333333334,
        "total_nodes": 30,
        "total_edges": 56
      },
      "algorithm": "Adaptive_random_walk_sampling",
      "sampling_strategy": "Multi-round (4 rounds, 14 pairs/round)",
      "normalization": "Robust_with_predefined_bounds",
      "fusion_method": "Geometric_mean_of_normalized_metrics",
      "performance": {
        "time_taken": 0.008210897445678711,
        "timeout": false
      }
    },
    "treasure_monster_distribution": {
      "cv_treasure": 1.0,
      "uniformity_treasure": 0.42264973081037416,
      "score": 0.42264973081037416,
      "cv_monster": 0.0,
      "uniformity_monster": 0.0,
      "avg_t2m_dist": 0.0,
      "proximity_score": 0.0,
      "note": "Only treasure distribution evaluated (no monsters found)"
    },
    "aesthetic_balance": {
      "symmetry_ratio": 0.25,