{
  "scores": {
    "accessibility": {
      "score": 0.8018428405223345,
      "detail": {
        "reachability_ratio": 1.0,
        "avg_path_length": 2.6666666666666665,
        "path_variance": 2.5925925925925926,
        "normalized": [
          1.0,
          0.5555555555555556,
          0.9279835390946503
        ],
        "score": 0.8018428405223345
      }
    },
    "degree_variance": {
      "score": 0.0,
      "detail": {
        "raw_variance": 2.0,
        "normalized_variance": 1.0,
        "score": 0.0,
        "degrees": [
          6,
          3,
          3
        ]
      }
    },
    "door_distribution": {
      "score": 0.46076429749321407,
      "detail": {
        "cv": 0.433589667773576,
        "avg_distance": 2.5386473936517024,
        "avg_entropy": 0.7230739210146877,
        "weights": [
          0.3333333333333333,
          0.3333333333333333,
          0.3333333333333333
        ],
        "normalized": [
          0.783205166113212,
          0.07750014634441633,
          0.521587580022014
        ],
        "score": 0.46076429749321407,
        "debug": {
          "count": 50
        }
      }
    },
    "dead_end_ratio": {
      "score": 0.6666666666666667,
      "detail": {
        "dead_end_ratio": 0.3333333333333333,
        "dead_end_count": 1,
        "total_rooms": 3,
        "dead_end_rooms": [
          "rect_13"
        ],
        "score": 0.6666666666666667
      }
    },
    "key_path_length": {
      "score": 0.408248290463863,
      "detail": {
        "raw_length": 1,
        "diameter": 6,
        "normalized_length": 0.16666666666666666,
        "branch_factor": 1.0,
        "score": 0.408248290463863,
        "path": [
          "rect_2",
          "rect_7"
        ]
      }
    },
    "loop_ratio": {
      "score": 0.8888888888888888,
      "detail": {
        "total_rooms": 27,
        "total_edges": 50,
        "connected_components": 1,
        "cyclomatic_number": 24,
        "loop_ratio": 0.8888888888888888,
        "algorithm": "Cyclomatic formula",
        "note": "Direct calculation using E - V + C formula",
        "score_breakdown": {
          "loop_ratio": 0.8888888888888888,
          "final_score": 0.8888888888888888
        }
      }
    },
    "path_diversity": {
      "score": 0.58740101744477,
      "detail": {
        "avg_path_diversity": 0.3417893563269819,
        "std_path_diversity": 0.19478979321443168,
        "max_path_diversity": 0.5818671506797626,
        "min_path_diversity": 0.0,
        "total_pairs_analyzed": 28,
        "rounds_completed": 7,
        "detailed_analysis": {
          "round_0": {
            "pairs_analyzed": 4,
            "avg_diversity": 0.4245839905124984
          },
          "round_1": {
            "pairs_analyzed": 4,
            "avg_diversity": 0.32505139610169387
          },
          "round_2": {
            "pairs_analyzed": 3,
            "avg_diversity": 0.27922496228705074
          },
          "round_3": {
            "pairs_analyzed": 5,
            "avg_diversity": 0.4579336384970795
          },
          "round_4": {
            "pairs_analyzed": 4,
            "avg_diversity": 0.3011008033566467
          },
          "round_5": {
            "pairs_analyzed": 3,
            "avg_diversity": 0.3060809589946621
          },
          "round_6": {
            "pairs_analyzed": 5,
            "avg_diversity": 0.26431425218832005
          }
        },
        "adaptive_params": {
          "num_walks": 27,
          "max_walk_length": 5,
          "graph_diameter": 5,
          "avg_degree": 3.7037037037037037,
          "total_nodes": 27,
          "total_edges": 50
        },
        "algorithm": "Adaptive_random_walk_sampling",
        "sampling_strategy": "Multi-round (7 rounds, 7 pairs/round)",
        "normalization": "Robust_with_predefined_bounds",
        "fusion_method": "Geometric_mean_of_normalized_metrics",
        "performance": {
          "time_taken": 0.005266904830932617,
          "timeout": false
        }
      }
    },
    "treasure_monster_distribution": {
      "score": 0.5,
      "detail": {
        "cv_treasure": 0.7071067811865476,
        "uniformity_treasure": 0.5,
        "score": 0.5,
        "cv_monster": 1.4142135623730951,
        "uniformity_monster": 0.0,
        "avg_t2m_dist": 10.00693533191031,
        "proximity_score": 0.0
      }
    },
    "aesthetic_balance": {
      "score": 0.7924058156930615,
      "detail": {
        "symmetry_ratio": 0.0,
        "uniformity_area": 0.627906976744186,
        "uniformity_spacing": 1.0,
        "score": 0.7924058156930615
      }
    }
  },
  "category_scores": {
    "structural": 0.5335486144469885,
    "gameplay": 0.5682937403112414,
    "aesthetic": 0.7924058156930615
  },
  "overall_score": 0.5897497575660259,
  "grade": "C",
  "details": {
    "accessibility": {
      "reachability_ratio": 1.0,
      "avg_path_length": 2.6666666666666665,
      "path_variance": 2.5925925925925926,
      "normalized": [
        1.0,
        0.5555555555555556,
        0.9279835390946503
      ],
      "score": 0.8018428405223345
    },
    "degree_variance": {
      "raw_variance": 2.0,
      "normalized_variance": 1.0,
      "score": 0.0,
      "degrees": [
        6,
        3,
        3
      ]
    },
    "door_distribution": {
      "cv": 0.433589667773576,
      "avg_distance": 2.5386473936517024,
      "avg_entropy": 0.7230739210146877,
      "weights": [
        0.3333333333333333,
        0.3333333333333333,
        0.3333333333333333
      ],
      "normalized": [
        0.783205166113212,
        0.07750014634441633,
        0.521587580022014
      ],
      "score": 0.46076429749321407,
      "debug": {
        "count": 50
      }
    },
    "dead_end_ratio": {
      "dead_end_ratio": 0.3333333333333333,
      "dead_end_count": 1,
      "total_rooms": 3,
      "dead_end_rooms": [
        "rect_13"
      ],
      "score": 0.6666666666666667
    },
    "key_path_length": {
      "raw_length": 1,
      "diameter": 6,
      "normalized_length": 0.16666666666666666,
      "branch_factor": 1.0,
      "score": 0.408248290463863,
      "path": [
        "rect_2",
        "rect_7"
      ]
    },
    "loop_ratio": {
      "total_rooms": 27,
      "total_edges": 50,
      "connected_components": 1,
      "cyclomatic_number": 24,
      "loop_ratio": 0.8888888888888888,
      "algorithm": "Cyclomatic formula",
      "note": "Direct calculation using E - V + C formula",
      "score_breakdown": {
        "loop_ratio": 0.8888888888888888,
        "final_score": 0.8888888888888888
      }
    },
    "path_diversity": {
      "avg_path_diversity": 0.3417893563269819,
      "std_path_diversity": 0.19478979321443168,
      "max_path_diversity": 0.5818671506797626,
      "min_path_diversity": 0.0,
      "total_pairs_analyzed": 28,
      "rounds_completed": 7,
      "detailed_analysis": {
        "round_0": {
          "pairs_analyzed": 4,
          "avg_diversity": 0.4245839905124984
        },
        "round_1": {
          "pairs_analyzed": 4,
          "avg_diversity": 0.32505139610169387
        },
        "round_2": {
          "pairs_analyzed": 3,
          "avg_diversity": 0.27922496228705074
        },
        "round_3": {
          "pairs_analyzed": 5,
          "avg_diversity": 0.4579336384970795
        },
        "round_4": {
          "pairs_analyzed": 4,
          "avg_diversity": 0.3011008033566467
        },
        "round_5": {
          "pairs_analyzed": 3,
          "avg_diversity": 0.3060809589946621
        },
        "round_6": {
          "pairs_analyzed": 5,
          "avg_diversity": 0.26431425218832005
        }
      },
      "adaptive_params": {
        "num_walks": 27,
        "max_walk_length": 5,
        "graph_diameter": 5,
        "avg_degree": 3.7037037037037037,
        "total_nodes": 27,
        "total_edges": 50
      },
      "algorithm": "Adaptive_random_walk_sampling",