{
  "scores": {
    "accessibility": {
      "score": 0.6376437275907963,
      "detail": {
        "reachability_ratio": 1.0,
        "avg_path_length": 0.6666666666666666,
        "path_variance": 0.22222222222222224,
        "normalized": [
          1.0,
          0.33333333333333337,
          0.7777777777777778
        ],
        "score": 0.6376437275907963
      }
    },
    "degree_variance": {
      "score": 0.9591836734693877,
      "detail": {
        "raw_variance": 0.5,
        "normalized_variance": 0.04081632653061224,
        "score": 0.9591836734693877,
        "degrees": [
          2,
          0,
          0,
          0,
          0,
          0,
          1,
          1
        ]
      }
    },
    "door_distribution": {
      "score": 0.4248086756048631,
      "detail": {
        "cv": 0.3535533905932738,
        "avg_distance": 6.5,
        "avg_entropy": 0.06666666666666667,
        "weights": [
          0.3333333333333333,
          0.3333333333333333,
          0.3333333333333333
        ],
        "normalized": [
          0.8232233047033631,
          0.4031128874149275,
          0.04808983469629878
        ],
        "score": 0.4248086756048631,
        "debug": {
          "count": 2
        }
      }
    },
    "dead_end_ratio": {
      "score": 0.75,
      "detail": {
        "dead_end_ratio": 0.25,
        "dead_end_count": 2,
        "total_rooms": 8,
        "dead_end_rooms": [
          "space_6",
          "space_7"
        ],
        "score": 0.75
      }
    },
    "key_path_length": {
      "score": 1.0,
      "detail": {
        "raw_length": 1,
        "diameter": 1,
        "normalized_length": 1.0,
        "branch_factor": 1.0,
        "score": 1.0,
        "path": [
          "space_0",
          "space_7"
        ]
      }
    },
    "loop_ratio": {
      "score": 0.1,
      "detail": {
        "total_rooms": 3,
        "total_edges": 2,
        "connected_components": 1,
        "cyclomatic_number": 0,
        "loop_ratio": 0.1,
        "algorithm": "Cyclomatic formula",
        "note": "Direct calculation using E - V + C formula",
        "score_breakdown": {
          "loop_ratio": 0.1,
          "final_score": 0.1
        }
      }
    },
    "path_diversity": {
      "score": 0.5,
      "detail": {
        "avg_path_diversity": 0.2886751341783427,
        "std_path_diversity": 0.2886751341783427,
        "max_path_diversity": 0.5773502683566853,
        "min_path_diversity": 0.0,
        "total_pairs_analyzed": 2,
        "rounds_completed": 1,
        "detailed_analysis": {
          "round_0": {
            "pairs_analyzed": 2,
            "avg_diversity": 0.2886751341783427
          }
        },
        "adaptive_params": {
          "num_walks": 2,
          "max_walk_length": 5,
          "graph_diameter": 5,
          "avg_degree": 1.3333333333333333,
          "total_nodes": 3,
          "total_edges": 2
        },
        "algorithm": "Adaptive_random_walk_sampling",
        "sampling_strategy": "Multi-round (1 rounds, 2 pairs/round)",
        "normalization": "Robust_with_predefined_bounds",
        "fusion_method": "Geometric_mean_of_normalized_metrics",
        "performance": {
          "time_taken": 0.0002410411834716797,
          "timeout": false
        }
      }
    },
    "treasure_monster_distribution": {
      "score": 0.0,
      "detail": {
        "reason": "Insufficient rooms or entities"
      }
    },
    "aesthetic_balance": {
      "score": 0.9545239472722391,
      "detail": {
        "symmetry_ratio": 0.0,
        "uniformity_area": 0.9534606395231295,
        "uniformity_spacing": 0.9555884408315672,
        "score": 0.9545239472722391
      }
    }
  },
  "category_scores": {
    "structural": 0.5735223107112368,
    "gameplay": 0.35000000000000003,
    "aesthetic": 0.9545239472722391
  },
  "overall_score": 0.5189114008397687,
  "grade": "C",
  "details": {
    "accessibility": {
      "reachability_ratio": 1.0,
      "avg_path_length": 0.6666666666666666,
      "path_variance": 0.22222222222222224,
      "normalized": [
        1.0,
        0.33333333333333337,
        0.7777777777777778
      ],
      "score": 0.6376437275907963
    },
    "degree_variance": {
      "raw_variance": 0.5,
      "normalized_variance": 0.04081632653061224,
      "score": 0.9591836734693877,
      "degrees": [
        2,
        0,
        0,
        0,
        0,
        0,
        1,
        1
      ]
    },
    "door_distribution": {
      "cv": 0.3535533905932738,
      "avg_distance": 6.5,
      "avg_entropy": 0.06666666666666667,
      "weights": [
        0.3333333333333333,
        0.3333333333333333,
        0.3333333333333333
      ],
      "normalized": [
        0.8232233047033631,
        0.4031128874149275,
        0.04808983469629878
      ],
      "score": 0.4248086756048631,
      "debug": {
        "count": 2
      }
    },
    "dead_end_ratio": {
      "dead_end_ratio": 0.25,
      "dead_end_count": 2,
      "total_rooms": 8,
      "dead_end_rooms": [
        "space_6",
        "space_7"
      ],
      "score": 0.75
    },
    "key_path_length": {
      "raw_length": 1,
      "diameter": 1,
      "normalized_length": 1.0,
      "branch_factor": 1.0,
      "score": 1.0,
      "path": [
        "space_0",
        "space_7"
      ]
    },
    "loop_ratio": {
      "total_rooms": 3,
      "total_edges": 2,
      "connected_components": 1,
      "cyclomatic_number": 0,
      "loop_ratio": 0.1,
      "algorithm": "Cyclomatic formula",
      "note": "Direct calculation using E - V + C formula",
      "score_breakdown": {
        "loop_ratio": 0.1,
        "final_score": 0.1
      }
    },
    "path_diversity": {
      "avg_path_diversity": 0.2886751341783427,
      "std_path_diversity": 0.2886751341783427,
      "max_path_diversity": 0.5773502683566853,
      "min_path_diversity": 0.0,
      "total_pairs_analyzed": 2,
      "rounds_completed": 1,
      "detailed_analysis": {
        "round_0": {
          "pairs_analyzed": 2,
          "avg_diversity": 0.2886751341783427
        }
      },
      "adaptive_params": {
        "num_walks": 2,
        "max_walk_length": 5,
        "graph_diameter": 5,
        "avg_degree": 1.3333333333333333,
        "total_nodes": 3,
        "total_edges": 2
      },
      "algorithm": "Adaptive_random_walk_sampling",
      "sampling_strategy": "Multi-round (1 rounds, 2 pairs/round)",
      "normalization": "Robust_with_predefined_bounds",
      "fusion_method": "Geometric_mean_of_normalized_metrics",
      "performance": {
        "time_taken": 0.0002410411834716797,
        "timeout": false
      }
    },
    "treasure_monster_distribution": {
      "reason": "Insufficient rooms or entities"
    },
    "aesthetic_balance": {
      "symmetry_ratio": 0.0,
      "uniformity_area": 0.9534606395231295,
      "uniformity_spacing": 0.9555884408315672,
      "score": 0.9545239472722391
    }
  },
  "recommendations": [
    "Structural issues detected: improve room connectivity and door placement",
    "Improve door distribution for better flow",
    "Gameplay issues detected: enhance path diversity and element distribution",
    "Add more path choices to provide more ways to reach the target",
    "Improve treasure and monster distribution: ensure balanced density, add bosses, and spread elements spatially"
  ],
  "spatial_inference_used": true
}