{
  "scores": {
    "accessibility": {
      "score": 0.798390155571744,
      "detail": {
        "reachability_ratio": 1.0,
        "avg_path_length": 8.32876712328767,
        "path_variance": 17.11109026083693,
        "normalized": [
          1.0,
          0.5372907153729072,
          0.9471879930221082
        ],
        "score": 0.798390155571744
      }
    },
    "degree_variance": {
      "score": 0.7649382716049382,
      "detail": {
        "raw_variance": 4.76,
        "normalized_variance": 0.23506172839506173,
        "score": 0.7649382716049382,
        "degrees": [
          6,
          8,
          4,
          9,
          2,
          2,
          4,
          5,
          4,
          4
        ]
      }
    },
    "door_distribution": {
      "score": 0.4602301110472637,
      "detail": {
        "cv": 0.5294392853650861,
        "avg_distance": 2.4802857938542626,
        "avg_entropy": 0.8482165222910503,
        "weights": [
          0.3333333333333333,
          0.3333333333333333,
          0.3333333333333333
        ],
        "normalized": [
          0.7352803573174569,
          0.033551090669643624,
          0.6118588851546906
        ],
        "score": 0.4602301110472637,
        "debug": {
          "count": 301
        }
      }
    },
    "dead_end_ratio": {
      "score": 0.8,
      "detail": {
        "dead_end_ratio": 0.2,
        "dead_end_count": 2,
        "total_rooms": 10,
        "dead_end_rooms": [
          "rect_68",
          "rect_137"
        ],
        "score": 0.8
      }
    },
    "key_path_length": {
      "score": 0.8888888888888888,
      "detail": {
        "raw_length": 16,
        "diameter": 18,
        "normalized_length": 0.8888888888888888,
        "branch_factor": 0.0,
        "score": 0.8888888888888888,
        "path": [
          "rect_0",
          "rect_2",
          "rect_6",
          "rect_9",
          "rect_12",
          "rect_18",
          "rect_48",
          "rect_42",
          "rect_47",
          "rect_53",
          "rect_55",
          "rect_57",
          "rect_60",
          "rect_62",
          "rect_64",
          "rect_65",
          "rect_66"
        ]
      }
    },
    "loop_ratio": {
      "score": 1.0684931506849316,
      "detail": {
        "total_rooms": 146,
        "total_edges": 301,
        "connected_components": 1,
        "cyclomatic_number": 156,
        "loop_ratio": 1.0684931506849316,
        "algorithm": "Cyclomatic formula",
        "note": "Direct calculation using E - V + C formula",
        "score_breakdown": {
          "loop_ratio": 1.0684931506849316,
          "final_score": 1.0684931506849316
        }
      }
    },
    "path_diversity": {
      "score": 0.5260053088902946,
      "detail": {
        "avg_path_diversity": 0.41215419324385966,
        "std_path_diversity": 0.20983843316041417,
        "max_path_diversity": 0.7835551966450207,
        "min_path_diversity": 0.0,
        "total_pairs_analyzed": 185,
        "rounds_completed": 17,
        "detailed_analysis": {
          "round_0": {
            "pairs_analyzed": 11,
            "avg_diversity": 0.43481559619887605
          },
          "round_1": {
            "pairs_analyzed": 9,
            "avg_diversity": 0.459693800420856
          },
          "round_2": {
            "pairs_analyzed": 11,
            "avg_diversity": 0.3378781255255868
          },
          "round_3": {
            "pairs_analyzed": 9,
            "avg_diversity": 0.3761930869769241
          },
          "round_4": {
            "pairs_analyzed": 10,
            "avg_diversity": 0.3759286556085298
          },
          "round_5": {
            "pairs_analyzed": 14,
            "avg_diversity": 0.4848815274748054
          },
          "round_6": {
            "pairs_analyzed": 14,
            "avg_diversity": 0.4364002399913544
          },
          "round_7": {
            "pairs_analyzed": 11,
            "avg_diversity": 0.35987223171393473
          },
          "round_8": {
            "pairs_analyzed": 14,
            "avg_diversity": 0.40886686861626825
          },
          "round_9": {
            "pairs_analyzed": 11,
            "avg_diversity": 0.41866863453769665
          },
          "round_10": {
            "pairs_analyzed": 8,
            "avg_diversity": 0.5533645016879518
          },
          "round_11": {
            "pairs_analyzed": 13,
            "avg_diversity": 0.41826961478526453
          },
          "round_12": {
            "pairs_analyzed": 10,
            "avg_diversity": 0.4276105091459216
          },
          "round_13": {
            "pairs_analyzed": 10,
            "avg_diversity": 0.4101347972890646
          },
          "round_14": {
            "pairs_analyzed": 6,
            "avg_diversity": 0.38529627054283216
          },
          "round_15": {
            "pairs_analyzed": 11,
            "avg_diversity": 0.35432470733197613
          },
          "round_16": {
            "pairs_analyzed": 13,
            "avg_diversity": 0.3714901815836189
          }
        },
        "adaptive_params": {
          "num_walks": 146,
          "max_walk_length": 19,
          "graph_diameter": 19,
          "avg_degree": 4.123287671232877,
          "total_nodes": 146,
          "total_edges": 301
        },
        "algorithm": "Adaptive_random_walk_sampling",
        "sampling_strategy": "Multi-round (17 rounds, 17 pairs/round)",
        "normalization": "Robust_with_predefined_bounds",
        "fusion_method": "Geometric_mean_of_normalized_metrics",
        "performance": {
          "time_taken": 0.46725010871887207,
          "timeout": false
        }
      }
    },
    "treasure_monster_distribution": {
      "score": 3.530705778191892e-06,
      "detail": {
        "cv_treasure": 1.2247448713915892,
        "uniformity_treasure": 0.5917517095361369,
        "score": 3.530705778191892e-06,
        "cv_monster": 2.9999999999999996,
        "uniformity_monster": 1.1102230246251565e-16,
        "avg_t2m_dist": 20.68883765782907,
        "proximity_score": 0.6699383416649586
      }
    },
    "aesthetic_balance": {
      "score": 0.9185103475303271,
      "detail": {
        "symmetry_ratio": 0.0,
        "uniformity_area": 0.8436612585202823,
        "uniformity_spacing": 1.0,
        "score": 0.9185103475303271
      }
    }
  },
  "category_scores": {
    "structural": 0.7327129972456493,
    "gameplay": 0.37040353583842917,
    "aesthetic": 0.9185103475303271
  },
  "overall_score": 0.579427869084741,
  "grade": "C",
  "details": {
    "accessibility": {
      "reachability_ratio": 1.0,
      "avg_path_length": 8.32876712328767,
      "path_variance": 17.11109026083693,
      "normalized": [
        1.0,
        0.5372907153729072,
        0.9471879930221082
      ],
      "score": 0.798390155571744
    },
    "degree_variance": {
      "raw_variance": 4.76,
      "normalized_variance": 0.23506172839506173,
      "score": 0.7649382716049382,
      "degrees": [
        6,
        8,
        4,
        9,
        2,
        2,
        4,
        5,
        4,
        4
      ]
    },
    "door_distribution": {
      "cv": 0.5294392853650861,
      "avg_distance": 2.4802857938542626,
      "avg_entropy": 0.8482165222910503,
      "weights": [
        0.3333333333333333,
        0.3333333333333333,
        0.3333333333333333
      ],
      "normalized": [
        0.7352803573174569,
        0.033551090669643624,
        0.6118588851546906
      ],
      "score": 0.4602301110472637,
      "debug": {
        "count": 301
      }
    },
    "dead_end_ratio": {
      "dead_end_ratio": 0.2,
      "dead_end_count": 2,
      "total_rooms": 10,
      "dead_end_rooms": [
        "rect_68",
        "rect_137"
      ],
      "score": 0.8
    },
    "key_path_length": {
      "raw_length": 16,
      "diameter": 18,
      "normalized_length": 0.8888888888888888,
      "branch_factor": 0.0,
      "score": 0.8888888888888888,