{
  "scores": {
    "accessibility": {
      "score": 0.7994754599544261,
      "detail": {
        "reachability_ratio": 1.0,
        "avg_path_length": 5.275862068965517,
        "path_variance": 12.682520808561238,
        "normalized": [
          1.0,
          0.560344827586207,
          0.9119269388294359
        ],
        "score": 0.7994754599544261
      }
    },
    "degree_variance": {
      "score": 1.0,
      "detail": {
        "raw_variance": 0.0,
        "normalized_variance": 0.0,
        "score": 1.0,
        "degrees": [
          4,
          4,
          4
        ]
      }
    },
    "door_distribution": {
      "score": 0.4790154295676551,
      "detail": {
        "cv": 0.3723009151822866,
        "avg_distance": 3.0100590968990337,
        "avg_entropy": 0.7912173595896592,
        "weights": [
          0.3333333333333333,
          0.3333333333333333,
          0.3333333333333333
        ],
        "normalized": [
          0.8138495424088568,
          0.05245406582147809,
          0.5707426804726305
        ],
        "score": 0.4790154295676551,
        "debug": {
          "count": 41
        }
      }
    },
    "dead_end_ratio": {
      "score": 0.33333333333333337,
      "detail": {
        "dead_end_ratio": 0.6666666666666666,
        "dead_end_count": 2,
        "total_rooms": 3,
        "dead_end_rooms": [
          "rect_28",
          "rect_14"
        ],
        "score": 0.33333333333333337
      }
    },
    "key_path_length": {
      "score": 0.6666666666666666,
      "detail": {
        "raw_length": 8,
        "diameter": 12,
        "normalized_length": 0.6666666666666666,
        "branch_factor": 0.0,
        "score": 0.6666666666666666,
        "path": [
          "rect_2",
          "rect_3",
          "rect_4",
          "rect_5",
          "rect_6",
          "rect_7",
          "rect_8",
          "rect_9",
          "rect_10"
        ]
      }
    },
    "loop_ratio": {
      "score": 0.36546448839923446,
      "detail": {
        "total_rooms": 29,
        "total_edges": 41,
        "connected_components": 1,
        "cyclomatic_number": 13,
        "loop_ratio": 0.4482758620689655,
        "sigmoid_loop_ratio": 0.36546448839923446,
        "algorithm": "Cyclomatic formula + Sigmoid normalization",
        "note": "Direct calculation using E - V + C formula, then sigmoid mapping to [0,1]",
        "score_breakdown": {
          "raw_loop_ratio": 0.4482758620689655,
          "sigmoid_loop_ratio": 0.36546448839923446,
          "final_score": 0.36546448839923446
        }
      }
    },
    "path_diversity": {
      "score": 0.6254815041770558,
      "detail": {
        "avg_path_diversity": 0.49147573021401575,
        "std_path_diversity": 0.19319230831329512,
        "max_path_diversity": 0.7857558168097215,
        "min_path_diversity": 0.0,
        "total_pairs_analyzed": 27,
        "rounds_completed": 9,
        "detailed_analysis": {
          "round_0": {
            "pairs_analyzed": 4,
            "avg_diversity": 0.3751514916087212
          },
          "round_1": {
            "pairs_analyzed": 2,
            "avg_diversity": 0.6073301118549
          },
          "round_2": {
            "pairs_analyzed": 3,
            "avg_diversity": 0.18537615141332195
          },
          "round_3": {
            "pairs_analyzed": 3,
            "avg_diversity": 0.6220904114512268
          },
          "round_4": {
            "pairs_analyzed": 3,
            "avg_diversity": 0.5472647088088147
          },
          "round_5": {
            "pairs_analyzed": 3,
            "avg_diversity": 0.6027384999280256
          },
          "round_6": {
            "pairs_analyzed": 3,
            "avg_diversity": 0.5673059410462585
          },
          "round_7": {
            "pairs_analyzed": 3,
            "avg_diversity": 0.4564826031134208
          },
          "round_8": {
            "pairs_analyzed": 3,
            "avg_diversity": 0.5369345261168448
          }
        },
        "adaptive_params": {
          "num_walks": 29,
          "max_walk_length": 12,
          "graph_diameter": 12,
          "avg_degree": 2.8275862068965516,
          "total_nodes": 29,
          "total_edges": 41
        },
        "algorithm": "Adaptive_random_walk_sampling",
        "sampling_strategy": "Multi-round (9 rounds, 4 pairs/round)",
        "normalization": "Robust_with_predefined_bounds",
        "fusion_method": "Geometric_mean_of_normalized_metrics",
        "performance": {
          "time_taken": 0.007196187973022461,
          "timeout": false
        }
      }
    },
    "treasure_monster_distribution": {
      "score": 0.0,
      "detail": {
        "reason": "No treasures found"
      }
    },
    "aesthetic_balance": {
      "score": 0.9085602964160698,
      "detail": {
        "symmetry_ratio": 1.0,
        "uniformity_area": 0.75,
        "uniformity_spacing": 1.0,
        "score": 0.9085602964160698
      }
    }
  },
  "category_scores": {
    "structural": 0.6099195545854817,
    "gameplay": 0.0,
    "aesthetic": 0.9085602964160698
  },
  "overall_score": 0.5061599503338505,
  "grade": "C",
  "details": {
    "accessibility": {
      "reachability_ratio": 1.0,
      "avg_path_length": 5.275862068965517,
      "path_variance": 12.682520808561238,
      "normalized": [
        1.0,
        0.560344827586207,
        0.9119269388294359
      ],
      "score": 0.7994754599544261
    },
    "degree_variance": {
      "raw_variance": 0.0,
      "normalized_variance": 0.0,
      "score": 1.0,
      "degrees": [
        4,
        4,
        4
      ]
    },
    "door_distribution": {
      "cv": 0.3723009151822866,
      "avg_distance": 3.0100590968990337,
      "avg_entropy": 0.7912173595896592,
      "weights": [
        0.3333333333333333,
        0.3333333333333333,
        0.3333333333333333
      ],
      "normalized": [
        0.8138495424088568,
        0.05245406582147809,
        0.5707426804726305
      ],
      "score": 0.4790154295676551,
      "debug": {
        "count": 41
      }
    },
    "dead_end_ratio": {
      "dead_end_ratio": 0.6666666666666666,
      "dead_end_count": 2,
      "total_rooms": 3,
      "dead_end_rooms": [
        "rect_28",
        "rect_14"
      ],
      "score": 0.33333333333333337
    },
    "key_path_length": {
      "raw_length": 8,
      "diameter": 12,
      "normalized_length": 0.6666666666666666,
      "branch_factor": 0.0,
      "score": 0.6666666666666666,
      "path": [
        "rect_2",
        "rect_3",
        "rect_4",
        "rect_5",
        "rect_6",
        "rect_7",
        "rect_8",
        "rect_9",
        "rect_10"
      ]
    },
    "loop_ratio": {
      "total_rooms": 29,
      "total_edges": 41,
      "connected_components": 1,
      "cyclomatic_number": 13,
      "loop_ratio": 0.4482758620689655,
      "sigmoid_loop_ratio": 0.36546448839923446,
      "algorithm": "Cyclomatic formula + Sigmoid normalization",
      "note": "Direct calculation using E - V + C formula, then sigmoid mapping to [0,1]",
      "score_breakdown": {
        "raw_loop_ratio": 0.4482758620689655,
        "sigmoid_loop_ratio": 0.36546448839923446,
        "final_score": 0.36546448839923446
      }
    },
    "path_diversity": {
      "avg_path_diversity": 0.49147573021401575,
      "std_path_diversity": 0.19319230831329512,
      "max_path_diversity": 0.7857558168097215,
      "min_path_diversity": 0.0,
      "total_pairs_analyzed": 27,
      "rounds_completed": 9,
      "detailed_analysis": {
        "round_0": {
          "pairs_analyzed": 4,
          "avg_diversity": 0.3751514916087212
        },
        "round_1": {
          "pairs_analyzed": 2,
          "avg_diversity": 0.6073301118549
        },
        "round_2": {
          "pairs_analyzed": 3,
          "avg_diversity": 0.18537615141332195
        },
        "round_3": {
          "pairs_analyzed": 3,
          "avg_diversity": 0.6220904114512268
        },