{
  "scores": {
    "accessibility": {
      "score": 0.7994754599544261,
      "detail": {
        "reachability_ratio": 1.0,
        "avg_path_length": 5.275862068965517,
        "path_variance": 12.682520808561238,
        "normalized": [
          1.0,
          0.560344827586207,
          0.9119269388294359
        ],
        "score": 0.7994754599544261
      }
    },
    "degree_variance": {
      "score": 1.0,
      "detail": {
        "raw_variance": 0.0,
        "normalized_variance": 0.0,
        "score": 1.0,
        "degrees": [
          4,
          4,
          4
        ]
      }
    },
    "door_distribution": {
      "score": 0.4790154295676551,
      "detail": {
        "cv": 0.3723009151822866,
        "avg_distance": 3.0100590968990337,
        "avg_entropy": 0.7912173595896592,
        "weights": [
          0.3333333333333333,
          0.3333333333333333,
          0.3333333333333333
        ],
        "normalized": [
          0.8138495424088568,
          0.05245406582147809,
          0.5707426804726305
        ],
        "score": 0.4790154295676551,
        "debug": {
          "count": 41
        }
      }
    },
    "dead_end_ratio": {
      "score": 0.33333333333333337,
      "detail": {
        "dead_end_ratio": 0.6666666666666666,
        "dead_end_count": 2,
        "total_rooms": 3,
        "dead_end_rooms": [
          "rect_28",
          "rect_14"
        ],
        "score": 0.33333333333333337
      }
    },
    "key_path_length": {
      "score": 0.6666666666666666,
      "detail": {
        "raw_length": 8,
        "diameter": 12,
        "normalized_length": 0.6666666666666666,
        "branch_factor": 0.0,
        "score": 0.6666666666666666,
        "path": [
          "rect_2",
          "rect_3",
          "rect_4",
          "rect_5",
          "rect_6",
          "rect_7",
          "rect_8",
          "rect_9",
          "rect_10"
        ]
      }
    },
    "loop_ratio": {
      "score": 0.4482758620689655,
      "detail": {
        "total_rooms": 29,
        "total_edges": 41,
        "connected_components": 1,
        "cyclomatic_number": 13,
        "loop_ratio": 0.4482758620689655,
        "algorithm": "Cyclomatic formula",
        "note": "Direct calculation using E - V + C formula",
        "score_breakdown": {
          "loop_ratio": 0.4482758620689655,
          "final_score": 0.4482758620689655
        }
      }
    },
    "path_diversity": {
      "score": 0.513522650672549,
      "detail": {
        "avg_path_diversity": 0.3583811560523172,
        "std_path_diversity": 0.22287654516700248,
        "max_path_diversity": 0.6978877281906718,
        "min_path_diversity": 0.0,
        "total_pairs_analyzed": 25,
        "rounds_completed": 14,
        "detailed_analysis": {
          "round_0": {
            "pairs_analyzed": 2,
            "avg_diversity": 0.4220784487915549
          },
          "round_1": {
            "pairs_analyzed": 1,
            "avg_diversity": 0.0
          },
          "round_2": {
            "pairs_analyzed": 2,
            "avg_diversity": 0.3489438640953359
          },
          "round_3": {
            "pairs_analyzed": 2,
            "avg_diversity": 0.4279496778620423
          },
          "round_4": {
            "pairs_analyzed": 2,
            "avg_diversity": 0.5245119140764091
          },
          "round_5": {
            "pairs_analyzed": 2,
            "avg_diversity": 0.33391658832013854
          },
          "round_6": {
            "pairs_analyzed": 2,
            "avg_diversity": 0.4732984425936835
          },
          "round_7": {
            "pairs_analyzed": 1,
            "avg_diversity": 0.0
          },
          "round_8": {
            "pairs_analyzed": 2,
            "avg_diversity": 0.19304869726953444
          },
          "round_9": {
            "pairs_analyzed": 2,
            "avg_diversity": 0.3420216603432077
          },
          "round_10": {
            "pairs_analyzed": 2,
            "avg_diversity": 0.19210034265387574
          },
          "round_11": {
            "pairs_analyzed": 2,
            "avg_diversity": 0.4622047775364364
          },
          "round_12": {
            "pairs_analyzed": 1,
            "avg_diversity": 0.6808357361803637
          },
          "round_13": {
            "pairs_analyzed": 2,
            "avg_diversity": 0.4192721690215645
          }
        },
        "adaptive_params": {
          "num_walks": 29,
          "max_walk_length": 12,
          "graph_diameter": 12,
          "avg_degree": 2.8275862068965516,
          "total_nodes": 29,
          "total_edges": 41
        },
        "algorithm": "Adaptive_random_walk_sampling",
        "sampling_strategy": "Multi-round (14 rounds, 2 pairs/round)",
        "normalization": "Robust_with_predefined_bounds",
        "fusion_method": "Geometric_mean_of_normalized_metrics",
        "performance": {
          "time_taken": 0.00745701789855957,
          "timeout": false
        }
      }
    },
    "treasure_monster_distribution": {
      "score": 0.0,
      "detail": {
        "reason": "No treasures found"
      }
    },
    "aesthetic_balance": {
      "score": 0.9085602964160698,
      "detail": {
        "symmetry_ratio": 1.0,
        "uniformity_area": 0.75,
        "uniformity_spacing": 1.0,
        "score": 0.9085602964160698
      }
    }
  },
  "category_scores": {
    "structural": 0.7035782607278426,
    "gameplay": 0.27207572693568627,
    "aesthetic": 0.9085602964160698
  },
  "overall_score": 0.5185742991849985,
  "grade": "C",
  "details": {
    "accessibility": {
      "reachability_ratio": 1.0,
      "avg_path_length": 5.275862068965517,
      "path_variance": 12.682520808561238,
      "normalized": [
        1.0,
        0.560344827586207,
        0.9119269388294359
      ],
      "score": 0.7994754599544261
    },
    "degree_variance": {
      "raw_variance": 0.0,
      "normalized_variance": 0.0,
      "score": 1.0,
      "degrees": [
        4,
        4,
        4
      ]
    },
    "door_distribution": {
      "cv": 0.3723009151822866,
      "avg_distance": 3.0100590968990337,
      "avg_entropy": 0.7912173595896592,
      "weights": [
        0.3333333333333333,
        0.3333333333333333,
        0.3333333333333333
      ],
      "normalized": [
        0.8138495424088568,
        0.05245406582147809,
        0.5707426804726305
      ],
      "score": 0.4790154295676551,
      "debug": {
        "count": 41
      }
    },
    "dead_end_ratio": {
      "dead_end_ratio": 0.6666666666666666,
      "dead_end_count": 2,
      "total_rooms": 3,
      "dead_end_rooms": [
        "rect_28",
        "rect_14"
      ],
      "score": 0.33333333333333337
    },
    "key_path_length": {
      "raw_length": 8,
      "diameter": 12,
      "normalized_length": 0.6666666666666666,
      "branch_factor": 0.0,
      "score": 0.6666666666666666,
      "path": [
        "rect_2",
        "rect_3",
        "rect_4",
        "rect_5",
        "rect_6",
        "rect_7",
        "rect_8",
        "rect_9",
        "rect_10"
      ]
    },
    "loop_ratio": {
      "total_rooms": 29,
      "total_edges": 41,
      "connected_components": 1,
      "cyclomatic_number": 13,
      "loop_ratio": 0.4482758620689655,
      "algorithm": "Cyclomatic formula",
      "note": "Direct calculation using E - V + C formula",
      "score_breakdown": {
        "loop_ratio": 0.4482758620689655,
        "final_score": 0.4482758620689655
      }
    },
    "path_diversity": {
      "avg_path_diversity": 0.3583811560523172,
      "std_path_diversity": 0.22287654516700248,
      "max_path_diversity": 0.6978877281906718,
      "min_path_diversity": 0.0,
      "total_pairs_analyzed": 25,
      "rounds_completed": 14,
      "detailed_analysis": {
        "round_0": {
          "pairs_analyzed": 2,
          "avg_diversity": 0.4220784487915549
        },
        "round_1": {
          "pairs_analyzed": 1,
          "avg_diversity": 0.0
        },