{
  "scores": {
    "accessibility": {
      "score": 0.812788815302801,
      "detail": {
        "reachability_ratio": 1.0,
        "avg_path_length": 3.880952380952381,
        "path_variance": 4.53344671201814,
        "normalized": [
          1.0,
          0.5687830687830687,
          0.9440315220738501
        ],
        "score": 0.812788815302801
      }
    },
    "degree_variance": {
      "score": 0.44000000000000006,
      "detail": {
        "raw_variance": 2.2399999999999998,
        "normalized_variance": 0.5599999999999999,
        "score": 0.44000000000000006,
        "degrees": [
          4,
          6,
          2,
          4,
          6
        ]
      }
    },
    "door_distribution": {
      "score": 0.45586009734746813,
      "detail": {
        "cv": 0.49920183995311224,
        "avg_distance": 2.2869994877676376,
        "avg_entropy": 0.7787000177812947,
        "weights": [
          0.3333333333333333,
          0.3333333333333333,
          0.3333333333333333
        ],
        "normalized": [
          0.7503990800234439,
          0.05546788502234973,
          0.5617133269966108
        ],
        "score": 0.45586009734746813,
        "debug": {
          "count": 73
        }
      }
    },
    "dead_end_ratio": {
      "score": 0.6,
      "detail": {
        "dead_end_ratio": 0.4,
        "dead_end_count": 2,
        "total_rooms": 5,
        "dead_end_rooms": [
          "rect_40",
          "rect_20"
        ],
        "score": 0.6
      }
    },
    "key_path_length": {
      "score": 0.2222222222222222,
      "detail": {
        "raw_length": 2,
        "diameter": 9,
        "normalized_length": 0.2222222222222222,
        "branch_factor": 0.0,
        "score": 0.2222222222222222,
        "path": [
          "rect_2",
          "rect_0",
          "rect_19"
        ]
      }
    },
    "loop_ratio": {
      "score": 0.44075580261520725,
      "detail": {
        "total_rooms": 42,
        "total_edges": 73,
        "connected_components": 1,
        "cyclomatic_number": 32,
        "loop_ratio": 0.7619047619047619,
        "sigmoid_loop_ratio": 0.44075580261520725,
        "algorithm": "Cyclomatic formula + Sigmoid normalization",
        "note": "Direct calculation using E - V + C formula, then sigmoid mapping to [0,1]",
        "score_breakdown": {
          "raw_loop_ratio": 0.7619047619047619,
          "sigmoid_loop_ratio": 0.44075580261520725,
          "final_score": 0.44075580261520725
        }
      }
    },
    "path_diversity": {
      "score": 0.5907232488077366,
      "detail": {
        "avg_path_diversity": 0.4371822354261142,
        "std_path_diversity": 0.20893569631203737,
        "max_path_diversity": 0.7400796164845111,
        "min_path_diversity": 0.0,
        "total_pairs_analyzed": 49,
        "rounds_completed": 11,
        "detailed_analysis": {
          "round_0": {
            "pairs_analyzed": 5,
            "avg_diversity": 0.358151132031011
          },
          "round_1": {
            "pairs_analyzed": 6,
            "avg_diversity": 0.4450667661759579
          },
          "round_2": {
            "pairs_analyzed": 2,
            "avg_diversity": 0.6466443027620302
          },
          "round_3": {
            "pairs_analyzed": 5,
            "avg_diversity": 0.2602487924752583
          },
          "round_4": {
            "pairs_analyzed": 2,
            "avg_diversity": 0.47813775914242923
          },
          "round_5": {
            "pairs_analyzed": 5,
            "avg_diversity": 0.4977189172035838
          },
          "round_6": {
            "pairs_analyzed": 4,
            "avg_diversity": 0.4485307365066609
          },
          "round_7": {
            "pairs_analyzed": 5,
            "avg_diversity": 0.5093974482812261
          },
          "round_8": {
            "pairs_analyzed": 5,
            "avg_diversity": 0.3721978971100827
          },
          "round_9": {
            "pairs_analyzed": 6,
            "avg_diversity": 0.5355705793983393
          },
          "round_10": {
            "pairs_analyzed": 4,
            "avg_diversity": 0.376461864273109
          }
        },
        "adaptive_params": {
          "num_walks": 42,
          "max_walk_length": 12,
          "graph_diameter": 12,
          "avg_degree": 3.4761904761904763,
          "total_nodes": 42,
          "total_edges": 73
        },
        "algorithm": "Adaptive_random_walk_sampling",
        "sampling_strategy": "Multi-round (11 rounds, 6 pairs/round)",
        "normalization": "Robust_with_predefined_bounds",
        "fusion_method": "Geometric_mean_of_normalized_metrics",
        "performance": {
          "time_taken": 0.020716190338134766,
          "timeout": false
        }
      }
    },
    "treasure_monster_distribution": {
      "score": 0.39884599426281675,
      "detail": {
        "cv_treasure": 2.0,
        "uniformity_treasure": 0.0,
        "score": 0.39884599426281675,
        "cv_monster": 2.0,
        "uniformity_monster": 0.0,
        "avg_t2m_dist": 13.509256086106296,
        "proximity_score": 0.39884599426281675
      }
    },
    "aesthetic_balance": {
      "score": 0.8369078167513979,
      "detail": {
        "symmetry_ratio": 0.0,
        "uniformity_area": 0.8035714285714286,
        "uniformity_spacing": 0.8716271744314916,
        "score": 0.8369078167513979
      }
    }
  },
  "category_scores": {
    "structural": 0.5089071694707765,
    "gameplay": 0.39884599426281675,
    "aesthetic": 0.8369078167513979
  },
  "overall_score": 0.5815536601616638,
  "grade": "C",
  "details": {
    "accessibility": {
      "reachability_ratio": 1.0,
      "avg_path_length": 3.880952380952381,
      "path_variance": 4.53344671201814,
      "normalized": [
        1.0,
        0.5687830687830687,
        0.9440315220738501
      ],
      "score": 0.812788815302801
    },
    "degree_variance": {
      "raw_variance": 2.2399999999999998,
      "normalized_variance": 0.5599999999999999,
      "score": 0.44000000000000006,
      "degrees": [
        4,
        6,
        2,
        4,
        6
      ]
    },
    "door_distribution": {
      "cv": 0.49920183995311224,
      "avg_distance": 2.2869994877676376,
      "avg_entropy": 0.7787000177812947,
      "weights": [
        0.3333333333333333,
        0.3333333333333333,
        0.3333333333333333
      ],
      "normalized": [
        0.7503990800234439,
        0.05546788502234973,
        0.5617133269966108
      ],
      "score": 0.45586009734746813,
      "debug": {
        "count": 73
      }
    },
    "dead_end_ratio": {
      "dead_end_ratio": 0.4,
      "dead_end_count": 2,
      "total_rooms": 5,
      "dead_end_rooms": [
        "rect_40",
        "rect_20"
      ],
      "score": 0.6
    },
    "key_path_length": {
      "raw_length": 2,
      "diameter": 9,
      "normalized_length": 0.2222222222222222,
      "branch_factor": 0.0,
      "score": 0.2222222222222222,
      "path": [
        "rect_2",
        "rect_0",
        "rect_19"
      ]
    },
    "loop_ratio": {
      "total_rooms": 42,
      "total_edges": 73,
      "connected_components": 1,
      "cyclomatic_number": 32,
      "loop_ratio": 0.7619047619047619,
      "sigmoid_loop_ratio": 0.44075580261520725,
      "algorithm": "Cyclomatic formula + Sigmoid normalization",
      "note": "Direct calculation using E - V + C formula, then sigmoid mapping to [0,1]",
      "score_breakdown": {
        "raw_loop_ratio": 0.7619047619047619,
        "sigmoid_loop_ratio": 0.44075580261520725,
        "final_score": 0.44075580261520725
      }
    },
    "path_diversity": {
      "avg_path_diversity": 0.4371822354261142,
      "std_path_diversity": 0.20893569631203737,
      "max_path_diversity": 0.7400796164845111,
      "min_path_diversity": 0.0,
      "total_pairs_analyzed": 49,
      "rounds_completed": 11,
      "detailed_analysis": {
        "round_0": {
          "pairs_analyzed": 5,