{
  "scores": {
    "accessibility": {
      "score": 0.8086451888483647,
      "detail": {
        "reachability_ratio": 1.0,
        "avg_path_length": 4.831460674157303,
        "path_variance": 6.90417876530741,
        "normalized": [
          1.0,
          0.5607763023493361,
          0.9429406713610958
        ],
        "score": 0.8086451888483647
      }
    },
    "degree_variance": {
      "score": 0.4693877551020408,
      "detail": {
        "raw_variance": 4.775510204081633,
        "normalized_variance": 0.5306122448979592,
        "score": 0.4693877551020408,
        "degrees": [
          8,
          3,
          6,
          2,
          8,
          4,
          6
        ]
      }
    },
    "door_distribution": {
      "score": 0.48591253947807433,
      "detail": {
        "cv": 0.41791669519123265,
        "avg_distance": 2.1365469334477685,
        "avg_entropy": 0.8606982013004464,
        "weights": [
          0.3333333333333333,
          0.3333333333333333,
          0.3333333333333333
        ],
        "normalized": [
          0.7910416524043837,
          0.04583345267073703,
          0.6208625133591024
        ],
        "score": 0.48591253947807433,
        "debug": {
          "count": 183
        }
      }
    },
    "dead_end_ratio": {
      "score": 0.7142857142857143,
      "detail": {
        "dead_end_ratio": 0.2857142857142857,
        "dead_end_count": 2,
        "total_rooms": 7,
        "dead_end_rooms": [
          "rect_42",
          "rect_84"
        ],
        "score": 0.7142857142857143
      }
    },
    "key_path_length": {
      "score": 0.6363636363636364,
      "detail": {
        "raw_length": 7,
        "diameter": 11,
        "normalized_length": 0.6363636363636364,
        "branch_factor": 0.0,
        "score": 0.6363636363636364,
        "path": [
          "rect_8",
          "rect_4",
          "rect_1",
          "rect_0",
          "rect_2",
          "rect_5",
          "rect_16",
          "rect_38"
        ]
      }
    },
    "loop_ratio": {
      "score": 1.0674157303370786,
      "detail": {
        "total_rooms": 89,
        "total_edges": 183,
        "connected_components": 1,
        "cyclomatic_number": 95,
        "loop_ratio": 1.0674157303370786,
        "algorithm": "Cyclomatic formula",
        "note": "Direct calculation using E - V + C formula",
        "score_breakdown": {
          "loop_ratio": 1.0674157303370786,
          "final_score": 1.0674157303370786
        }
      }
    },
    "path_diversity": {
      "score": 0.4795327479785188,
      "detail": {
        "avg_path_diversity": 0.39009258069928465,
        "std_path_diversity": 0.21589510951590254,
        "max_path_diversity": 0.8134847564503754,
        "min_path_diversity": 0.0,
        "total_pairs_analyzed": 134,
        "rounds_completed": 14,
        "detailed_analysis": {
          "round_0": {
            "pairs_analyzed": 8,
            "avg_diversity": 0.40705448651655607
          },
          "round_1": {
            "pairs_analyzed": 11,
            "avg_diversity": 0.4104168852926119
          },
          "round_2": {
            "pairs_analyzed": 10,
            "avg_diversity": 0.3941261232618454
          },
          "round_3": {
            "pairs_analyzed": 9,
            "avg_diversity": 0.40382858777872066
          },
          "round_4": {
            "pairs_analyzed": 11,
            "avg_diversity": 0.44684761719931815
          },
          "round_5": {
            "pairs_analyzed": 9,
            "avg_diversity": 0.3608190833665905
          },
          "round_6": {
            "pairs_analyzed": 9,
            "avg_diversity": 0.5017845555752333
          },
          "round_7": {
            "pairs_analyzed": 7,
            "avg_diversity": 0.33410506830093417
          },
          "round_8": {
            "pairs_analyzed": 7,
            "avg_diversity": 0.33010426177668617
          },
          "round_9": {
            "pairs_analyzed": 11,
            "avg_diversity": 0.29300301022257286
          },
          "round_10": {
            "pairs_analyzed": 11,
            "avg_diversity": 0.45947035108944867
          },
          "round_11": {
            "pairs_analyzed": 10,
            "avg_diversity": 0.46205420605498204
          },
          "round_12": {
            "pairs_analyzed": 12,
            "avg_diversity": 0.3880158190203249
          },
          "round_13": {
            "pairs_analyzed": 9,
            "avg_diversity": 0.22705610525420156
          }
        },
        "adaptive_params": {
          "num_walks": 89,
          "max_walk_length": 14,
          "graph_diameter": 14,
          "avg_degree": 4.112359550561798,
          "total_nodes": 89,
          "total_edges": 183
        },
        "algorithm": "Adaptive_random_walk_sampling",
        "sampling_strategy": "Multi-round (14 rounds, 13 pairs/round)",
        "normalization": "Robust_with_predefined_bounds",
        "fusion_method": "Geometric_mean_of_normalized_metrics",
        "performance": {
          "time_taken": 0.13363122940063477,
          "timeout": false
        }
      }
    },
    "treasure_monster_distribution": {
      "score": 0.8333333333333333,
      "detail": {
        "cv_treasure": 0.4082482904638631,
        "uniformity_treasure": 0.8333333333333333,
        "score": 0.8333333333333333,
        "cv_monster": 0.0,
        "uniformity_monster": 0.0,
        "avg_t2m_dist": 0.0,
        "proximity_score": 0.0,
        "note": "Only treasure distribution evaluated (no monsters found)"
      }
    },
    "aesthetic_balance": {
      "score": 0.8839907930395562,
      "detail": {
        "symmetry_ratio": 0.0,
        "uniformity_area": 0.7814397221787035,
        "uniformity_spacing": 1.0,
        "score": 0.8839907930395562
      }
    }
  },
  "category_scores": {
    "structural": 0.6758585243846525,
    "gameplay": 0.6680035753818837,
    "aesthetic": 0.8839907930395562
  },
  "overall_score": 0.7031508901815037,
  "grade": "B",
  "details": {
    "accessibility": {
      "reachability_ratio": 1.0,
      "avg_path_length": 4.831460674157303,
      "path_variance": 6.90417876530741,
      "normalized": [
        1.0,
        0.5607763023493361,
        0.9429406713610958
      ],
      "score": 0.8086451888483647
    },
    "degree_variance": {
      "raw_variance": 4.775510204081633,
      "normalized_variance": 0.5306122448979592,
      "score": 0.4693877551020408,
      "degrees": [
        8,
        3,
        6,
        2,
        8,
        4,
        6
      ]
    },
    "door_distribution": {
      "cv": 0.41791669519123265,
      "avg_distance": 2.1365469334477685,
      "avg_entropy": 0.8606982013004464,
      "weights": [
        0.3333333333333333,
        0.3333333333333333,
        0.3333333333333333
      ],
      "normalized": [
        0.7910416524043837,
        0.04583345267073703,
        0.6208625133591024
      ],
      "score": 0.48591253947807433,
      "debug": {
        "count": 183
      }
    },
    "dead_end_ratio": {
      "dead_end_ratio": 0.2857142857142857,
      "dead_end_count": 2,
      "total_rooms": 7,
      "dead_end_rooms": [
        "rect_42",
        "rect_84"
      ],
      "score": 0.7142857142857143
    },
    "key_path_length": {
      "raw_length": 7,
      "diameter": 11,
      "normalized_length": 0.6363636363636364,
      "branch_factor": 0.0,
      "score": 0.6363636363636364,
      "path": [
        "rect_8",
        "rect_4",
        "rect_1",
        "rect_0",
        "rect_2",
        "rect_5",
        "rect_16",
        "rect_38"
      ]
    },
    "loop_ratio": {
      "total_rooms": 89,
      "total_edges": 183,
      "connected_components": 1,
      "cyclomatic_number": 95,
      "loop_ratio": 1.0674157303370786,
      "algorithm": "Cyclomatic formula",
      "note": "Direct calculation using E - V + C formula",
      "score_breakdown": {
        "loop_ratio": 1.0674157303370786,