{
  "scores": {
    "accessibility": {
      "score": 0.7448773402981814,
      "detail": {
        "reachability_ratio": 1.0,
        "avg_path_length": 2.8135593220338984,
        "path_variance": 1.3720195346164896,
        "normalized": [
          1.0,
          0.43728813559322033,
          0.9451192186153404
        ],
        "score": 0.7448773402981814
      }
    },
    "degree_variance": {
      "score": 0.8577777777777778,
      "detail": {
        "raw_variance": 0.888888888888889,
        "normalized_variance": 0.14222222222222222,
        "score": 0.8577777777777778,
        "degrees": [
          6,
          6,
          4,
          4,
          4,
          4
        ]
      }
    },
    "door_distribution": {
      "score": 0.4595219676632188,
      "detail": {
        "cv": 0.5838742081211423,
        "avg_distance": 3.1551102084006173,
        "avg_entropy": 0.8350964649767552,
        "weights": [
          0.3333333333333333,
          0.3333333333333333,
          0.3333333333333333
        ],
        "normalized": [
          0.7080628959394288,
          0.06810824270729333,
          0.6023947643429343
        ],
        "score": 0.4595219676632188,
        "debug": {
          "count": 110
        }
      }
    },
    "dead_end_ratio": {
      "score": 0.8333333333333334,
      "detail": {
        "dead_end_ratio": 0.16666666666666666,
        "dead_end_count": 1,
        "total_rooms": 6,
        "dead_end_rooms": [
          "rect_25"
        ],
        "score": 0.8333333333333334
      }
    },
    "key_path_length": {
      "score": 0.6,
      "detail": {
        "raw_length": 3,
        "diameter": 5,
        "normalized_length": 0.6,
        "branch_factor": 0.0,
        "score": 0.6,
        "path": [
          "rect_2",
          "rect_5",
          "rect_18",
          "rect_24"
        ]
      }
    },
    "loop_ratio": {
      "score": 0.47037372754210127,
      "detail": {
        "total_rooms": 59,
        "total_edges": 110,
        "connected_components": 1,
        "cyclomatic_number": 52,
        "loop_ratio": 0.8813559322033898,
        "sigmoid_loop_ratio": 0.47037372754210127,
        "algorithm": "Cyclomatic formula + Sigmoid normalization",
        "note": "Direct calculation using E - V + C formula, then sigmoid mapping to [0,1]",
        "score_breakdown": {
          "raw_loop_ratio": 0.8813559322033898,
          "sigmoid_loop_ratio": 0.47037372754210127,
          "final_score": 0.47037372754210127
        }
      }
    },
    "path_diversity": {
      "score": 0.44870976573300136,
      "detail": {
        "avg_path_diversity": 0.31147004273914003,
        "std_path_diversity": 0.21679052740330193,
        "max_path_diversity": 0.694145896803316,
        "min_path_diversity": 0.0,
        "total_pairs_analyzed": 60,
        "rounds_completed": 7,
        "detailed_analysis": {
          "round_0": {
            "pairs_analyzed": 9,
            "avg_diversity": 0.30790122797333797
          },
          "round_1": {
            "pairs_analyzed": 7,
            "avg_diversity": 0.36390901648754703
          },
          "round_2": {
            "pairs_analyzed": 10,
            "avg_diversity": 0.34310816379017073
          },
          "round_3": {
            "pairs_analyzed": 8,
            "avg_diversity": 0.31289526789557887
          },
          "round_4": {
            "pairs_analyzed": 8,
            "avg_diversity": 0.28350881702049435
          },
          "round_5": {
            "pairs_analyzed": 9,
            "avg_diversity": 0.25135600166599453
          },
          "round_6": {
            "pairs_analyzed": 9,
            "avg_diversity": 0.3228011183279213
          }
        },
        "adaptive_params": {
          "num_walks": 59,
          "max_walk_length": 8,
          "graph_diameter": 8,
          "avg_degree": 3.7288135593220337,
          "total_nodes": 59,
          "total_edges": 110
        },
        "algorithm": "Adaptive_random_walk_sampling",
        "sampling_strategy": "Multi-round (7 rounds, 15 pairs/round)",
        "normalization": "Robust_with_predefined_bounds",
        "fusion_method": "Geometric_mean_of_normalized_metrics",
        "performance": {
          "time_taken": 0.0289609432220459,
          "timeout": false
        }
      }
    },
    "treasure_monster_distribution": {
      "score": 0.8,
      "detail": {
        "cv_treasure": 0.4472135954999579,
        "uniformity_treasure": 0.8,
        "score": 0.8,
        "cv_monster": 0.0,
        "uniformity_monster": 0.0,
        "avg_t2m_dist": 0.0,
        "proximity_score": 0.0,
        "note": "Only treasure distribution evaluated (no monsters found)"
      }
    },
    "aesthetic_balance": {
      "score": 0.9138457987793402,
      "detail": {
        "symmetry_ratio": 0.0,
        "uniformity_area": 0.8351141439466505,
        "uniformity_spacing": 1.0,
        "score": 0.9138457987793402
      }
    }
  },
  "category_scores": {
    "structural": 0.6306562731925164,
    "gameplay": 0.8,
    "aesthetic": 0.9138457987793402
  },
  "overall_score": 0.7815006906572856,
  "grade": "B",
  "details": {
    "accessibility": {
      "reachability_ratio": 1.0,
      "avg_path_length": 2.8135593220338984,
      "path_variance": 1.3720195346164896,
      "normalized": [
        1.0,
        0.43728813559322033,
        0.9451192186153404
      ],
      "score": 0.7448773402981814
    },
    "degree_variance": {
      "raw_variance": 0.888888888888889,
      "normalized_variance": 0.14222222222222222,
      "score": 0.8577777777777778,
      "degrees": [
        6,
        6,
        4,
        4,
        4,
        4
      ]
    },
    "door_distribution": {
      "cv": 0.5838742081211423,
      "avg_distance": 3.1551102084006173,
      "avg_entropy": 0.8350964649767552,
      "weights": [
        0.3333333333333333,
        0.3333333333333333,
        0.3333333333333333
      ],
      "normalized": [
        0.7080628959394288,
        0.06810824270729333,
        0.6023947643429343
      ],
      "score": 0.4595219676632188,
      "debug": {
        "count": 110
      }
    },
    "dead_end_ratio": {
      "dead_end_ratio": 0.16666666666666666,
      "dead_end_count": 1,
      "total_rooms": 6,
      "dead_end_rooms": [
        "rect_25"
      ],
      "score": 0.8333333333333334
    },
    "key_path_length": {
      "raw_length": 3,
      "diameter": 5,
      "normalized_length": 0.6,
      "branch_factor": 0.0,
      "score": 0.6,
      "path": [
        "rect_2",
        "rect_5",
        "rect_18",
        "rect_24"
      ]
    },
    "loop_ratio": {
      "total_rooms": 59,
      "total_edges": 110,
      "connected_components": 1,
      "cyclomatic_number": 52,
      "loop_ratio": 0.8813559322033898,
      "sigmoid_loop_ratio": 0.47037372754210127,
      "algorithm": "Cyclomatic formula + Sigmoid normalization",
      "note": "Direct calculation using E - V + C formula, then sigmoid mapping to [0,1]",
      "score_breakdown": {
        "raw_loop_ratio": 0.8813559322033898,
        "sigmoid_loop_ratio": 0.47037372754210127,
        "final_score": 0.47037372754210127
      }
    },
    "path_diversity": {
      "avg_path_diversity": 0.31147004273914003,
      "std_path_diversity": 0.21679052740330193,
      "max_path_diversity": 0.694145896803316,
      "min_path_diversity": 0.0,
      "total_pairs_analyzed": 60,
      "rounds_completed": 7,
      "detailed_analysis": {
        "round_0": {
          "pairs_analyzed": 9,
          "avg_diversity": 0.30790122797333797
        },
        "round_1": {
          "pairs_analyzed": 7,
          "avg_diversity": 0.36390901648754703
        },
        "round_2": {
          "pairs_analyzed": 10,
          "avg_diversity": 0.34310816379017073
        },
        "round_3": {
          "pairs_analyzed": 8,
          "avg_diversity": 0.31289526789557887
        },
        "round_4": {
          "pairs_analyzed": 8,