{
  "scores": {
    "accessibility": {
      "score": 0.7871159501581276,
      "detail": {
        "reachability_ratio": 1.0,
        "avg_path_length": 6.839506172839506,
        "path_variance": 9.122389879591525,
        "normalized": [
          1.0,
          0.5114638447971781,
          0.9534571944918799
        ],
        "score": 0.7871159501581276
      }
    },
    "degree_variance": {
      "score": 0.6790123456790124,
      "detail": {
        "raw_variance": 5.135802469135802,
        "normalized_variance": 0.32098765432098764,
        "score": 0.6790123456790124,
        "degrees": [
          6,
          8,
          2,
          4,
          10,
          6,
          6,
          4,
          4
        ]
      }
    },
    "door_distribution": {
      "score": 0.4785813239131317,
      "detail": {
        "cv": 0.4332715530902669,
        "avg_distance": 2.2458507227808715,
        "avg_entropy": 0.8604172251297577,
        "weights": [
          0.3333333333333333,
          0.3333333333333333,
          0.3333333333333333
        ],
        "normalized": [
          0.7833642234548666,
          0.03171991638945651,
          0.6206598318950721
        ],
        "score": 0.4785813239131317,
        "debug": {
          "count": 349
        }
      }
    },
    "dead_end_ratio": {
      "score": 0.6666666666666667,
      "detail": {
        "dead_end_ratio": 0.3333333333333333,
        "dead_end_count": 3,
        "total_rooms": 9,
        "dead_end_rooms": [
          "rect_75",
          "rect_150",
          "rect_151"
        ],
        "score": 0.6666666666666667
      }
    },
    "key_path_length": {
      "score": 0.8571428571428571,
      "detail": {
        "raw_length": 12,
        "diameter": 14,
        "normalized_length": 0.8571428571428571,
        "branch_factor": 0.0,
        "score": 0.8571428571428571,
        "path": [
          "rect_0",
          "rect_1",
          "rect_3",
          "rect_5",
          "rect_10",
          "rect_90",
          "rect_19",
          "rect_26",
          "rect_48",
          "rect_54",
          "rect_59",
          "rect_63",
          "rect_67"
        ]
      }
    },
    "loop_ratio": {
      "score": 0.5400375521608396,
      "detail": {
        "total_rooms": 162,
        "total_edges": 349,
        "connected_components": 1,
        "cyclomatic_number": 188,
        "loop_ratio": 1.1604938271604939,
        "sigmoid_loop_ratio": 0.5400375521608396,
        "algorithm": "Cyclomatic formula + Sigmoid normalization",
        "note": "Direct calculation using E - V + C formula, then sigmoid mapping to [0,1]",
        "score_breakdown": {
          "raw_loop_ratio": 1.1604938271604939,
          "sigmoid_loop_ratio": 0.5400375521608396,
          "final_score": 0.5400375521608396
        }
      }
    },
    "path_diversity": {
      "score": 0.4896161145074074,
      "detail": {
        "avg_path_diversity": 0.4207526616564358,
        "std_path_diversity": 0.21076400048988048,
        "max_path_diversity": 0.8593521520012599,
        "min_path_diversity": 0.0,
        "total_pairs_analyzed": 216,
        "rounds_completed": 19,
        "detailed_analysis": {
          "round_0": {
            "pairs_analyzed": 11,
            "avg_diversity": 0.47877034204572594
          },
          "round_1": {
            "pairs_analyzed": 8,
            "avg_diversity": 0.4405681542917797
          },
          "round_2": {
            "pairs_analyzed": 9,
            "avg_diversity": 0.3378974898133016
          },
          "round_3": {
            "pairs_analyzed": 10,
            "avg_diversity": 0.30448517351510496
          },
          "round_4": {
            "pairs_analyzed": 11,
            "avg_diversity": 0.4565979335626508
          },
          "round_5": {
            "pairs_analyzed": 13,
            "avg_diversity": 0.4554174983561412
          },
          "round_6": {
            "pairs_analyzed": 14,
            "avg_diversity": 0.47396683555655467
          },
          "round_7": {
            "pairs_analyzed": 14,
            "avg_diversity": 0.4486307211212147
          },
          "round_8": {
            "pairs_analyzed": 10,
            "avg_diversity": 0.47125648868490816
          },
          "round_9": {
            "pairs_analyzed": 12,
            "avg_diversity": 0.42292408051235036
          },
          "round_10": {
            "pairs_analyzed": 12,
            "avg_diversity": 0.4977167826983122
          },
          "round_11": {
            "pairs_analyzed": 10,
            "avg_diversity": 0.3360349967741993
          },
          "round_12": {
            "pairs_analyzed": 12,
            "avg_diversity": 0.419211683347877
          },
          "round_13": {
            "pairs_analyzed": 12,
            "avg_diversity": 0.31755443069515926
          },
          "round_14": {
            "pairs_analyzed": 11,
            "avg_diversity": 0.3707300649668595
          },
          "round_15": {
            "pairs_analyzed": 9,
            "avg_diversity": 0.4072012916474482
          },
          "round_16": {
            "pairs_analyzed": 13,
            "avg_diversity": 0.4684018555258745
          },
          "round_17": {
            "pairs_analyzed": 15,
            "avg_diversity": 0.3657724890629429
          },
          "round_18": {
            "pairs_analyzed": 10,
            "avg_diversity": 0.48658038572959256
          }
        },
        "adaptive_params": {
          "num_walks": 162,
          "max_walk_length": 18,
          "graph_diameter": 18,
          "avg_degree": 4.308641975308642,
          "total_nodes": 162,
          "total_edges": 349
        },
        "algorithm": "Adaptive_random_walk_sampling",
        "sampling_strategy": "Multi-round (19 rounds, 18 pairs/round)",
        "normalization": "Robust_with_predefined_bounds",
        "fusion_method": "Geometric_mean_of_normalized_metrics",
        "performance": {
          "time_taken": 0.619318962097168,
          "timeout": false
        }
      }
    },
    "treasure_monster_distribution": {
      "score": 0.6047152924789526,
      "detail": {
        "cv_treasure": 1.118033988749895,
        "uniformity_treasure": 0.6047152924789526,
        "score": 0.6047152924789526,
        "cv_monster": 0.0,
        "uniformity_monster": 0.0,
        "avg_t2m_dist": 0.0,
        "proximity_score": 0.0,
        "note": "Only treasure distribution evaluated (no monsters found)"
      }
    },
    "aesthetic_balance": {
      "score": 0.943711648362834,
      "detail": {
        "symmetry_ratio": 0.0,
        "uniformity_area": 0.8905916752556973,
        "uniformity_spacing": 1.0,
        "score": 0.943711648362834
      }
    }
  },
  "category_scores": {
    "structural": 0.6425961157468633,
    "gameplay": 0.6047152924789526,
    "aesthetic": 0.943711648362834
  },
  "overall_score": 0.7303410188628833,
  "grade": "B",
  "details": {
    "accessibility": {
      "reachability_ratio": 1.0,
      "avg_path_length": 6.839506172839506,
      "path_variance": 9.122389879591525,
      "normalized": [
        1.0,
        0.5114638447971781,
        0.9534571944918799
      ],
      "score": 0.7871159501581276
    },
    "degree_variance": {
      "raw_variance": 5.135802469135802,
      "normalized_variance": 0.32098765432098764,
      "score": 0.6790123456790124,
      "degrees": [
        6,
        8,
        2,
        4,
        10,
        6,
        6,
        4,
        4
      ]
    },
    "door_distribution": {
      "cv": 0.4332715530902669,
      "avg_distance": 2.2458507227808715,
      "avg_entropy": 0.8604172251297577,
      "weights": [
        0.3333333333333333,
        0.3333333333333333,
        0.3333333333333333
      ],
      "normalized": [
        0.7833642234548666,
        0.03171991638945651,
        0.6206598318950721
      ],
      "score": 0.4785813239131317,
      "debug": {
        "count": 349
      }
    },