{
  "scores": {
    "accessibility": {
      "score": 0.7917552538411637,
      "detail": {
        "reachability_ratio": 1.0,
        "avg_path_length": 3.8028169014084505,
        "path_variance": 3.4540765721087086,
        "normalized": [
          1.0,
          0.5246478873239437,
          0.9460300535608014
        ],
        "score": 0.7917552538411637
      }
    },
    "degree_variance": {
      "score": 0.0,
      "detail": {
        "raw_variance": 4.0,
        "normalized_variance": 1.0,
        "score": 0.0,
        "degrees": [
          6,
          8,
          4,
          5,
          2
        ]
      }
    },
    "door_distribution": {
      "score": 0.4540924256161195,
      "detail": {
        "cv": 0.5417700881601251,
        "avg_distance": 2.750181116656116,
        "avg_entropy": 0.8073032370539397,
        "weights": [
          0.3333333333333333,
          0.3333333333333333,
          0.3333333333333333
        ],
        "normalized": [
          0.7291149559199375,
          0.050816132632757915,
          0.5823461882956631
        ],
        "score": 0.4540924256161195,
        "debug": {
          "count": 139
        }
      }
    },
    "dead_end_ratio": {
      "score": 0.6,
      "detail": {
        "dead_end_ratio": 0.4,
        "dead_end_count": 2,
        "total_rooms": 5,
        "dead_end_rooms": [
          "rect_33",
          "rect_66"
        ],
        "score": 0.6
      }
    },
    "key_path_length": {
      "score": 1.0,
      "detail": {
        "raw_length": 8,
        "diameter": 8,
        "normalized_length": 1.0,
        "branch_factor": 0.0,
        "score": 1.0,
        "path": [
          "rect_5",
          "rect_10",
          "rect_8",
          "rect_2",
          "rect_7",
          "rect_17",
          "rect_21",
          "rect_26",
          "rect_30"
        ]
      }
    },
    "loop_ratio": {
      "score": 0.4929582121070402,
      "detail": {
        "total_rooms": 71,
        "total_edges": 139,
        "connected_components": 1,
        "cyclomatic_number": 69,
        "loop_ratio": 0.971830985915493,
        "sigmoid_loop_ratio": 0.4929582121070402,
        "algorithm": "Cyclomatic formula + Sigmoid normalization",
        "note": "Direct calculation using E - V + C formula, then sigmoid mapping to [0,1]",
        "score_breakdown": {
          "raw_loop_ratio": 0.971830985915493,
          "sigmoid_loop_ratio": 0.4929582121070402,
          "final_score": 0.4929582121070402
        }
      }
    },
    "path_diversity": {
      "score": 0.45143651389550604,
      "detail": {
        "avg_path_diversity": 0.34406658761804193,
        "std_path_diversity": 0.21706805015764588,
        "max_path_diversity": 0.7621594111850752,
        "min_path_diversity": 0.0,
        "total_pairs_analyzed": 94,
        "rounds_completed": 12,
        "detailed_analysis": {
          "round_0": {
            "pairs_analyzed": 8,
            "avg_diversity": 0.3436544882907191
          },
          "round_1": {
            "pairs_analyzed": 8,
            "avg_diversity": 0.4183575474613725
          },
          "round_2": {
            "pairs_analyzed": 7,
            "avg_diversity": 0.32940205307287485
          },
          "round_3": {
            "pairs_analyzed": 8,
            "avg_diversity": 0.32399018149656933
          },
          "round_4": {
            "pairs_analyzed": 7,
            "avg_diversity": 0.4038284341963185
          },
          "round_5": {
            "pairs_analyzed": 11,
            "avg_diversity": 0.3009959867042521
          },
          "round_6": {
            "pairs_analyzed": 5,
            "avg_diversity": 0.32278830521560925
          },
          "round_7": {
            "pairs_analyzed": 8,
            "avg_diversity": 0.3530828373268914
          },
          "round_8": {
            "pairs_analyzed": 9,
            "avg_diversity": 0.3077614075261054
          },
          "round_9": {
            "pairs_analyzed": 7,
            "avg_diversity": 0.32228923785752694
          },
          "round_10": {
            "pairs_analyzed": 6,
            "avg_diversity": 0.30307669671292575
          },
          "round_11": {
            "pairs_analyzed": 10,
            "avg_diversity": 0.39277304957671577
          }
        },
        "adaptive_params": {
          "num_walks": 71,
          "max_walk_length": 11,
          "graph_diameter": 11,
          "avg_degree": 3.915492957746479,
          "total_nodes": 71,
          "total_edges": 139
        },
        "algorithm": "Adaptive_random_walk_sampling",
        "sampling_strategy": "Multi-round (12 rounds, 11 pairs/round)",
        "normalization": "Robust_with_predefined_bounds",
        "fusion_method": "Geometric_mean_of_normalized_metrics",
        "performance": {
          "time_taken": 0.06150102615356445,
          "timeout": false
        }
      }
    },
    "treasure_monster_distribution": {
      "score": 0.4639156491491779,
      "detail": {
        "cv_treasure": 1.2247448713915892,
        "uniformity_treasure": 0.3876275643042054,
        "score": 0.4639156491491779,
        "cv_monster": 2.0,
        "uniformity_monster": 0.0,
        "avg_t2m_dist": 18.30104388515794,
        "proximity_score": 0.5552178156159268
      }
    },
    "aesthetic_balance": {
      "score": 0.846203166316624,
      "detail": {
        "symmetry_ratio": 0.0,
        "uniformity_area": 0.8300972186488086,
        "uniformity_spacing": 0.8626216093698601,
        "score": 0.846203166316624
      }
    }
  },
  "category_scores": {
    "structural": 0.5414632007799757,
    "gameplay": 0.4639156491491779,
    "aesthetic": 0.846203166316624
  },
  "overall_score": 0.6171940054152592,
  "grade": "C",
  "details": {
    "accessibility": {
      "reachability_ratio": 1.0,
      "avg_path_length": 3.8028169014084505,
      "path_variance": 3.4540765721087086,
      "normalized": [
        1.0,
        0.5246478873239437,
        0.9460300535608014
      ],
      "score": 0.7917552538411637
    },
    "degree_variance": {
      "raw_variance": 4.0,
      "normalized_variance": 1.0,
      "score": 0.0,
      "degrees": [
        6,
        8,
        4,
        5,
        2
      ]
    },
    "door_distribution": {
      "cv": 0.5417700881601251,
      "avg_distance": 2.750181116656116,
      "avg_entropy": 0.8073032370539397,
      "weights": [
        0.3333333333333333,
        0.3333333333333333,
        0.3333333333333333
      ],
      "normalized": [
        0.7291149559199375,
        0.050816132632757915,
        0.5823461882956631
      ],
      "score": 0.4540924256161195,
      "debug": {
        "count": 139
      }
    },
    "dead_end_ratio": {
      "dead_end_ratio": 0.4,
      "dead_end_count": 2,
      "total_rooms": 5,
      "dead_end_rooms": [
        "rect_33",
        "rect_66"
      ],
      "score": 0.6
    },
    "key_path_length": {
      "raw_length": 8,
      "diameter": 8,
      "normalized_length": 1.0,
      "branch_factor": 0.0,
      "score": 1.0,
      "path": [
        "rect_5",
        "rect_10",
        "rect_8",
        "rect_2",
        "rect_7",
        "rect_17",
        "rect_21",
        "rect_26",
        "rect_30"
      ]
    },
    "loop_ratio": {
      "total_rooms": 71,
      "total_edges": 139,
      "connected_components": 1,
      "cyclomatic_number": 69,
      "loop_ratio": 0.971830985915493,
      "sigmoid_loop_ratio": 0.4929582121070402,
      "algorithm": "Cyclomatic formula + Sigmoid normalization",
      "note": "Direct calculation using E - V + C formula, then sigmoid mapping to [0,1]",
      "score_breakdown": {
        "raw_loop_ratio": 0.971830985915493,
        "sigmoid_loop_ratio": 0.4929582121070402,
        "final_score": 0.4929582121070402
      }
    },
    "path_diversity": {
      "avg_path_diversity": 0.34406658761804193,
      "std_path_diversity": 0.21706805015764588,
      "max_path_diversity": 0.7621594111850752,