{
  "scores": {
    "accessibility": {
      "score": 0.7507317960219412,
      "detail": {
        "reachability_ratio": 1.0,
        "avg_path_length": 1.6,
        "path_variance": 0.8400000000000001,
        "normalized": [
          1.0,
          0.4666666666666666,
          0.9066666666666666
        ],
        "score": 0.7507317960219412
      }
    },
    "degree_variance": {
      "score": 0.0,
      "detail": {
        "raw_variance": 1.0,
        "normalized_variance": 1.0,
        "score": 0.0,
        "degrees": [
          4,
          2
        ]
      }
    },
    "door_distribution": {
      "score": 0.47127084301416317,
      "detail": {
        "cv": 0.4615384615384615,
        "avg_distance": 3.7389955864353888,
        "avg_entropy": 0.6222711986244597,
        "weights": [
          0.3333333333333333,
          0.3333333333333333,
          0.3333333333333333
        ],
        "normalized": [
          0.7692307692307693,
          0.19570797363995077,
          0.4488737861717696
        ],
        "score": 0.47127084301416317,
        "debug": {
          "count": 13
        }
      }
    },
    "dead_end_ratio": {
      "score": 0.5,
      "detail": {
        "dead_end_ratio": 0.5,
        "dead_end_count": 1,
        "total_rooms": 2,
        "dead_end_rooms": [
          "rect_5"
        ],
        "score": 0.5
      }
    },
    "key_path_length": {
      "score": 1.0,
      "detail": {
        "raw_length": 3,
        "diameter": 3,
        "normalized_length": 1.0,
        "branch_factor": 0.0,
        "score": 1.0,
        "path": [
          "rect_1",
          "rect_0",
          "rect_2",
          "rect_4"
        ]
      }
    },
    "loop_ratio": {
      "score": 0.4,
      "detail": {
        "total_rooms": 10,
        "total_edges": 13,
        "connected_components": 1,
        "cyclomatic_number": 4,
        "loop_ratio": 0.4,
        "algorithm": "Cyclomatic formula",
        "note": "Direct calculation using E - V + C formula",
        "score_breakdown": {
          "loop_ratio": 0.4,
          "final_score": 0.4
        }
      }
    },
    "path_diversity": {
      "score": 0.3122618135124081,
      "detail": {
        "avg_path_diversity": 0.39405904826743576,
        "std_path_diversity": 0.07811018708319992,
        "max_path_diversity": 0.5773502683566853,
        "min_path_diversity": 0.31083719159217954,
        "total_pairs_analyzed": 7,
        "rounds_completed": 3,
        "detailed_analysis": {
          "round_0": {
            "pairs_analyzed": 2,
            "avg_diversity": 0.3444008320280596
          },
          "round_1": {
            "pairs_analyzed": 3,
            "avg_diversity": 0.43920416058735356
          },
          "round_2": {
            "pairs_analyzed": 2,
            "avg_diversity": 0.3759995960269352
          }
        },
        "adaptive_params": {
          "num_walks": 10,
          "max_walk_length": 3,
          "graph_diameter": 3,
          "avg_degree": 2.6,
          "total_nodes": 10,
          "total_edges": 13
        },
        "algorithm": "Adaptive_random_walk_sampling",
        "sampling_strategy": "Multi-round (3 rounds, 4 pairs/round)",
        "normalization": "Robust_with_predefined_bounds",
        "fusion_method": "Geometric_mean_of_normalized_metrics",
        "performance": {
          "time_taken": 0.0005970001220703125,
          "timeout": false
        }
      }
    },
    "treasure_monster_distribution": {
      "score": 0.6546731227111248,
      "detail": {
        "cv_treasure": 0.0,
        "uniformity_treasure": 1.0,
        "score": 0.6546731227111248,
        "cv_monster": 1.0,
        "uniformity_monster": 0.0,
        "avg_t2m_dist": 5.714031023996647,
        "proximity_score": 0.42859689760033537
      }
    },
    "aesthetic_balance": {
      "score": 0.9258200997725515,
      "detail": {
        "symmetry_ratio": 0.0,
        "uniformity_area": 0.8571428571428572,
        "uniformity_spacing": 1.0,
        "score": 0.9258200997725515
      }
    }
  },
  "category_scores": {
    "structural": 0.4491854280687122,
    "gameplay": 0.4867739744894132,
    "aesthetic": 0.9258200997725515
  },
  "overall_score": 0.5394749020346385,
  "grade": "C",
  "details": {
    "accessibility": {
      "reachability_ratio": 1.0,
      "avg_path_length": 1.6,
      "path_variance": 0.8400000000000001,
      "normalized": [
        1.0,
        0.4666666666666666,
        0.9066666666666666
      ],
      "score": 0.7507317960219412
    },
    "degree_variance": {
      "raw_variance": 1.0,
      "normalized_variance": 1.0,
      "score": 0.0,
      "degrees": [
        4,
        2
      ]
    },
    "door_distribution": {
      "cv": 0.4615384615384615,
      "avg_distance": 3.7389955864353888,
      "avg_entropy": 0.6222711986244597,
      "weights": [
        0.3333333333333333,
        0.3333333333333333,
        0.3333333333333333
      ],
      "normalized": [
        0.7692307692307693,
        0.19570797363995077,
        0.4488737861717696
      ],
      "score": 0.47127084301416317,
      "debug": {
        "count": 13
      }
    },
    "dead_end_ratio": {
      "dead_end_ratio": 0.5,
      "dead_end_count": 1,
      "total_rooms": 2,
      "dead_end_rooms": [
        "rect_5"
      ],
      "score": 0.5
    },
    "key_path_length": {
      "raw_length": 3,
      "diameter": 3,
      "normalized_length": 1.0,
      "branch_factor": 0.0,
      "score": 1.0,
      "path": [
        "rect_1",
        "rect_0",
        "rect_2",
        "rect_4"
      ]
    },
    "loop_ratio": {
      "total_rooms": 10,
      "total_edges": 13,
      "connected_components": 1,
      "cyclomatic_number": 4,
      "loop_ratio": 0.4,
      "algorithm": "Cyclomatic formula",
      "note": "Direct calculation using E - V + C formula",
      "score_breakdown": {
        "loop_ratio": 0.4,
        "final_score": 0.4
      }
    },
    "path_diversity": {
      "avg_path_diversity": 0.39405904826743576,
      "std_path_diversity": 0.07811018708319992,
      "max_path_diversity": 0.5773502683566853,
      "min_path_diversity": 0.31083719159217954,
      "total_pairs_analyzed": 7,
      "rounds_completed": 3,
      "detailed_analysis": {
        "round_0": {
          "pairs_analyzed": 2,
          "avg_diversity": 0.3444008320280596
        },
        "round_1": {
          "pairs_analyzed": 3,
          "avg_diversity": 0.43920416058735356
        },
        "round_2": {
          "pairs_analyzed": 2,
          "avg_diversity": 0.3759995960269352
        }
      },
      "adaptive_params": {
        "num_walks": 10,
        "max_walk_length": 3,
        "graph_diameter": 3,
        "avg_degree": 2.6,
        "total_nodes": 10,
        "total_edges": 13
      },
      "algorithm": "Adaptive_random_walk_sampling",
      "sampling_strategy": "Multi-round (3 rounds, 4 pairs/round)",
      "normalization": "Robust_with_predefined_bounds",
      "fusion_method": "Geometric_mean_of_normalized_metrics",
      "performance": {
        "time_taken": 0.0005970001220703125,
        "timeout": false
      }
    },
    "treasure_monster_distribution": {
      "cv_treasure": 0.0,
      "uniformity_treasure": 1.0,
      "score": 0.6546731227111248,
      "cv_monster": 1.0,
      "uniformity_monster": 0.0,
      "avg_t2m_dist": 5.714031023996647,
      "proximity_score": 0.42859689760033537
    },
    "aesthetic_balance": {
      "symmetry_ratio": 0.0,
      "uniformity_area": 0.8571428571428572,
      "uniformity_spacing": 1.0,
      "score": 0.9258200997725515
    }
  },