{
  "scores": {
    "accessibility": {
      "score": 0.7834326616822092,
      "detail": {
        "reachability_ratio": 1.0,
        "avg_path_length": 3.4363636363636365,
        "path_variance": 2.7186776859504134,
        "normalized": [
          1.0,
          0.509090909090909,
          0.9445167819193794
        ],
        "score": 0.7834326616822092
      }
    },
    "degree_variance": {
      "score": 0.52,
      "detail": {
        "raw_variance": 3.0,
        "normalized_variance": 0.48,
        "score": 0.52,
        "degrees": [
          5,
          6,
          6,
          3,
          2,
          2
        ]
      }
    },
    "door_distribution": {
      "score": 0.43799464631415774,
      "detail": {
        "cv": 0.5474631577475411,
        "avg_distance": 3.0103544277788914,
        "avg_entropy": 0.7267475820896657,
        "weights": [
          0.3333333333333333,
          0.3333333333333333,
          0.3333333333333333
        ],
        "normalized": [
          0.7262684211262295,
          0.0634779514868411,
          0.5242375663294028
        ],
        "score": 0.43799464631415774,
        "debug": {
          "count": 88
        }
      }
    },
    "dead_end_ratio": {
      "score": 0.5,
      "detail": {
        "dead_end_ratio": 0.5,
        "dead_end_count": 3,
        "total_rooms": 6,
        "dead_end_rooms": [
          "rect_26",
          "rect_52",
          "rect_53"
        ],
        "score": 0.5
      }
    },
    "key_path_length": {
      "score": 0.8571428571428571,
      "detail": {
        "raw_length": 6,
        "diameter": 7,
        "normalized_length": 0.8571428571428571,
        "branch_factor": 0.0,
        "score": 0.8571428571428571,
        "path": [
          "rect_0",
          "rect_1",
          "rect_4",
          "rect_9",
          "rect_14",
          "rect_18",
          "rect_24"
        ]
      }
    },
    "loop_ratio": {
      "score": 0.405688448673852,
      "detail": {
        "total_rooms": 55,
        "total_edges": 88,
        "connected_components": 1,
        "cyclomatic_number": 34,
        "loop_ratio": 0.6181818181818182,
        "sigmoid_loop_ratio": 0.405688448673852,
        "algorithm": "Cyclomatic formula + Sigmoid normalization",
        "note": "Direct calculation using E - V + C formula, then sigmoid mapping to [0,1]",
        "score_breakdown": {
          "raw_loop_ratio": 0.6181818181818182,
          "sigmoid_loop_ratio": 0.405688448673852,
          "final_score": 0.405688448673852
        }
      }
    },
    "path_diversity": {
      "score": 0.4785848592368458,
      "detail": {
        "avg_path_diversity": 0.36790096898780433,
        "std_path_diversity": 0.22388051091874295,
        "max_path_diversity": 0.7687267198015026,
        "min_path_diversity": 0.0,
        "total_pairs_analyzed": 51,
        "rounds_completed": 12,
        "detailed_analysis": {
          "round_0": {
            "pairs_analyzed": 3,
            "avg_diversity": 0.437930189496903
          },
          "round_1": {
            "pairs_analyzed": 3,
            "avg_diversity": 0.35722592763526556
          },
          "round_2": {
            "pairs_analyzed": 4,
            "avg_diversity": 0.14352761232004801
          },
          "round_3": {
            "pairs_analyzed": 6,
            "avg_diversity": 0.34678299365630244
          },
          "round_4": {
            "pairs_analyzed": 2,
            "avg_diversity": 0.3556234741277342
          },
          "round_5": {
            "pairs_analyzed": 5,
            "avg_diversity": 0.41642950169136617
          },
          "round_6": {
            "pairs_analyzed": 5,
            "avg_diversity": 0.405807970525197
          },
          "round_7": {
            "pairs_analyzed": 5,
            "avg_diversity": 0.4024538582368077
          },
          "round_8": {
            "pairs_analyzed": 5,
            "avg_diversity": 0.49261000864626175
          },
          "round_9": {
            "pairs_analyzed": 4,
            "avg_diversity": 0.42095181407944926
          },
          "round_10": {
            "pairs_analyzed": 5,
            "avg_diversity": 0.3323809599420845
          },
          "round_11": {
            "pairs_analyzed": 4,
            "avg_diversity": 0.2698017389954149
          }
        },
        "adaptive_params": {
          "num_walks": 55,
          "max_walk_length": 9,
          "graph_diameter": 9,
          "avg_degree": 3.2,
          "total_nodes": 55,
          "total_edges": 88
        },
        "algorithm": "Adaptive_random_walk_sampling",
        "sampling_strategy": "Multi-round (12 rounds, 7 pairs/round)",
        "normalization": "Robust_with_predefined_bounds",
        "fusion_method": "Geometric_mean_of_normalized_metrics",
        "performance": {
          "time_taken": 0.025339841842651367,
          "timeout": false
        }
      }
    },
    "treasure_monster_distribution": {
      "score": 0.7480288381171142,
      "detail": {
        "cv_treasure": 0.4472135954999579,
        "uniformity_treasure": 0.8,
        "score": 0.7480288381171142,
        "cv_monster": 2.23606797749979,
        "uniformity_monster": 0.0,
        "avg_t2m_dist": 8.737120184127365,
        "proximity_score": 0.6994339283185498
      }
    },
    "aesthetic_balance": {
      "score": 0.8372945963536501,
      "detail": {
        "symmetry_ratio": 0.0,
        "uniformity_area": 0.7161479397459767,
        "uniformity_spacing": 0.9789349409169482,
        "score": 0.8372945963536501
      }
    }
  },
  "category_scores": {
    "structural": 0.5689776390071317,
    "gameplay": 0.7480288381171142,
    "aesthetic": 0.8372945963536501
  },
  "overall_score": 0.7181003578259653,
  "grade": "B",
  "details": {
    "accessibility": {
      "reachability_ratio": 1.0,
      "avg_path_length": 3.4363636363636365,
      "path_variance": 2.7186776859504134,
      "normalized": [
        1.0,
        0.509090909090909,
        0.9445167819193794
      ],
      "score": 0.7834326616822092
    },
    "degree_variance": {
      "raw_variance": 3.0,
      "normalized_variance": 0.48,
      "score": 0.52,
      "degrees": [
        5,
        6,
        6,
        3,
        2,
        2
      ]
    },
    "door_distribution": {
      "cv": 0.5474631577475411,
      "avg_distance": 3.0103544277788914,
      "avg_entropy": 0.7267475820896657,
      "weights": [
        0.3333333333333333,
        0.3333333333333333,
        0.3333333333333333
      ],
      "normalized": [
        0.7262684211262295,
        0.0634779514868411,
        0.5242375663294028
      ],
      "score": 0.43799464631415774,
      "debug": {
        "count": 88
      }
    },
    "dead_end_ratio": {
      "dead_end_ratio": 0.5,
      "dead_end_count": 3,
      "total_rooms": 6,
      "dead_end_rooms": [
        "rect_26",
        "rect_52",
        "rect_53"
      ],
      "score": 0.5
    },
    "key_path_length": {
      "raw_length": 6,
      "diameter": 7,
      "normalized_length": 0.8571428571428571,
      "branch_factor": 0.0,
      "score": 0.8571428571428571,
      "path": [
        "rect_0",
        "rect_1",
        "rect_4",
        "rect_9",
        "rect_14",
        "rect_18",
        "rect_24"
      ]
    },
    "loop_ratio": {
      "total_rooms": 55,
      "total_edges": 88,
      "connected_components": 1,
      "cyclomatic_number": 34,
      "loop_ratio": 0.6181818181818182,
      "sigmoid_loop_ratio": 0.405688448673852,
      "algorithm": "Cyclomatic formula + Sigmoid normalization",
      "note": "Direct calculation using E - V + C formula, then sigmoid mapping to [0,1]",
      "score_breakdown": {
        "raw_loop_ratio": 0.6181818181818182,
        "sigmoid_loop_ratio": 0.405688448673852,
        "final_score": 0.405688448673852
      }
    },
    "path_diversity": {
      "avg_path_diversity": 0.36790096898780433,
      "std_path_diversity": 0.22388051091874295,