{
  "scores": {
    "accessibility": {
      "score": 0.7975093149746366,
      "detail": {
        "reachability_ratio": 1.0,
        "avg_path_length": 4.90625,
        "path_variance": 10.2099609375,
        "normalized": [
          1.0,
          0.5539772727272727,
          0.9156201575413223
        ],
        "score": 0.7975093149746366
      }
    },
    "degree_variance": {
      "score": 1.0,
      "detail": {
        "raw_variance": 0.0,
        "normalized_variance": 0.0,
        "score": 1.0,
        "degrees": [
          4,
          4,
          4
        ]
      }
    },
    "door_distribution": {
      "score": 0.4734719016321332,
      "detail": {
        "cv": 0.2966479394838265,
        "avg_distance": 2.3394814515854137,
        "avg_entropy": 0.7231175317887836,
        "weights": [
          0.3333333333333333,
          0.3333333333333333,
          0.3333333333333333
        ],
        "normalized": [
          0.8516760302580868,
          0.047120636092540136,
          0.5216190385457727
        ],
        "score": 0.4734719016321332,
        "debug": {
          "count": 50
        }
      }
    },
    "dead_end_ratio": {
      "score": 0.6666666666666667,
      "detail": {
        "dead_end_ratio": 0.3333333333333333,
        "dead_end_count": 1,
        "total_rooms": 3,
        "dead_end_rooms": [
          "rect_16"
        ],
        "score": 0.6666666666666667
      }
    },
    "key_path_length": {
      "score": 0.7272727272727273,
      "detail": {
        "raw_length": 8,
        "diameter": 11,
        "normalized_length": 0.7272727272727273,
        "branch_factor": 0.0,
        "score": 0.7272727272727273,
        "path": [
          "rect_4",
          "rect_5",
          "rect_6",
          "rect_7",
          "rect_8",
          "rect_9",
          "rect_10",
          "rect_11",
          "rect_12"
        ]
      }
    },
    "loop_ratio": {
      "score": 0.399811640739795,
      "detail": {
        "total_rooms": 32,
        "total_edges": 50,
        "connected_components": 1,
        "cyclomatic_number": 19,
        "loop_ratio": 0.59375,
        "sigmoid_loop_ratio": 0.399811640739795,
        "algorithm": "Cyclomatic formula + Sigmoid normalization",
        "note": "Direct calculation using E - V + C formula, then sigmoid mapping to [0,1]",
        "score_breakdown": {
          "raw_loop_ratio": 0.59375,
          "sigmoid_loop_ratio": 0.399811640739795,
          "final_score": 0.399811640739795
        }
      }
    },
    "path_diversity": {
      "score": 0.5120172372801259,
      "detail": {
        "avg_path_diversity": 0.39561291454802444,
        "std_path_diversity": 0.21256273369580658,
        "max_path_diversity": 0.772655461073049,
        "min_path_diversity": 0.0,
        "total_pairs_analyzed": 33,
        "rounds_completed": 13,
        "detailed_analysis": {
          "round_0": {
            "pairs_analyzed": 3,
            "avg_diversity": 0.4030001787255462
          },
          "round_1": {
            "pairs_analyzed": 3,
            "avg_diversity": 0.2464518777921211
          },
          "round_2": {
            "pairs_analyzed": 2,
            "avg_diversity": 0.4705103550884715
          },
          "round_3": {
            "pairs_analyzed": 3,
            "avg_diversity": 0.5166997953375875
          },
          "round_4": {
            "pairs_analyzed": 3,
            "avg_diversity": 0.4386982422629854
          },
          "round_5": {
            "pairs_analyzed": 3,
            "avg_diversity": 0.3730628335881696
          },
          "round_6": {
            "pairs_analyzed": 2,
            "avg_diversity": 0.3116819011337603
          },
          "round_7": {
            "pairs_analyzed": 2,
            "avg_diversity": 0.4491416052439271
          },
          "round_8": {
            "pairs_analyzed": 2,
            "avg_diversity": 0.21452311269233526
          },
          "round_9": {
            "pairs_analyzed": 2,
            "avg_diversity": 0.34612649006490664
          },
          "round_10": {
            "pairs_analyzed": 3,
            "avg_diversity": 0.35207840722436723
          },
          "round_11": {
            "pairs_analyzed": 2,
            "avg_diversity": 0.46036625503832845
          },
          "round_12": {
            "pairs_analyzed": 3,
            "avg_diversity": 0.5201842455896725
          }
        },
        "adaptive_params": {
          "num_walks": 32,
          "max_walk_length": 14,
          "graph_diameter": 14,
          "avg_degree": 3.125,
          "total_nodes": 32,
          "total_edges": 50
        },
        "algorithm": "Adaptive_random_walk_sampling",
        "sampling_strategy": "Multi-round (13 rounds, 3 pairs/round)",
        "normalization": "Robust_with_predefined_bounds",
        "fusion_method": "Geometric_mean_of_normalized_metrics",
        "performance": {
          "time_taken": 0.011247873306274414,
          "timeout": false
        }
      }
    },
    "treasure_monster_distribution": {
      "score": 0.622305212699751,
      "detail": {
        "cv_treasure": 1.4142135623730951,
        "uniformity_treasure": 0.0,
        "score": 0.622305212699751,
        "cv_monster": 1.4142135623730951,
        "uniformity_monster": 0.0,
        "avg_t2m_dist": 10.0,
        "proximity_score": 0.622305212699751
      }
    },
    "aesthetic_balance": {
      "score": 0.6599596508374028,
      "detail": {
        "symmetry_ratio": 0.0,
        "uniformity_area": 0.5852438254708932,
        "uniformity_spacing": 0.7442141578904848,
        "score": 0.6599596508374028
      }
    }
  },
  "category_scores": {
    "structural": 0.6538213555094408,
    "gameplay": 0.622305212699751,
    "aesthetic": 0.6599596508374028
  },
  "overall_score": 0.6453620730155315,
  "grade": "C",
  "details": {
    "accessibility": {
      "reachability_ratio": 1.0,
      "avg_path_length": 4.90625,
      "path_variance": 10.2099609375,
      "normalized": [
        1.0,
        0.5539772727272727,
        0.9156201575413223
      ],
      "score": 0.7975093149746366
    },
    "degree_variance": {
      "raw_variance": 0.0,
      "normalized_variance": 0.0,
      "score": 1.0,
      "degrees": [
        4,
        4,
        4
      ]
    },
    "door_distribution": {
      "cv": 0.2966479394838265,
      "avg_distance": 2.3394814515854137,
      "avg_entropy": 0.7231175317887836,
      "weights": [
        0.3333333333333333,
        0.3333333333333333,
        0.3333333333333333
      ],
      "normalized": [
        0.8516760302580868,
        0.047120636092540136,
        0.5216190385457727
      ],
      "score": 0.4734719016321332,
      "debug": {
        "count": 50
      }
    },
    "dead_end_ratio": {
      "dead_end_ratio": 0.3333333333333333,
      "dead_end_count": 1,
      "total_rooms": 3,
      "dead_end_rooms": [
        "rect_16"
      ],
      "score": 0.6666666666666667
    },
    "key_path_length": {
      "raw_length": 8,
      "diameter": 11,
      "normalized_length": 0.7272727272727273,
      "branch_factor": 0.0,
      "score": 0.7272727272727273,
      "path": [
        "rect_4",
        "rect_5",
        "rect_6",
        "rect_7",
        "rect_8",
        "rect_9",
        "rect_10",
        "rect_11",
        "rect_12"
      ]
    },
    "loop_ratio": {
      "total_rooms": 32,
      "total_edges": 50,
      "connected_components": 1,
      "cyclomatic_number": 19,
      "loop_ratio": 0.59375,
      "sigmoid_loop_ratio": 0.399811640739795,
      "algorithm": "Cyclomatic formula + Sigmoid normalization",
      "note": "Direct calculation using E - V + C formula, then sigmoid mapping to [0,1]",
      "score_breakdown": {
        "raw_loop_ratio": 0.59375,
        "sigmoid_loop_ratio": 0.399811640739795,
        "final_score": 0.399811640739795
      }
    },
    "path_diversity": {
      "avg_path_diversity": 0.39561291454802444,
      "std_path_diversity": 0.21256273369580658,