{
  "scores": {
    "accessibility": {
      "score": 0.746327735656917,
      "detail": {
        "reachability_ratio": 1.0,
        "avg_path_length": 2.1904761904761907,
        "path_variance": 1.2970521541950113,
        "normalized": [
          1.0,
          0.45238095238095233,
          0.9189342403628118
        ],
        "score": 0.746327735656917
      }
    },
    "degree_variance": {
      "score": 0.02777777777777779,
      "detail": {
        "raw_variance": 2.1875,
        "normalized_variance": 0.9722222222222222,
        "score": 0.02777777777777779,
        "degrees": [
          6,
          2,
          4,
          3
        ]
      }
    },
    "door_distribution": {
      "score": 0.4705351220811888,
      "detail": {
        "cv": 0.4518446891162294,
        "avg_distance": 2.2534975512668227,
        "avg_entropy": 0.7547493677780382,
        "weights": [
          0.3333333333333333,
          0.3333333333333333,
          0.3333333333333333
        ],
        "normalized": [
          0.7740776554418853,
          0.09309112579795303,
          0.5444365850037282
        ],
        "score": 0.4705351220811888,
        "debug": {
          "count": 37
        }
      }
    },
    "dead_end_ratio": {
      "score": 0.75,
      "detail": {
        "dead_end_ratio": 0.25,
        "dead_end_count": 1,
        "total_rooms": 4,
        "dead_end_rooms": [
          "rect_10"
        ],
        "score": 0.75
      }
    },
    "key_path_length": {
      "score": 1.0,
      "detail": {
        "raw_length": 4,
        "diameter": 4,
        "normalized_length": 1.0,
        "branch_factor": 0.0,
        "score": 1.0,
        "path": [
          "rect_1",
          "rect_0",
          "rect_7",
          "rect_6",
          "rect_8"
        ]
      }
    },
    "loop_ratio": {
      "score": 0.8095238095238095,
      "detail": {
        "total_rooms": 21,
        "total_edges": 37,
        "connected_components": 1,
        "cyclomatic_number": 17,
        "loop_ratio": 0.8095238095238095,
        "algorithm": "Cyclomatic formula",
        "note": "Direct calculation using E - V + C formula",
        "score_breakdown": {
          "loop_ratio": 0.8095238095238095,
          "final_score": 0.8095238095238095
        }
      }
    },
    "path_diversity": {
      "score": 0.550558287840514,
      "detail": {
        "avg_path_diversity": 0.3191034537426499,
        "std_path_diversity": 0.14980819680309665,
        "max_path_diversity": 0.579599764076366,
        "min_path_diversity": 0.0,
        "total_pairs_analyzed": 26,
        "rounds_completed": 4,
        "detailed_analysis": {
          "round_0": {
            "pairs_analyzed": 7,
            "avg_diversity": 0.28169799303487075
          },
          "round_1": {
            "pairs_analyzed": 5,
            "avg_diversity": 0.35615177370348006
          },
          "round_2": {
            "pairs_analyzed": 9,
            "avg_diversity": 0.2765959160669339
          },
          "round_3": {
            "pairs_analyzed": 5,
            "avg_diversity": 0.4109363465889997
          }
        },
        "adaptive_params": {
          "num_walks": 21,
          "max_walk_length": 5,
          "graph_diameter": 5,
          "avg_degree": 3.5238095238095237,
          "total_nodes": 21,
          "total_edges": 37
        },
        "algorithm": "Adaptive_random_walk_sampling",
        "sampling_strategy": "Multi-round (4 rounds, 9 pairs/round)",
        "normalization": "Robust_with_predefined_bounds",
        "fusion_method": "Geometric_mean_of_normalized_metrics",
        "performance": {
          "time_taken": 0.0030388832092285156,
          "timeout": false
        }
      }
    },
    "treasure_monster_distribution": {
      "score": 0.0,
      "detail": {
        "reason": "No treasures found"
      }
    },
    "aesthetic_balance": {
      "score": 0.9578733685178682,
      "detail": {
        "symmetry_ratio": 0.0,
        "uniformity_area": 0.9175213901157677,
        "uniformity_spacing": 1.0,
        "score": 0.9578733685178682
      }
    }
  },
  "category_scores": {
    "structural": 0.5123178662438903,
    "gameplay": 0.37022331513620566,
    "aesthetic": 0.9578733685178681
  },
  "overall_score": 0.5081039160311447,
  "grade": "C",
  "details": {
    "accessibility": {
      "reachability_ratio": 1.0,
      "avg_path_length": 2.1904761904761907,
      "path_variance": 1.2970521541950113,
      "normalized": [
        1.0,
        0.45238095238095233,
        0.9189342403628118
      ],
      "score": 0.746327735656917
    },
    "degree_variance": {
      "raw_variance": 2.1875,
      "normalized_variance": 0.9722222222222222,
      "score": 0.02777777777777779,
      "degrees": [
        6,
        2,
        4,
        3
      ]
    },
    "door_distribution": {
      "cv": 0.4518446891162294,
      "avg_distance": 2.2534975512668227,
      "avg_entropy": 0.7547493677780382,
      "weights": [
        0.3333333333333333,
        0.3333333333333333,
        0.3333333333333333
      ],
      "normalized": [
        0.7740776554418853,
        0.09309112579795303,
        0.5444365850037282
      ],
      "score": 0.4705351220811888,
      "debug": {
        "count": 37
      }
    },
    "dead_end_ratio": {
      "dead_end_ratio": 0.25,
      "dead_end_count": 1,
      "total_rooms": 4,
      "dead_end_rooms": [
        "rect_10"
      ],
      "score": 0.75
    },
    "key_path_length": {
      "raw_length": 4,
      "diameter": 4,
      "normalized_length": 1.0,
      "branch_factor": 0.0,
      "score": 1.0,
      "path": [
        "rect_1",
        "rect_0",
        "rect_7",
        "rect_6",
        "rect_8"
      ]
    },
    "loop_ratio": {
      "total_rooms": 21,
      "total_edges": 37,
      "connected_components": 1,
      "cyclomatic_number": 17,
      "loop_ratio": 0.8095238095238095,
      "algorithm": "Cyclomatic formula",
      "note": "Direct calculation using E - V + C formula",
      "score_breakdown": {
        "loop_ratio": 0.8095238095238095,
        "final_score": 0.8095238095238095
      }
    },
    "path_diversity": {
      "avg_path_diversity": 0.3191034537426499,
      "std_path_diversity": 0.14980819680309665,
      "max_path_diversity": 0.579599764076366,
      "min_path_diversity": 0.0,
      "total_pairs_analyzed": 26,
      "rounds_completed": 4,
      "detailed_analysis": {
        "round_0": {
          "pairs_analyzed": 7,
          "avg_diversity": 0.28169799303487075
        },
        "round_1": {
          "pairs_analyzed": 5,
          "avg_diversity": 0.35615177370348006
        },
        "round_2": {
          "pairs_analyzed": 9,
          "avg_diversity": 0.2765959160669339
        },
        "round_3": {
          "pairs_analyzed": 5,
          "avg_diversity": 0.4109363465889997
        }
      },
      "adaptive_params": {
        "num_walks": 21,
        "max_walk_length": 5,
        "graph_diameter": 5,
        "avg_degree": 3.5238095238095237,
        "total_nodes": 21,
        "total_edges": 37
      },
      "algorithm": "Adaptive_random_walk_sampling",
      "sampling_strategy": "Multi-round (4 rounds, 9 pairs/round)",
      "normalization": "Robust_with_predefined_bounds",
      "fusion_method": "Geometric_mean_of_normalized_metrics",
      "performance": {
        "time_taken": 0.0030388832092285156,
        "timeout": false
      }
    },
    "treasure_monster_distribution": {
      "reason": "No treasures found"
    },
    "aesthetic_balance": {
      "symmetry_ratio": 0.0,
      "uniformity_area": 0.9175213901157677,
      "uniformity_spacing": 1.0,
      "score": 0.9578733685178682
    }
  },