{
  "scores": {
    "accessibility": {
      "score": 0.7253198776359555,
      "detail": {
        "reachability_ratio": 1.0,
        "avg_path_length": 2.3333333333333335,
        "path_variance": 1.3472222222222223,
        "normalized": [
          1.0,
          0.41666666666666663,
          0.9157986111111112
        ],
        "score": 0.7253198776359555
      }
    },
    "degree_variance": {
      "score": 0.0,
      "detail": {
        "raw_variance": 19.0,
        "normalized_variance": 1.0,
        "score": 0.0,
        "degrees": [
          14,
          6,
          6,
          2
        ]
      }
    },
    "door_distribution": {
      "score": 0.46014819950692665,
      "detail": {
        "cv": 0.5728898730994153,
        "avg_distance": 2.5233385763278227,
        "avg_entropy": 0.8395640669411589,
        "weights": [
          0.3333333333333333,
          0.3333333333333333,
          0.3333333333333333
        ],
        "normalized": [
          0.7135550634502923,
          0.06127207712819801,
          0.6056174579422898
        ],
        "score": 0.46014819950692665,
        "debug": {
          "count": 94
        }
      }
    },
    "dead_end_ratio": {
      "score": 0.75,
      "detail": {
        "dead_end_ratio": 0.25,
        "dead_end_count": 1,
        "total_rooms": 4,
        "dead_end_rooms": [
          "rect_22"
        ],
        "score": 0.75
      }
    },
    "key_path_length": {
      "score": 1.0,
      "detail": {
        "raw_length": 4,
        "diameter": 4,
        "normalized_length": 1.0,
        "branch_factor": 0.0,
        "score": 1.0,
        "path": [
          "rect_1",
          "rect_6",
          "rect_9",
          "rect_13",
          "rect_18"
        ]
      }
    },
    "loop_ratio": {
      "score": 0.9791666666666666,
      "detail": {
        "total_rooms": 48,
        "total_edges": 94,
        "connected_components": 1,
        "cyclomatic_number": 47,
        "loop_ratio": 0.9791666666666666,
        "algorithm": "Cyclomatic formula",
        "note": "Direct calculation using E - V + C formula",
        "score_breakdown": {
          "loop_ratio": 0.9791666666666666,
          "final_score": 0.9791666666666666
        }
      }
    },
    "path_diversity": {
      "score": 0.4997920844881314,
      "detail": {
        "avg_path_diversity": 0.2885550941017698,
        "std_path_diversity": 0.20543359809702894,
        "max_path_diversity": 0.5773502683566853,
        "min_path_diversity": 0.0,
        "total_pairs_analyzed": 63,
        "rounds_completed": 7,
        "detailed_analysis": {
          "round_0": {
            "pairs_analyzed": 9,
            "avg_diversity": 0.32520014576553047
          },
          "round_1": {
            "pairs_analyzed": 6,
            "avg_diversity": 0.3021558404068543
          },
          "round_2": {
            "pairs_analyzed": 10,
            "avg_diversity": 0.21747480908704633
          },
          "round_3": {
            "pairs_analyzed": 11,
            "avg_diversity": 0.29162323956614783
          },
          "round_4": {
            "pairs_analyzed": 6,
            "avg_diversity": 0.2723379312453591
          },
          "round_5": {
            "pairs_analyzed": 10,
            "avg_diversity": 0.40487392787430804
          },
          "round_6": {
            "pairs_analyzed": 11,
            "avg_diversity": 0.21580581652429742
          }
        },
        "adaptive_params": {
          "num_walks": 48,
          "max_walk_length": 8,
          "graph_diameter": 8,
          "avg_degree": 3.9166666666666665,
          "total_nodes": 48,
          "total_edges": 94
        },
        "algorithm": "Adaptive_random_walk_sampling",
        "sampling_strategy": "Multi-round (7 rounds, 13 pairs/round)",
        "normalization": "Robust_with_predefined_bounds",
        "fusion_method": "Geometric_mean_of_normalized_metrics",
        "performance": {
          "time_taken": 0.02178192138671875,
          "timeout": false
        }
      }
    },
    "treasure_monster_distribution": {
      "score": 0.40065709647963077,
      "detail": {
        "cv_treasure": 1.0,
        "uniformity_treasure": 0.42264973081037416,
        "score": 0.40065709647963077,
        "cv_monster": 1.7320508075688772,
        "uniformity_monster": 0.0,
        "avg_t2m_dist": 16.17260650093646,
        "proximity_score": 0.37980885176881785
      }
    },
    "aesthetic_balance": {
      "score": 0.8404879344109043,
      "detail": {
        "symmetry_ratio": 0.0,
        "uniformity_area": 0.8143560724934176,
        "uniformity_spacing": 0.867458341321595,
        "score": 0.8404879344109043
      }
    }
  },
  "category_scores": {
    "structural": 0.5200329674295447,
    "gameplay": 0.5101796723871049,
    "aesthetic": 0.8404879344109044
  },
  "overall_score": 0.5631745649555289,
  "grade": "C",
  "details": {
    "accessibility": {
      "reachability_ratio": 1.0,
      "avg_path_length": 2.3333333333333335,
      "path_variance": 1.3472222222222223,
      "normalized": [
        1.0,
        0.41666666666666663,
        0.9157986111111112
      ],
      "score": 0.7253198776359555
    },
    "degree_variance": {
      "raw_variance": 19.0,
      "normalized_variance": 1.0,
      "score": 0.0,
      "degrees": [
        14,
        6,
        6,
        2
      ]
    },
    "door_distribution": {
      "cv": 0.5728898730994153,
      "avg_distance": 2.5233385763278227,
      "avg_entropy": 0.8395640669411589,
      "weights": [
        0.3333333333333333,
        0.3333333333333333,
        0.3333333333333333
      ],
      "normalized": [
        0.7135550634502923,
        0.06127207712819801,
        0.6056174579422898
      ],
      "score": 0.46014819950692665,
      "debug": {
        "count": 94
      }
    },
    "dead_end_ratio": {
      "dead_end_ratio": 0.25,
      "dead_end_count": 1,
      "total_rooms": 4,
      "dead_end_rooms": [
        "rect_22"
      ],
      "score": 0.75
    },
    "key_path_length": {
      "raw_length": 4,
      "diameter": 4,
      "normalized_length": 1.0,
      "branch_factor": 0.0,
      "score": 1.0,
      "path": [
        "rect_1",
        "rect_6",
        "rect_9",
        "rect_13",
        "rect_18"
      ]
    },
    "loop_ratio": {
      "total_rooms": 48,
      "total_edges": 94,
      "connected_components": 1,
      "cyclomatic_number": 47,
      "loop_ratio": 0.9791666666666666,
      "algorithm": "Cyclomatic formula",
      "note": "Direct calculation using E - V + C formula",
      "score_breakdown": {
        "loop_ratio": 0.9791666666666666,
        "final_score": 0.9791666666666666
      }
    },
    "path_diversity": {
      "avg_path_diversity": 0.2885550941017698,
      "std_path_diversity": 0.20543359809702894,
      "max_path_diversity": 0.5773502683566853,
      "min_path_diversity": 0.0,
      "total_pairs_analyzed": 63,
      "rounds_completed": 7,
      "detailed_analysis": {
        "round_0": {
          "pairs_analyzed": 9,
          "avg_diversity": 0.32520014576553047
        },
        "round_1": {
          "pairs_analyzed": 6,
          "avg_diversity": 0.3021558404068543
        },
        "round_2": {
          "pairs_analyzed": 10,
          "avg_diversity": 0.21747480908704633
        },
        "round_3": {
          "pairs_analyzed": 11,
          "avg_diversity": 0.29162323956614783
        },
        "round_4": {
          "pairs_analyzed": 6,
          "avg_diversity": 0.2723379312453591
        },
        "round_5": {
          "pairs_analyzed": 10,
          "avg_diversity": 0.40487392787430804
        },
        "round_6": {
          "pairs_analyzed": 11,
          "avg_diversity": 0.21580581652429742
        }
      },
      "adaptive_params": {
        "num_walks": 48,
        "max_walk_length": 8,
        "graph_diameter": 8,
        "avg_degree": 3.9166666666666665,
        "total_nodes": 48,
        "total_edges": 94
      },