{
  "scores": {
    "accessibility": {
      "score": 0.8018428405223345,
      "detail": {
        "reachability_ratio": 1.0,
        "avg_path_length": 2.6666666666666665,
        "path_variance": 2.5925925925925926,
        "normalized": [
          1.0,
          0.5555555555555556,
          0.9279835390946503
        ],
        "score": 0.8018428405223345
      }
    },
    "degree_variance": {
      "score": 0.0,
      "detail": {
        "raw_variance": 2.0,
        "normalized_variance": 1.0,
        "score": 0.0,
        "degrees": [
          6,
          3,
          3
        ]
      }
    },
    "door_distribution": {
      "score": 0.46076429749321407,
      "detail": {
        "cv": 0.433589667773576,
        "avg_distance": 2.5386473936517024,
        "avg_entropy": 0.7230739210146877,
        "weights": [
          0.3333333333333333,
          0.3333333333333333,
          0.3333333333333333
        ],
        "normalized": [
          0.783205166113212,
          0.07750014634441633,
          0.521587580022014
        ],
        "score": 0.46076429749321407,
        "debug": {
          "count": 50
        }
      }
    },
    "dead_end_ratio": {
      "score": 0.6666666666666667,
      "detail": {
        "dead_end_ratio": 0.3333333333333333,
        "dead_end_count": 1,
        "total_rooms": 3,
        "dead_end_rooms": [
          "rect_13"
        ],
        "score": 0.6666666666666667
      }
    },
    "key_path_length": {
      "score": 0.408248290463863,
      "detail": {
        "raw_length": 1,
        "diameter": 6,
        "normalized_length": 0.16666666666666666,
        "branch_factor": 1.0,
        "score": 0.408248290463863,
        "path": [
          "rect_2",
          "rect_7"
        ]
      }
    },
    "loop_ratio": {
      "score": 0.47225076494548685,
      "detail": {
        "total_rooms": 27,
        "total_edges": 50,
        "connected_components": 1,
        "cyclomatic_number": 24,
        "loop_ratio": 0.8888888888888888,
        "sigmoid_loop_ratio": 0.47225076494548685,
        "algorithm": "Cyclomatic formula + Sigmoid normalization",
        "note": "Direct calculation using E - V + C formula, then sigmoid mapping to [0,1]",
        "score_breakdown": {
          "raw_loop_ratio": 0.8888888888888888,
          "sigmoid_loop_ratio": 0.47225076494548685,
          "final_score": 0.47225076494548685
        }
      }
    },
    "path_diversity": {
      "score": 0.5813103982434733,
      "detail": {
        "avg_path_diversity": 0.34837140819498574,
        "std_path_diversity": 0.19547514113368697,
        "max_path_diversity": 0.5992863868385088,
        "min_path_diversity": 0.0,
        "total_pairs_analyzed": 25,
        "rounds_completed": 8,
        "detailed_analysis": {
          "round_0": {
            "pairs_analyzed": 4,
            "avg_diversity": 0.3508901238115518
          },
          "round_1": {
            "pairs_analyzed": 3,
            "avg_diversity": 0.4464483449690439
          },
          "round_2": {
            "pairs_analyzed": 2,
            "avg_diversity": 0.13819564236713444
          },
          "round_3": {
            "pairs_analyzed": 3,
            "avg_diversity": 0.27835562934951225
          },
          "round_4": {
            "pairs_analyzed": 3,
            "avg_diversity": 0.38441594247636446
          },
          "round_5": {
            "pairs_analyzed": 4,
            "avg_diversity": 0.2647953106837414
          },
          "round_6": {
            "pairs_analyzed": 4,
            "avg_diversity": 0.4564392055624849
          },
          "round_7": {
            "pairs_analyzed": 2,
            "avg_diversity": 0.40836780476224965
          }
        },
        "adaptive_params": {
          "num_walks": 27,
          "max_walk_length": 5,
          "graph_diameter": 5,
          "avg_degree": 3.7037037037037037,
          "total_nodes": 27,
          "total_edges": 50
        },
        "algorithm": "Adaptive_random_walk_sampling",
        "sampling_strategy": "Multi-round (8 rounds, 6 pairs/round)",
        "normalization": "Robust_with_predefined_bounds",
        "fusion_method": "Geometric_mean_of_normalized_metrics",
        "performance": {
          "time_taken": 0.00520014762878418,
          "timeout": false
        }
      }
    },
    "treasure_monster_distribution": {
      "score": 0.5,
      "detail": {
        "cv_treasure": 0.7071067811865476,
        "uniformity_treasure": 0.5,
        "score": 0.5,
        "cv_monster": 1.4142135623730951,
        "uniformity_monster": 0.0,
        "avg_t2m_dist": 10.00693533191031,
        "proximity_score": 0.0
      }
    },
    "aesthetic_balance": {
      "score": 0.7924058156930615,
      "detail": {
        "symmetry_ratio": 0.0,
        "uniformity_area": 0.627906976744186,
        "uniformity_spacing": 1.0,
        "score": 0.7924058156930615
      }
    }
  },
  "category_scores": {
    "structural": 0.4844404654764341,
    "gameplay": 0.5,
    "aesthetic": 0.7924058156930615
  },
  "overall_score": 0.5922820937231652,
  "grade": "C",
  "details": {
    "accessibility": {
      "reachability_ratio": 1.0,
      "avg_path_length": 2.6666666666666665,
      "path_variance": 2.5925925925925926,
      "normalized": [
        1.0,
        0.5555555555555556,
        0.9279835390946503
      ],
      "score": 0.8018428405223345
    },
    "degree_variance": {
      "raw_variance": 2.0,
      "normalized_variance": 1.0,
      "score": 0.0,
      "degrees": [
        6,
        3,
        3
      ]
    },
    "door_distribution": {
      "cv": 0.433589667773576,
      "avg_distance": 2.5386473936517024,
      "avg_entropy": 0.7230739210146877,
      "weights": [
        0.3333333333333333,
        0.3333333333333333,
        0.3333333333333333
      ],
      "normalized": [
        0.783205166113212,
        0.07750014634441633,
        0.521587580022014
      ],
      "score": 0.46076429749321407,
      "debug": {
        "count": 50
      }
    },
    "dead_end_ratio": {
      "dead_end_ratio": 0.3333333333333333,
      "dead_end_count": 1,
      "total_rooms": 3,
      "dead_end_rooms": [
        "rect_13"
      ],
      "score": 0.6666666666666667
    },
    "key_path_length": {
      "raw_length": 1,
      "diameter": 6,
      "normalized_length": 0.16666666666666666,
      "branch_factor": 1.0,
      "score": 0.408248290463863,
      "path": [
        "rect_2",
        "rect_7"
      ]
    },
    "loop_ratio": {
      "total_rooms": 27,
      "total_edges": 50,
      "connected_components": 1,
      "cyclomatic_number": 24,
      "loop_ratio": 0.8888888888888888,
      "sigmoid_loop_ratio": 0.47225076494548685,
      "algorithm": "Cyclomatic formula + Sigmoid normalization",
      "note": "Direct calculation using E - V + C formula, then sigmoid mapping to [0,1]",
      "score_breakdown": {
        "raw_loop_ratio": 0.8888888888888888,
        "sigmoid_loop_ratio": 0.47225076494548685,
        "final_score": 0.47225076494548685
      }
    },
    "path_diversity": {
      "avg_path_diversity": 0.34837140819498574,
      "std_path_diversity": 0.19547514113368697,
      "max_path_diversity": 0.5992863868385088,
      "min_path_diversity": 0.0,
      "total_pairs_analyzed": 25,
      "rounds_completed": 8,
      "detailed_analysis": {
        "round_0": {
          "pairs_analyzed": 4,
          "avg_diversity": 0.3508901238115518
        },
        "round_1": {
          "pairs_analyzed": 3,
          "avg_diversity": 0.4464483449690439
        },
        "round_2": {
          "pairs_analyzed": 2,
          "avg_diversity": 0.13819564236713444
        },
        "round_3": {
          "pairs_analyzed": 3,
          "avg_diversity": 0.27835562934951225
        },
        "round_4": {
          "pairs_analyzed": 3,
          "avg_diversity": 0.38441594247636446
        },
        "round_5": {
          "pairs_analyzed": 4,
          "avg_diversity": 0.2647953106837414
        },