{
  "scores": {
    "accessibility": {
      "score": 0.7600801678182418,
      "detail": {
        "reachability_ratio": 1.0,
        "avg_path_length": 4.184615384615385,
        "path_variance": 5.073609467455621,
        "normalized": [
          1.0,
          0.4769230769230769,
          0.920724852071006
        ],
        "score": 0.7600801678182418
      }
    },
    "degree_variance": {
      "score": 0.3378684807256236,
      "detail": {
        "raw_variance": 5.959183673469388,
        "normalized_variance": 0.6621315192743764,
        "score": 0.3378684807256236,
        "degrees": [
          7,
          3,
          7,
          2,
          8,
          8,
          3
        ]
      }
    },
    "door_distribution": {
      "score": 0.44651103496620015,
      "detail": {
        "cv": 0.5773040793204218,
        "avg_distance": 2.97274765847495,
        "avg_entropy": 0.7969395340028622,
        "weights": [
          0.3333333333333333,
          0.3333333333333333,
          0.3333333333333333
        ],
        "normalized": [
          0.7113479603397891,
          0.05331478776166611,
          0.5748703567971454
        ],
        "score": 0.44651103496620015,
        "debug": {
          "count": 125
        }
      }
    },
    "dead_end_ratio": {
      "score": 0.7142857142857143,
      "detail": {
        "dead_end_ratio": 0.2857142857142857,
        "dead_end_count": 2,
        "total_rooms": 7,
        "dead_end_rooms": [
          "rect_58",
          "rect_29"
        ],
        "score": 0.7142857142857143
      }
    },
    "key_path_length": {
      "score": 1.0,
      "detail": {
        "raw_length": 8,
        "diameter": 8,
        "normalized_length": 1.0,
        "branch_factor": 0.0,
        "score": 1.0,
        "path": [
          "rect_1",
          "rect_0",
          "rect_2",
          "rect_8",
          "rect_12",
          "rect_14",
          "rect_16",
          "rect_18",
          "rect_21"
        ]
      }
    },
    "loop_ratio": {
      "score": 0.9384615384615385,
      "detail": {
        "total_rooms": 65,
        "total_edges": 125,
        "connected_components": 1,
        "cyclomatic_number": 61,
        "loop_ratio": 0.9384615384615385,
        "algorithm": "Cyclomatic formula",
        "note": "Direct calculation using E - V + C formula",
        "score_breakdown": {
          "loop_ratio": 0.9384615384615385,
          "final_score": 0.9384615384615385
        }
      }
    },
    "path_diversity": {
      "score": 0.534826516971654,
      "detail": {
        "avg_path_diversity": 0.4160585022393643,
        "std_path_diversity": 0.2182250342409734,
        "max_path_diversity": 0.7779317012836436,
        "min_path_diversity": 0.0,
        "total_pairs_analyzed": 70,
        "rounds_completed": 14,
        "detailed_analysis": {
          "round_0": {
            "pairs_analyzed": 5,
            "avg_diversity": 0.3376879307445919
          },
          "round_1": {
            "pairs_analyzed": 6,
            "avg_diversity": 0.5073375725357353
          },
          "round_2": {
            "pairs_analyzed": 3,
            "avg_diversity": 0.4658065037049584
          },
          "round_3": {
            "pairs_analyzed": 7,
            "avg_diversity": 0.3659943229477305
          },
          "round_4": {
            "pairs_analyzed": 7,
            "avg_diversity": 0.3252489286162169
          },
          "round_5": {
            "pairs_analyzed": 4,
            "avg_diversity": 0.5727469248427357
          },
          "round_6": {
            "pairs_analyzed": 3,
            "avg_diversity": 0.32447959175823593
          },
          "round_7": {
            "pairs_analyzed": 5,
            "avg_diversity": 0.5479490207955809
          },
          "round_8": {
            "pairs_analyzed": 4,
            "avg_diversity": 0.21670699756195316
          },
          "round_9": {
            "pairs_analyzed": 5,
            "avg_diversity": 0.5090458461900905
          },
          "round_10": {
            "pairs_analyzed": 7,
            "avg_diversity": 0.5848611861399028
          },
          "round_11": {
            "pairs_analyzed": 4,
            "avg_diversity": 0.32130828503771025
          },
          "round_12": {
            "pairs_analyzed": 3,
            "avg_diversity": 0.4249305330975916
          },
          "round_13": {
            "pairs_analyzed": 7,
            "avg_diversity": 0.29788942193012335
          }
        },
        "adaptive_params": {
          "num_walks": 65,
          "max_walk_length": 11,
          "graph_diameter": 11,
          "avg_degree": 3.8461538461538463,
          "total_nodes": 65,
          "total_edges": 125
        },
        "algorithm": "Adaptive_random_walk_sampling",
        "sampling_strategy": "Multi-round (14 rounds, 8 pairs/round)",
        "normalization": "Robust_with_predefined_bounds",
        "fusion_method": "Geometric_mean_of_normalized_metrics",
        "performance": {
          "time_taken": 0.05206608772277832,
          "timeout": false
        }
      }
    },
    "treasure_monster_distribution": {
      "score": 0.30611133351128905,
      "detail": {
        "cv_treasure": 1.699673171197595,
        "uniformity_treasure": 0.30611133351128905,
        "score": 0.30611133351128905,
        "cv_monster": 0.0,
        "uniformity_monster": 0.0,
        "avg_t2m_dist": 0.0,
        "proximity_score": 0.0,
        "note": "Only treasure distribution evaluated (no monsters found)"
      }
    },
    "aesthetic_balance": {
      "score": 0.8495199938331293,
      "detail": {
        "symmetry_ratio": 0.0,
        "uniformity_area": 0.7571201539182133,
        "uniformity_spacing": 0.9531964196005259,
        "score": 0.8495199938331293
      }
    }
  },
  "category_scores": {
    "structural": 0.5994665114741023,
    "gameplay": 0.47923228305032006,
    "aesthetic": 0.8495199938331293
  },
  "overall_score": 0.5768574196160654,
  "grade": "C",
  "details": {
    "accessibility": {
      "reachability_ratio": 1.0,
      "avg_path_length": 4.184615384615385,
      "path_variance": 5.073609467455621,
      "normalized": [
        1.0,
        0.4769230769230769,
        0.920724852071006
      ],
      "score": 0.7600801678182418
    },
    "degree_variance": {
      "raw_variance": 5.959183673469388,
      "normalized_variance": 0.6621315192743764,
      "score": 0.3378684807256236,
      "degrees": [
        7,
        3,
        7,
        2,
        8,
        8,
        3
      ]
    },
    "door_distribution": {
      "cv": 0.5773040793204218,
      "avg_distance": 2.97274765847495,
      "avg_entropy": 0.7969395340028622,
      "weights": [
        0.3333333333333333,
        0.3333333333333333,
        0.3333333333333333
      ],
      "normalized": [
        0.7113479603397891,
        0.05331478776166611,
        0.5748703567971454
      ],
      "score": 0.44651103496620015,
      "debug": {
        "count": 125
      }
    },
    "dead_end_ratio": {
      "dead_end_ratio": 0.2857142857142857,
      "dead_end_count": 2,
      "total_rooms": 7,
      "dead_end_rooms": [
        "rect_58",
        "rect_29"
      ],
      "score": 0.7142857142857143
    },
    "key_path_length": {
      "raw_length": 8,
      "diameter": 8,
      "normalized_length": 1.0,
      "branch_factor": 0.0,
      "score": 1.0,
      "path": [
        "rect_1",
        "rect_0",
        "rect_2",
        "rect_8",
        "rect_12",
        "rect_14",
        "rect_16",
        "rect_18",
        "rect_21"
      ]
    },
    "loop_ratio": {
      "total_rooms": 65,
      "total_edges": 125,
      "connected_components": 1,
      "cyclomatic_number": 61,
      "loop_ratio": 0.9384615384615385,
      "algorithm": "Cyclomatic formula",
      "note": "Direct calculation using E - V + C formula",
      "score_breakdown": {
        "loop_ratio": 0.9384615384615385,
        "final_score": 0.9384615384615385
      }
    },