{
  "scores": {
    "accessibility": {
      "score": 0.7762935230698201,
      "detail": {
        "reachability_ratio": 1.0,
        "avg_path_length": 12.644295302013424,
        "path_variance": 33.39696410071618,
        "normalized": [
          1.0,
          0.49422818791946305,
          0.9465648574388541
        ],
        "score": 0.7762935230698201
      }
    },
    "degree_variance": {
      "score": 0.0,
      "detail": {
        "raw_variance": 7.805555555555556,
        "normalized_variance": 1.0,
        "score": 0.0,
        "degrees": [
          4,
          8,
          5,
          4,
          3,
          11
        ]
      }
    },
    "door_distribution": {
      "score": 0.4852838513153612,
      "detail": {
        "cv": 0.391456736792759,
        "avg_distance": 2.0281430414509556,
        "avg_entropy": 0.8649530086929986,
        "weights": [
          0.3333333333333333,
          0.3333333333333333,
          0.3333333333333333
        ],
        "normalized": [
          0.8042716316036205,
          0.0276482142207744,
          0.6239317081216889
        ],
        "score": 0.4852838513153612,
        "debug": {
          "count": 305
        }
      }
    },
    "dead_end_ratio": {
      "score": 0.5,
      "detail": {
        "dead_end_ratio": 0.5,
        "dead_end_count": 3,
        "total_rooms": 6,
        "dead_end_rooms": [
          "rect_143",
          "rect_142",
          "rect_71"
        ],
        "score": 0.5
      }
    },
    "key_path_length": {
      "score": 0.64,
      "detail": {
        "raw_length": 16,
        "diameter": 25,
        "normalized_length": 0.64,
        "branch_factor": 0.0,
        "score": 0.64,
        "path": [
          "rect_4",
          "rect_1",
          "rect_3",
          "rect_5",
          "rect_6",
          "rect_8",
          "rect_10",
          "rect_12",
          "rect_85",
          "rect_20",
          "rect_25",
          "rect_31",
          "rect_34",
          "rect_37",
          "rect_113",
          "rect_45",
          "rect_62"
        ]
      }
    },
    "loop_ratio": {
      "score": 1.0536912751677852,
      "detail": {
        "total_rooms": 149,
        "total_edges": 305,
        "connected_components": 1,
        "cyclomatic_number": 157,
        "loop_ratio": 1.0536912751677852,
        "algorithm": "Cyclomatic formula",
        "note": "Direct calculation using E - V + C formula",
        "score_breakdown": {
          "loop_ratio": 1.0536912751677852,
          "final_score": 1.0536912751677852
        }
      }
    },
    "path_diversity": {
      "score": 0.5366069935780637,
      "detail": {
        "avg_path_diversity": 0.45381093980672027,
        "std_path_diversity": 0.1839608732828789,
        "max_path_diversity": 0.8457044824942287,
        "min_path_diversity": 0.0,
        "total_pairs_analyzed": 209,
        "rounds_completed": 24,
        "detailed_analysis": {
          "round_0": {
            "pairs_analyzed": 8,
            "avg_diversity": 0.5179518953553499
          },
          "round_1": {
            "pairs_analyzed": 7,
            "avg_diversity": 0.511639341936127
          },
          "round_2": {
            "pairs_analyzed": 10,
            "avg_diversity": 0.414998832764167
          },
          "round_3": {
            "pairs_analyzed": 7,
            "avg_diversity": 0.634517086370888
          },
          "round_4": {
            "pairs_analyzed": 8,
            "avg_diversity": 0.467433602373908
          },
          "round_5": {
            "pairs_analyzed": 8,
            "avg_diversity": 0.5908916656913942
          },
          "round_6": {
            "pairs_analyzed": 10,
            "avg_diversity": 0.3592975014434998
          },
          "round_7": {
            "pairs_analyzed": 8,
            "avg_diversity": 0.3924897742015385
          },
          "round_8": {
            "pairs_analyzed": 8,
            "avg_diversity": 0.3997180122963895
          },
          "round_9": {
            "pairs_analyzed": 11,
            "avg_diversity": 0.4080071677869034
          },
          "round_10": {
            "pairs_analyzed": 9,
            "avg_diversity": 0.5033103490935251
          },
          "round_11": {
            "pairs_analyzed": 9,
            "avg_diversity": 0.435110735013543
          },
          "round_12": {
            "pairs_analyzed": 9,
            "avg_diversity": 0.4593364775761205
          },
          "round_13": {
            "pairs_analyzed": 7,
            "avg_diversity": 0.4827649814404739
          },
          "round_14": {
            "pairs_analyzed": 11,
            "avg_diversity": 0.313026334321763
          },
          "round_15": {
            "pairs_analyzed": 4,
            "avg_diversity": 0.25312367276109354
          },
          "round_16": {
            "pairs_analyzed": 9,
            "avg_diversity": 0.44879920448169397
          },
          "round_17": {
            "pairs_analyzed": 7,
            "avg_diversity": 0.4720341042887131
          },
          "round_18": {
            "pairs_analyzed": 10,
            "avg_diversity": 0.5116657889636897
          },
          "round_19": {
            "pairs_analyzed": 10,
            "avg_diversity": 0.4425449735887894
          },
          "round_20": {
            "pairs_analyzed": 9,
            "avg_diversity": 0.5758982582456357
          },
          "round_21": {
            "pairs_analyzed": 10,
            "avg_diversity": 0.4022725399956437
          },
          "round_22": {
            "pairs_analyzed": 12,
            "avg_diversity": 0.4880766773746994
          },
          "round_23": {
            "pairs_analyzed": 8,
            "avg_diversity": 0.4101554115017277
          }
        },
        "adaptive_params": {
          "num_walks": 149,
          "max_walk_length": 28,
          "graph_diameter": 28,
          "avg_degree": 4.093959731543624,
          "total_nodes": 149,
          "total_edges": 305
        },
        "algorithm": "Adaptive_random_walk_sampling",
        "sampling_strategy": "Multi-round (24 rounds, 12 pairs/round)",
        "normalization": "Robust_with_predefined_bounds",
        "fusion_method": "Geometric_mean_of_normalized_metrics",
        "performance": {
          "time_taken": 0.705988883972168,
          "timeout": false
        }
      }
    },
    "treasure_monster_distribution": {
      "score": 0.0,
      "detail": {
        "cv_treasure": 2.23606797749979,
        "uniformity_treasure": 0.0,
        "score": 0.0,
        "cv_monster": 0.0,
        "uniformity_monster": 0.0,
        "avg_t2m_dist": 0.0,
        "proximity_score": 0.0,
        "note": "Only treasure distribution evaluated (no monsters found)"
      }
    },
    "aesthetic_balance": {
      "score": 0.8615020833747815,
      "detail": {
        "symmetry_ratio": 0.0,
        "uniformity_area": 0.8374572729544838,
        "uniformity_spacing": 0.8862372608464135,
        "score": 0.8615020833747815
      }
    }
  },
  "category_scores": {
    "structural": 0.5553376333094393,
    "gameplay": 0.3146427974312255,
    "aesthetic": 0.8615020833747815
  },
  "overall_score": 0.48091488288013373,
  "grade": "C",
  "details": {
    "accessibility": {
      "reachability_ratio": 1.0,
      "avg_path_length": 12.644295302013424,
      "path_variance": 33.39696410071618,
      "normalized": [
        1.0,
        0.49422818791946305,
        0.9465648574388541
      ],
      "score": 0.7762935230698201
    },
    "degree_variance": {
      "raw_variance": 7.805555555555556,
      "normalized_variance": 1.0,
      "score": 0.0,
      "degrees": [
        4,
        8,
        5,
        4,
        3,
        11
      ]
    },
    "door_distribution": {
      "cv": 0.391456736792759,
      "avg_distance": 2.0281430414509556,
      "avg_entropy": 0.8649530086929986,