{
  "scores": {
    "accessibility": {
      "score": 0.7832788599433704,
      "detail": {
        "reachability_ratio": 1.0,
        "avg_path_length": 3.95,
        "path_variance": 3.2475,
        "normalized": [
          1.0,
          0.50625,
          0.9492578125
        ],
        "score": 0.7832788599433704
      }
    },
    "degree_variance": {
      "score": 0.8380102040816326,
      "detail": {
        "raw_variance": 1.984375,
        "normalized_variance": 0.16198979591836735,
        "score": 0.8380102040816326,
        "degrees": [
          4,
          3,
          6,
          4,
          6,
          4,
          6,
          2
        ]
      }
    },
    "door_distribution": {
      "score": 0.4562726668224001,
      "detail": {
        "cv": 0.5204948763824047,
        "avg_distance": 3.253113205009196,
        "avg_entropy": 0.7859150955320489,
        "weights": [
          0.3333333333333333,
          0.3333333333333333,
          0.3333333333333333
        ],
        "normalized": [
          0.7397525618087977,
          0.06214753321647136,
          0.5669179054419314
        ],
        "score": 0.4562726668224001,
        "debug": {
          "count": 106
        }
      }
    },
    "dead_end_ratio": {
      "score": 0.875,
      "detail": {
        "dead_end_ratio": 0.125,
        "dead_end_count": 1,
        "total_rooms": 8,
        "dead_end_rooms": [
          "rect_28"
        ],
        "score": 0.875
      }
    },
    "key_path_length": {
      "score": 1.0,
      "detail": {
        "raw_length": 8,
        "diameter": 8,
        "normalized_length": 1.0,
        "branch_factor": 0.0,
        "score": 1.0,
        "path": [
          "rect_4",
          "rect_2",
          "rect_5",
          "rect_9",
          "rect_16",
          "rect_18",
          "rect_22",
          "rect_25",
          "rect_26"
        ]
      }
    },
    "loop_ratio": {
      "score": 0.7833333333333333,
      "detail": {
        "total_rooms": 60,
        "total_edges": 106,
        "connected_components": 1,
        "cyclomatic_number": 47,
        "loop_ratio": 0.7833333333333333,
        "algorithm": "Cyclomatic formula",
        "note": "Direct calculation using E - V + C formula",
        "score_breakdown": {
          "loop_ratio": 0.7833333333333333,
          "final_score": 0.7833333333333333
        }
      }
    },
    "path_diversity": {
      "score": 0.5295093765815112,
      "detail": {
        "avg_path_diversity": 0.41044448577258696,
        "std_path_diversity": 0.19588999953088487,
        "max_path_diversity": 0.7751411097238696,
        "min_path_diversity": 0.0,
        "total_pairs_analyzed": 72,
        "rounds_completed": 9,
        "detailed_analysis": {
          "round_0": {
            "pairs_analyzed": 8,
            "avg_diversity": 0.31024427399937626
          },
          "round_1": {
            "pairs_analyzed": 9,
            "avg_diversity": 0.41730440804772023
          },
          "round_2": {
            "pairs_analyzed": 10,
            "avg_diversity": 0.39987267720433495
          },
          "round_3": {
            "pairs_analyzed": 7,
            "avg_diversity": 0.52220575076537
          },
          "round_4": {
            "pairs_analyzed": 6,
            "avg_diversity": 0.3691604560831629
          },
          "round_5": {
            "pairs_analyzed": 8,
            "avg_diversity": 0.29723296072723876
          },
          "round_6": {
            "pairs_analyzed": 9,
            "avg_diversity": 0.3934447141676237
          },
          "round_7": {
            "pairs_analyzed": 6,
            "avg_diversity": 0.5112836348222053
          },
          "round_8": {
            "pairs_analyzed": 9,
            "avg_diversity": 0.4954012694491219
          }
        },
        "adaptive_params": {
          "num_walks": 60,
          "max_walk_length": 10,
          "graph_diameter": 10,
          "avg_degree": 3.533333333333333,
          "total_nodes": 60,
          "total_edges": 106
        },
        "algorithm": "Adaptive_random_walk_sampling",
        "sampling_strategy": "Multi-round (9 rounds, 11 pairs/round)",
        "normalization": "Robust_with_predefined_bounds",
        "fusion_method": "Geometric_mean_of_normalized_metrics",
        "performance": {
          "time_taken": 0.03600192070007324,
          "timeout": false
        }
      }
    },
    "treasure_monster_distribution": {
      "score": 0.5296669721701858,
      "detail": {
        "cv_treasure": 1.0,
        "uniformity_treasure": 0.6220355269907728,
        "score": 0.5296669721701858,
        "cv_monster": 1.7320508075688772,
        "uniformity_monster": 0.3453463292920229,
        "avg_t2m_dist": 10.247261941498577,
        "proximity_score": 0.6917332393129103
      }
    },
    "aesthetic_balance": {
      "score": 0.8407395741048163,
      "detail": {
        "symmetry_ratio": 0.0,
        "uniformity_area": 0.7446674612723367,
        "uniformity_spacing": 0.9492062809596082,
        "score": 0.8407395741048163
      }
    }
  },
  "category_scores": {
    "structural": 0.7023663224818335,
    "gameplay": 0.5986705395006788,
    "aesthetic": 0.8407395741048163
  },
  "overall_score": 0.6712744187347036,
  "grade": "B",
  "details": {
    "accessibility": {
      "reachability_ratio": 1.0,
      "avg_path_length": 3.95,
      "path_variance": 3.2475,
      "normalized": [
        1.0,
        0.50625,
        0.9492578125
      ],
      "score": 0.7832788599433704
    },
    "degree_variance": {
      "raw_variance": 1.984375,
      "normalized_variance": 0.16198979591836735,
      "score": 0.8380102040816326,
      "degrees": [
        4,
        3,
        6,
        4,
        6,
        4,
        6,
        2
      ]
    },
    "door_distribution": {
      "cv": 0.5204948763824047,
      "avg_distance": 3.253113205009196,
      "avg_entropy": 0.7859150955320489,
      "weights": [
        0.3333333333333333,
        0.3333333333333333,
        0.3333333333333333
      ],
      "normalized": [
        0.7397525618087977,
        0.06214753321647136,
        0.5669179054419314
      ],
      "score": 0.4562726668224001,
      "debug": {
        "count": 106
      }
    },
    "dead_end_ratio": {
      "dead_end_ratio": 0.125,
      "dead_end_count": 1,
      "total_rooms": 8,
      "dead_end_rooms": [
        "rect_28"
      ],
      "score": 0.875
    },
    "key_path_length": {
      "raw_length": 8,
      "diameter": 8,
      "normalized_length": 1.0,
      "branch_factor": 0.0,
      "score": 1.0,
      "path": [
        "rect_4",
        "rect_2",
        "rect_5",
        "rect_9",
        "rect_16",
        "rect_18",
        "rect_22",
        "rect_25",
        "rect_26"
      ]
    },
    "loop_ratio": {
      "total_rooms": 60,
      "total_edges": 106,
      "connected_components": 1,
      "cyclomatic_number": 47,
      "loop_ratio": 0.7833333333333333,
      "algorithm": "Cyclomatic formula",
      "note": "Direct calculation using E - V + C formula",
      "score_breakdown": {
        "loop_ratio": 0.7833333333333333,
        "final_score": 0.7833333333333333
      }
    },
    "path_diversity": {
      "avg_path_diversity": 0.41044448577258696,
      "std_path_diversity": 0.19588999953088487,
      "max_path_diversity": 0.7751411097238696,
      "min_path_diversity": 0.0,
      "total_pairs_analyzed": 72,
      "rounds_completed": 9,
      "detailed_analysis": {
        "round_0": {
          "pairs_analyzed": 8,
          "avg_diversity": 0.31024427399937626
        },
        "round_1": {
          "pairs_analyzed": 9,
          "avg_diversity": 0.41730440804772023
        },
        "round_2": {
          "pairs_analyzed": 10,
          "avg_diversity": 0.39987267720433495
        },
        "round_3": {
          "pairs_analyzed": 7,
          "avg_diversity": 0.52220575076537
        },
        "round_4": {
          "pairs_analyzed": 6,