{
  "scores": {
    "accessibility": {
      "score": 0.763815337988109,
      "detail": {
        "reachability_ratio": 1.0,
        "avg_path_length": 1.588235294117647,
        "path_variance": 0.47750865051903113,
        "normalized": [
          1.0,
          0.4705882352941177,
          0.9469434832756632
        ],
        "score": 0.763815337988109
      }
    },
    "degree_variance": {
      "score": 0.040000000000000036,
      "detail": {
        "raw_variance": 3.84,
        "normalized_variance": 0.96,
        "score": 0.040000000000000036,
        "degrees": [
          6,
          6,
          6,
          2,
          2
        ]
      }
    },
    "door_distribution": {
      "score": 0.4470815839347711,
      "detail": {
        "cv": 0.5913682829884975,
        "avg_distance": 3.050144812512744,
        "avg_entropy": 0.7018462393164738,
        "weights": [
          0.3333333333333333,
          0.3333333333333333,
          0.3333333333333333
        ],
        "normalized": [
          0.7043158585057512,
          0.13065384883433948,
          0.5062750444642227
        ],
        "score": 0.4470815839347711,
        "debug": {
          "count": 23
        }
      }
    },
    "dead_end_ratio": {
      "score": 0.6,
      "detail": {
        "dead_end_ratio": 0.4,
        "dead_end_count": 2,
        "total_rooms": 5,
        "dead_end_rooms": [
          "rect_16",
          "rect_8"
        ],
        "score": 0.6
      }
    },
    "key_path_length": {
      "score": 0.6666666666666666,
      "detail": {
        "raw_length": 2,
        "diameter": 3,
        "normalized_length": 0.6666666666666666,
        "branch_factor": 0.0,
        "score": 0.6666666666666666,
        "path": [
          "rect_1",
          "rect_3",
          "rect_6"
        ]
      }
    },
    "loop_ratio": {
      "score": 0.4117647058823529,
      "detail": {
        "total_rooms": 17,
        "total_edges": 23,
        "connected_components": 1,
        "cyclomatic_number": 7,
        "loop_ratio": 0.4117647058823529,
        "algorithm": "Cyclomatic formula",
        "note": "Direct calculation using E - V + C formula",
        "score_breakdown": {
          "loop_ratio": 0.4117647058823529,
          "final_score": 0.4117647058823529
        }
      }
    },
    "path_diversity": {
      "score": 0.43320008881592476,
      "detail": {
        "avg_path_diversity": 0.2993092287572517,
        "std_path_diversity": 0.2201298288070103,
        "max_path_diversity": 0.6909260558449102,
        "min_path_diversity": 0.0,
        "total_pairs_analyzed": 13,
        "rounds_completed": 5,
        "detailed_analysis": {
          "round_0": {
            "pairs_analyzed": 2,
            "avg_diversity": 0.5363428579517013
          },
          "round_1": {
            "pairs_analyzed": 4,
            "avg_diversity": 0.3146926484926758
          },
          "round_2": {
            "pairs_analyzed": 3,
            "avg_diversity": 0.3410250895862079
          },
          "round_3": {
            "pairs_analyzed": 1,
            "avg_diversity": 0.0
          },
          "round_4": {
            "pairs_analyzed": 3,
            "avg_diversity": 0.1788294650705142
          }
        },
        "adaptive_params": {
          "num_walks": 17,
          "max_walk_length": 5,
          "graph_diameter": 5,
          "avg_degree": 2.7058823529411766,
          "total_nodes": 17,
          "total_edges": 23
        },
        "algorithm": "Adaptive_random_walk_sampling",
        "sampling_strategy": "Multi-round (5 rounds, 4 pairs/round)",
        "normalization": "Robust_with_predefined_bounds",
        "fusion_method": "Geometric_mean_of_normalized_metrics",
        "performance": {
          "time_taken": 0.001573801040649414,
          "timeout": false
        }
      }
    },
    "treasure_monster_distribution": {
      "score": 0.6000185453944293,
      "detail": {
        "cv_treasure": 0.8164965809277261,
        "uniformity_treasure": 0.5917517095361369,
        "score": 0.6000185453944293,
        "cv_monster": 2.0,
        "uniformity_monster": 0.0,
        "avg_t2m_dist": 6.668692887878239,
        "proximity_score": 0.6084008698503999
      }
    },
    "aesthetic_balance": {
      "score": 0.691280373594936,
      "detail": {
        "symmetry_ratio": 0.4,
        "uniformity_area": 0.8445570298276335,
        "uniformity_spacing": 0.9778533050636578,
        "score": 0.691280373594936
      }
    }
  },
  "category_scores": {
    "structural": 0.45758352641762234,
    "gameplay": 0.5332874536841417,
    "aesthetic": 0.691280373594936
  },
  "overall_score": 0.530490017127479,
  "grade": "C",
  "details": {
    "accessibility": {
      "reachability_ratio": 1.0,
      "avg_path_length": 1.588235294117647,
      "path_variance": 0.47750865051903113,
      "normalized": [
        1.0,
        0.4705882352941177,
        0.9469434832756632
      ],
      "score": 0.763815337988109
    },
    "degree_variance": {
      "raw_variance": 3.84,
      "normalized_variance": 0.96,
      "score": 0.040000000000000036,
      "degrees": [
        6,
        6,
        6,
        2,
        2
      ]
    },
    "door_distribution": {
      "cv": 0.5913682829884975,
      "avg_distance": 3.050144812512744,
      "avg_entropy": 0.7018462393164738,
      "weights": [
        0.3333333333333333,
        0.3333333333333333,
        0.3333333333333333
      ],
      "normalized": [
        0.7043158585057512,
        0.13065384883433948,
        0.5062750444642227
      ],
      "score": 0.4470815839347711,
      "debug": {
        "count": 23
      }
    },
    "dead_end_ratio": {
      "dead_end_ratio": 0.4,
      "dead_end_count": 2,
      "total_rooms": 5,
      "dead_end_rooms": [
        "rect_16",
        "rect_8"
      ],
      "score": 0.6
    },
    "key_path_length": {
      "raw_length": 2,
      "diameter": 3,
      "normalized_length": 0.6666666666666666,
      "branch_factor": 0.0,
      "score": 0.6666666666666666,
      "path": [
        "rect_1",
        "rect_3",
        "rect_6"
      ]
    },
    "loop_ratio": {
      "total_rooms": 17,
      "total_edges": 23,
      "connected_components": 1,
      "cyclomatic_number": 7,
      "loop_ratio": 0.4117647058823529,
      "algorithm": "Cyclomatic formula",
      "note": "Direct calculation using E - V + C formula",
      "score_breakdown": {
        "loop_ratio": 0.4117647058823529,
        "final_score": 0.4117647058823529
      }
    },
    "path_diversity": {
      "avg_path_diversity": 0.2993092287572517,
      "std_path_diversity": 0.2201298288070103,
      "max_path_diversity": 0.6909260558449102,
      "min_path_diversity": 0.0,
      "total_pairs_analyzed": 13,
      "rounds_completed": 5,
      "detailed_analysis": {
        "round_0": {
          "pairs_analyzed": 2,
          "avg_diversity": 0.5363428579517013
        },
        "round_1": {
          "pairs_analyzed": 4,
          "avg_diversity": 0.3146926484926758
        },
        "round_2": {
          "pairs_analyzed": 3,
          "avg_diversity": 0.3410250895862079
        },
        "round_3": {
          "pairs_analyzed": 1,
          "avg_diversity": 0.0
        },
        "round_4": {
          "pairs_analyzed": 3,
          "avg_diversity": 0.1788294650705142
        }
      },
      "adaptive_params": {
        "num_walks": 17,
        "max_walk_length": 5,
        "graph_diameter": 5,
        "avg_degree": 2.7058823529411766,
        "total_nodes": 17,
        "total_edges": 23
      },
      "algorithm": "Adaptive_random_walk_sampling",
      "sampling_strategy": "Multi-round (5 rounds, 4 pairs/round)",
      "normalization": "Robust_with_predefined_bounds",
      "fusion_method": "Geometric_mean_of_normalized_metrics",
      "performance": {
        "time_taken": 0.001573801040649414,
        "timeout": false
      }
    },
    "treasure_monster_distribution": {
      "cv_treasure": 0.8164965809277261,