{
  "scores": {
    "accessibility": {
      "score": 0.812788815302801,
      "detail": {
        "reachability_ratio": 1.0,
        "avg_path_length": 3.880952380952381,
        "path_variance": 4.53344671201814,
        "normalized": [
          1.0,
          0.5687830687830687,
          0.9440315220738501
        ],
        "score": 0.812788815302801
      }
    },
    "degree_variance": {
      "score": 0.44000000000000006,
      "detail": {
        "raw_variance": 2.2399999999999998,
        "normalized_variance": 0.5599999999999999,
        "score": 0.44000000000000006,
        "degrees": [
          4,
          6,
          2,
          4,
          6
        ]
      }
    },
    "door_distribution": {
      "score": 0.45586009734746813,
      "detail": {
        "cv": 0.49920183995311224,
        "avg_distance": 2.2869994877676376,
        "avg_entropy": 0.7787000177812947,
        "weights": [
          0.3333333333333333,
          0.3333333333333333,
          0.3333333333333333
        ],
        "normalized": [
          0.7503990800234439,
          0.05546788502234973,
          0.5617133269966108
        ],
        "score": 0.45586009734746813,
        "debug": {
          "count": 73
        }
      }
    },
    "dead_end_ratio": {
      "score": 0.6,
      "detail": {
        "dead_end_ratio": 0.4,
        "dead_end_count": 2,
        "total_rooms": 5,
        "dead_end_rooms": [
          "rect_40",
          "rect_20"
        ],
        "score": 0.6
      }
    },
    "key_path_length": {
      "score": 0.2222222222222222,
      "detail": {
        "raw_length": 2,
        "diameter": 9,
        "normalized_length": 0.2222222222222222,
        "branch_factor": 0.0,
        "score": 0.2222222222222222,
        "path": [
          "rect_2",
          "rect_0",
          "rect_19"
        ]
      }
    },
    "loop_ratio": {
      "score": 0.7619047619047619,
      "detail": {
        "total_rooms": 42,
        "total_edges": 73,
        "connected_components": 1,
        "cyclomatic_number": 32,
        "loop_ratio": 0.7619047619047619,
        "algorithm": "Cyclomatic formula",
        "note": "Direct calculation using E - V + C formula",
        "score_breakdown": {
          "loop_ratio": 0.7619047619047619,
          "final_score": 0.7619047619047619
        }
      }
    },
    "path_diversity": {
      "score": 0.5331615694157087,
      "detail": {
        "avg_path_diversity": 0.3953906500325894,
        "std_path_diversity": 0.20392248305713082,
        "max_path_diversity": 0.7415963053486725,
        "min_path_diversity": 0.0,
        "total_pairs_analyzed": 46,
        "rounds_completed": 10,
        "detailed_analysis": {
          "round_0": {
            "pairs_analyzed": 7,
            "avg_diversity": 0.43756193341582283
          },
          "round_1": {
            "pairs_analyzed": 2,
            "avg_diversity": 0.43795086800819616
          },
          "round_2": {
            "pairs_analyzed": 5,
            "avg_diversity": 0.4684266859138083
          },
          "round_3": {
            "pairs_analyzed": 4,
            "avg_diversity": 0.3425610812061885
          },
          "round_4": {
            "pairs_analyzed": 6,
            "avg_diversity": 0.44492885768618895
          },
          "round_5": {
            "pairs_analyzed": 5,
            "avg_diversity": 0.32550951767519065
          },
          "round_6": {
            "pairs_analyzed": 3,
            "avg_diversity": 0.39144163075883753
          },
          "round_7": {
            "pairs_analyzed": 4,
            "avg_diversity": 0.2799828618994441
          },
          "round_8": {
            "pairs_analyzed": 4,
            "avg_diversity": 0.5767111983800022
          },
          "round_9": {
            "pairs_analyzed": 6,
            "avg_diversity": 0.2730891682151296
          }
        },
        "adaptive_params": {
          "num_walks": 42,
          "max_walk_length": 10,
          "graph_diameter": 10,
          "avg_degree": 3.4761904761904763,
          "total_nodes": 42,
          "total_edges": 73
        },
        "algorithm": "Adaptive_random_walk_sampling",
        "sampling_strategy": "Multi-round (10 rounds, 7 pairs/round)",
        "normalization": "Robust_with_predefined_bounds",
        "fusion_method": "Geometric_mean_of_normalized_metrics",
        "performance": {
          "time_taken": 0.019193172454833984,
          "timeout": false
        }
      }
    },
    "treasure_monster_distribution": {
      "score": 0.39884599426281675,
      "detail": {
        "cv_treasure": 2.0,
        "uniformity_treasure": 0.0,
        "score": 0.39884599426281675,
        "cv_monster": 2.0,
        "uniformity_monster": 0.0,
        "avg_t2m_dist": 13.509256086106296,
        "proximity_score": 0.39884599426281675
      }
    },
    "aesthetic_balance": {
      "score": 0.8369078167513979,
      "detail": {
        "symmetry_ratio": 0.0,
        "uniformity_area": 0.8035714285714286,
        "uniformity_spacing": 0.8716271744314916,
        "score": 0.8369078167513979
      }
    }
  },
  "category_scores": {
    "structural": 0.6183311590466315,
    "gameplay": 0.4928030254714102,
    "aesthetic": 0.8369078167513979
  },
  "overall_score": 0.5883535909147358,
  "grade": "C",
  "details": {
    "accessibility": {
      "reachability_ratio": 1.0,
      "avg_path_length": 3.880952380952381,
      "path_variance": 4.53344671201814,
      "normalized": [
        1.0,
        0.5687830687830687,
        0.9440315220738501
      ],
      "score": 0.812788815302801
    },
    "degree_variance": {
      "raw_variance": 2.2399999999999998,
      "normalized_variance": 0.5599999999999999,
      "score": 0.44000000000000006,
      "degrees": [
        4,
        6,
        2,
        4,
        6
      ]
    },
    "door_distribution": {
      "cv": 0.49920183995311224,
      "avg_distance": 2.2869994877676376,
      "avg_entropy": 0.7787000177812947,
      "weights": [
        0.3333333333333333,
        0.3333333333333333,
        0.3333333333333333
      ],
      "normalized": [
        0.7503990800234439,
        0.05546788502234973,
        0.5617133269966108
      ],
      "score": 0.45586009734746813,
      "debug": {
        "count": 73
      }
    },
    "dead_end_ratio": {
      "dead_end_ratio": 0.4,
      "dead_end_count": 2,
      "total_rooms": 5,
      "dead_end_rooms": [
        "rect_40",
        "rect_20"
      ],
      "score": 0.6
    },
    "key_path_length": {
      "raw_length": 2,
      "diameter": 9,
      "normalized_length": 0.2222222222222222,
      "branch_factor": 0.0,
      "score": 0.2222222222222222,
      "path": [
        "rect_2",
        "rect_0",
        "rect_19"
      ]
    },
    "loop_ratio": {
      "total_rooms": 42,
      "total_edges": 73,
      "connected_components": 1,
      "cyclomatic_number": 32,
      "loop_ratio": 0.7619047619047619,
      "algorithm": "Cyclomatic formula",
      "note": "Direct calculation using E - V + C formula",
      "score_breakdown": {
        "loop_ratio": 0.7619047619047619,
        "final_score": 0.7619047619047619
      }
    },
    "path_diversity": {
      "avg_path_diversity": 0.3953906500325894,
      "std_path_diversity": 0.20392248305713082,
      "max_path_diversity": 0.7415963053486725,
      "min_path_diversity": 0.0,
      "total_pairs_analyzed": 46,
      "rounds_completed": 10,
      "detailed_analysis": {
        "round_0": {
          "pairs_analyzed": 7,
          "avg_diversity": 0.43756193341582283
        },
        "round_1": {
          "pairs_analyzed": 2,
          "avg_diversity": 0.43795086800819616
        },
        "round_2": {
          "pairs_analyzed": 5,
          "avg_diversity": 0.4684266859138083
        },
        "round_3": {
          "pairs_analyzed": 4,
          "avg_diversity": 0.3425610812061885
        },
        "round_4": {
          "pairs_analyzed": 6,