{
  "scores": {
    "accessibility": {
      "score": 0.7838900583330144,
      "detail": {
        "reachability_ratio": 1.0,
        "avg_path_length": 4.363636363636363,
        "path_variance": 5.261707988980716,
        "normalized": [
          1.0,
          0.5151515151515151,
          0.9350406421113492
        ],
        "score": 0.7838900583330144
      }
    },
    "degree_variance": {
      "score": 0.4722222222222222,
      "detail": {
        "raw_variance": 1.1875,
        "normalized_variance": 0.5277777777777778,
        "score": 0.4722222222222222,
        "degrees": [
          4,
          4,
          5,
          2
        ]
      }
    },
    "door_distribution": {
      "score": 0.45422079991203723,
      "detail": {
        "cv": 0.4388829271686155,
        "avg_distance": 2.418473514475489,
        "avg_entropy": 0.7111754120033387,
        "weights": [
          0.3333333333333333,
          0.3333333333333333,
          0.3333333333333333
        ],
        "normalized": [
          0.7805585364156923,
          0.06909924327072825,
          0.513004620049691
        ],
        "score": 0.45422079991203723,
        "debug": {
          "count": 51
        }
      }
    },
    "dead_end_ratio": {
      "score": 0.75,
      "detail": {
        "dead_end_ratio": 0.25,
        "dead_end_count": 1,
        "total_rooms": 4,
        "dead_end_rooms": [
          "rect_16"
        ],
        "score": 0.75
      }
    },
    "key_path_length": {
      "score": 0.2222222222222222,
      "detail": {
        "raw_length": 2,
        "diameter": 9,
        "normalized_length": 0.2222222222222222,
        "branch_factor": 0.0,
        "score": 0.2222222222222222,
        "path": [
          "rect_8",
          "rect_11",
          "rect_13"
        ]
      }
    },
    "loop_ratio": {
      "score": 0.395502022282888,
      "detail": {
        "total_rooms": 33,
        "total_edges": 51,
        "connected_components": 1,
        "cyclomatic_number": 19,
        "loop_ratio": 0.5757575757575758,
        "sigmoid_loop_ratio": 0.395502022282888,
        "algorithm": "Cyclomatic formula + Sigmoid normalization",
        "note": "Direct calculation using E - V + C formula, then sigmoid mapping to [0,1]",
        "score_breakdown": {
          "raw_loop_ratio": 0.5757575757575758,
          "sigmoid_loop_ratio": 0.395502022282888,
          "final_score": 0.395502022282888
        }
      }
    },
    "path_diversity": {
      "score": 0.5045022689331318,
      "detail": {
        "avg_path_diversity": 0.34747230534042495,
        "std_path_diversity": 0.22627503848360012,
        "max_path_diversity": 0.6887428000576147,
        "min_path_diversity": 0.0,
        "total_pairs_analyzed": 29,
        "rounds_completed": 9,
        "detailed_analysis": {
          "round_0": {
            "pairs_analyzed": 4,
            "avg_diversity": 0.37483833129559574
          },
          "round_1": {
            "pairs_analyzed": 2,
            "avg_diversity": 0.6207026104739805
          },
          "round_2": {
            "pairs_analyzed": 4,
            "avg_diversity": 0.40784401755259925
          },
          "round_3": {
            "pairs_analyzed": 3,
            "avg_diversity": 0.24069155469853598
          },
          "round_4": {
            "pairs_analyzed": 4,
            "avg_diversity": 0.4472693599306509
          },
          "round_5": {
            "pairs_analyzed": 2,
            "avg_diversity": 0.17047960352219377
          },
          "round_6": {
            "pairs_analyzed": 4,
            "avg_diversity": 0.3209226799446713
          },
          "round_7": {
            "pairs_analyzed": 4,
            "avg_diversity": 0.3242892538678921
          },
          "round_8": {
            "pairs_analyzed": 2,
            "avg_diversity": 0.1358015962093648
          }
        },
        "adaptive_params": {
          "num_walks": 33,
          "max_walk_length": 8,
          "graph_diameter": 8,
          "avg_degree": 3.090909090909091,
          "total_nodes": 33,
          "total_edges": 51
        },
        "algorithm": "Adaptive_random_walk_sampling",
        "sampling_strategy": "Multi-round (9 rounds, 5 pairs/round)",
        "normalization": "Robust_with_predefined_bounds",
        "fusion_method": "Geometric_mean_of_normalized_metrics",
        "performance": {
          "time_taken": 0.00786733627319336,
          "timeout": false
        }
      }
    },
    "treasure_monster_distribution": {
      "score": 0.7801818603822227,
      "detail": {
        "cv_treasure": 0.0,
        "uniformity_treasure": 1.0,
        "score": 0.7801818603822227,
        "cv_monster": 1.7320508075688772,
        "uniformity_monster": 0.0,
        "avg_t2m_dist": 9.976646349236164,
        "proximity_score": 0.6086837352694661
      }
    },
    "aesthetic_balance": {
      "score": 0.6340754670738822,
      "detail": {
        "symmetry_ratio": 0.0,
        "uniformity_area": 0.4736842105263157,
        "uniformity_spacing": 0.8487758067726973,
        "score": 0.6340754670738822
      }
    }
  },
  "category_scores": {
    "structural": 0.5117942277007881,
    "gameplay": 0.7801818603822227,
    "aesthetic": 0.6340754670738822
  },
  "overall_score": 0.6420171850522977,
  "grade": "C",
  "details": {
    "accessibility": {
      "reachability_ratio": 1.0,
      "avg_path_length": 4.363636363636363,
      "path_variance": 5.261707988980716,
      "normalized": [
        1.0,
        0.5151515151515151,
        0.9350406421113492
      ],
      "score": 0.7838900583330144
    },
    "degree_variance": {
      "raw_variance": 1.1875,
      "normalized_variance": 0.5277777777777778,
      "score": 0.4722222222222222,
      "degrees": [
        4,
        4,
        5,
        2
      ]
    },
    "door_distribution": {
      "cv": 0.4388829271686155,
      "avg_distance": 2.418473514475489,
      "avg_entropy": 0.7111754120033387,
      "weights": [
        0.3333333333333333,
        0.3333333333333333,
        0.3333333333333333
      ],
      "normalized": [
        0.7805585364156923,
        0.06909924327072825,
        0.513004620049691
      ],
      "score": 0.45422079991203723,
      "debug": {
        "count": 51
      }
    },
    "dead_end_ratio": {
      "dead_end_ratio": 0.25,
      "dead_end_count": 1,
      "total_rooms": 4,
      "dead_end_rooms": [
        "rect_16"
      ],
      "score": 0.75
    },
    "key_path_length": {
      "raw_length": 2,
      "diameter": 9,
      "normalized_length": 0.2222222222222222,
      "branch_factor": 0.0,
      "score": 0.2222222222222222,
      "path": [
        "rect_8",
        "rect_11",
        "rect_13"
      ]
    },
    "loop_ratio": {
      "total_rooms": 33,
      "total_edges": 51,
      "connected_components": 1,
      "cyclomatic_number": 19,
      "loop_ratio": 0.5757575757575758,
      "sigmoid_loop_ratio": 0.395502022282888,
      "algorithm": "Cyclomatic formula + Sigmoid normalization",
      "note": "Direct calculation using E - V + C formula, then sigmoid mapping to [0,1]",
      "score_breakdown": {
        "raw_loop_ratio": 0.5757575757575758,
        "sigmoid_loop_ratio": 0.395502022282888,
        "final_score": 0.395502022282888
      }
    },
    "path_diversity": {
      "avg_path_diversity": 0.34747230534042495,
      "std_path_diversity": 0.22627503848360012,
      "max_path_diversity": 0.6887428000576147,
      "min_path_diversity": 0.0,
      "total_pairs_analyzed": 29,
      "rounds_completed": 9,
      "detailed_analysis": {
        "round_0": {
          "pairs_analyzed": 4,
          "avg_diversity": 0.37483833129559574
        },
        "round_1": {
          "pairs_analyzed": 2,
          "avg_diversity": 0.6207026104739805
        },
        "round_2": {
          "pairs_analyzed": 4,
          "avg_diversity": 0.40784401755259925
        },
        "round_3": {
          "pairs_analyzed": 3,