{
  "scores": {
    "accessibility": {
      "score": 0.7568157873776701,
      "detail": {
        "reachability_ratio": 1.0,
        "avg_path_length": 1.6,
        "path_variance": 0.64,
        "normalized": [
          1.0,
          0.4666666666666666,
          0.9288888888888889
        ],
        "score": 0.7568157873776701
      }
    },
    "degree_variance": {
      "score": 0.0,
      "detail": {
        "raw_variance": 2.8888888888888893,
        "normalized_variance": 1.0,
        "score": 0.0,
        "degrees": [
          6,
          3,
          2
        ]
      }
    },
    "door_distribution": {
      "score": 0.4506192779860856,
      "detail": {
        "cv": 0.5861206488138654,
        "avg_distance": 3.5057616838649905,
        "avg_entropy": 0.7131752779218731,
        "weights": [
          0.3333333333333333,
          0.3333333333333333,
          0.3333333333333333
        ],
        "normalized": [
          0.7069396755930673,
          0.13047093999394233,
          0.5144472183712473
        ],
        "score": 0.4506192779860856,
        "debug": {
          "count": 21
        }
      }
    },
    "dead_end_ratio": {
      "score": 0.33333333333333337,
      "detail": {
        "dead_end_ratio": 0.6666666666666666,
        "dead_end_count": 2,
        "total_rooms": 3,
        "dead_end_rooms": [
          "rect_14",
          "rect_7"
        ],
        "score": 0.33333333333333337
      }
    },
    "key_path_length": {
      "score": 0.5773502691896257,
      "detail": {
        "raw_length": 1,
        "diameter": 3,
        "normalized_length": 0.3333333333333333,
        "branch_factor": 1.0,
        "score": 0.5773502691896257,
        "path": [
          "rect_3",
          "rect_6"
        ]
      }
    },
    "loop_ratio": {
      "score": 0.4666666666666667,
      "detail": {
        "total_rooms": 15,
        "total_edges": 21,
        "connected_components": 1,
        "cyclomatic_number": 7,
        "loop_ratio": 0.4666666666666667,
        "algorithm": "Cyclomatic formula",
        "note": "Direct calculation using E - V + C formula",
        "score_breakdown": {
          "loop_ratio": 0.4666666666666667,
          "final_score": 0.4666666666666667
        }
      }
    },
    "path_diversity": {
      "score": 0.48440814956998623,
      "detail": {
        "avg_path_diversity": 0.22878600132777774,
        "std_path_diversity": 0.19515320783482187,
        "max_path_diversity": 0.4723000666501447,
        "min_path_diversity": 0.0,
        "total_pairs_analyzed": 12,
        "rounds_completed": 4,
        "detailed_analysis": {
          "round_0": {
            "pairs_analyzed": 4,
            "avg_diversity": 0.2785742332488265
          },
          "round_1": {
            "pairs_analyzed": 2,
            "avg_diversity": 0.0
          },
          "round_2": {
            "pairs_analyzed": 3,
            "avg_diversity": 0.28342151303802815
          },
          "round_3": {
            "pairs_analyzed": 3,
            "avg_diversity": 0.2602901812746476
          }
        },
        "adaptive_params": {
          "num_walks": 15,
          "max_walk_length": 3,
          "graph_diameter": 3,
          "avg_degree": 2.8,
          "total_nodes": 15,
          "total_edges": 21
        },
        "algorithm": "Adaptive_random_walk_sampling",
        "sampling_strategy": "Multi-round (4 rounds, 5 pairs/round)",
        "normalization": "Robust_with_predefined_bounds",
        "fusion_method": "Geometric_mean_of_normalized_metrics",
        "performance": {
          "time_taken": 0.0010600090026855469,
          "timeout": false
        }
      }
    },
    "treasure_monster_distribution": {
      "score": 0.6046881890859319,
      "detail": {
        "cv_treasure": 0.0,
        "uniformity_treasure": 1.0,
        "score": 0.6046881890859319,
        "cv_monster": 1.4142135623730951,
        "uniformity_monster": 0.0,
        "avg_t2m_dist": 8.835503662236727,
        "proximity_score": 0.3656478060200238
      }
    },
    "aesthetic_balance": {
      "score": 0.9225312080288851,
      "detail": {
        "symmetry_ratio": 0.0,
        "uniformity_area": 0.851063829787234,
        "uniformity_spacing": 1.0,
        "score": 0.9225312080288851
      }
    }
  },
  "category_scores": {
    "structural": 0.45489473033503514,
    "gameplay": 0.502305202129034,
    "aesthetic": 0.922531208028885
  },
  "overall_score": 0.5487454378861121,
  "grade": "C",
  "details": {
    "accessibility": {
      "reachability_ratio": 1.0,
      "avg_path_length": 1.6,
      "path_variance": 0.64,
      "normalized": [
        1.0,
        0.4666666666666666,
        0.9288888888888889
      ],
      "score": 0.7568157873776701
    },
    "degree_variance": {
      "raw_variance": 2.8888888888888893,
      "normalized_variance": 1.0,
      "score": 0.0,
      "degrees": [
        6,
        3,
        2
      ]
    },
    "door_distribution": {
      "cv": 0.5861206488138654,
      "avg_distance": 3.5057616838649905,
      "avg_entropy": 0.7131752779218731,
      "weights": [
        0.3333333333333333,
        0.3333333333333333,
        0.3333333333333333
      ],
      "normalized": [
        0.7069396755930673,
        0.13047093999394233,
        0.5144472183712473
      ],
      "score": 0.4506192779860856,
      "debug": {
        "count": 21
      }
    },
    "dead_end_ratio": {
      "dead_end_ratio": 0.6666666666666666,
      "dead_end_count": 2,
      "total_rooms": 3,
      "dead_end_rooms": [
        "rect_14",
        "rect_7"
      ],
      "score": 0.33333333333333337
    },
    "key_path_length": {
      "raw_length": 1,
      "diameter": 3,
      "normalized_length": 0.3333333333333333,
      "branch_factor": 1.0,
      "score": 0.5773502691896257,
      "path": [
        "rect_3",
        "rect_6"
      ]
    },
    "loop_ratio": {
      "total_rooms": 15,
      "total_edges": 21,
      "connected_components": 1,
      "cyclomatic_number": 7,
      "loop_ratio": 0.4666666666666667,
      "algorithm": "Cyclomatic formula",
      "note": "Direct calculation using E - V + C formula",
      "score_breakdown": {
        "loop_ratio": 0.4666666666666667,
        "final_score": 0.4666666666666667
      }
    },
    "path_diversity": {
      "avg_path_diversity": 0.22878600132777774,
      "std_path_diversity": 0.19515320783482187,
      "max_path_diversity": 0.4723000666501447,
      "min_path_diversity": 0.0,
      "total_pairs_analyzed": 12,
      "rounds_completed": 4,
      "detailed_analysis": {
        "round_0": {
          "pairs_analyzed": 4,
          "avg_diversity": 0.2785742332488265
        },
        "round_1": {
          "pairs_analyzed": 2,
          "avg_diversity": 0.0
        },
        "round_2": {
          "pairs_analyzed": 3,
          "avg_diversity": 0.28342151303802815
        },
        "round_3": {
          "pairs_analyzed": 3,
          "avg_diversity": 0.2602901812746476
        }
      },
      "adaptive_params": {
        "num_walks": 15,
        "max_walk_length": 3,
        "graph_diameter": 3,
        "avg_degree": 2.8,
        "total_nodes": 15,
        "total_edges": 21
      },
      "algorithm": "Adaptive_random_walk_sampling",
      "sampling_strategy": "Multi-round (4 rounds, 5 pairs/round)",
      "normalization": "Robust_with_predefined_bounds",
      "fusion_method": "Geometric_mean_of_normalized_metrics",
      "performance": {
        "time_taken": 0.0010600090026855469,
        "timeout": false
      }
    },
    "treasure_monster_distribution": {
      "cv_treasure": 0.0,
      "uniformity_treasure": 1.0,
      "score": 0.6046881890859319,
      "cv_monster": 1.4142135623730951,
      "uniformity_monster": 0.0,
      "avg_t2m_dist": 8.835503662236727,
      "proximity_score": 0.3656478060200238
    },
    "aesthetic_balance": {
      "symmetry_ratio": 0.0,
      "uniformity_area": 0.851063829787234,
      "uniformity_spacing": 1.0,