{
  "scores": {
    "accessibility": {
      "score": 0.7891180262485014,
      "detail": {
        "reachability_ratio": 1.0,
        "avg_path_length": 4.320754716981132,
        "path_variance": 4.4442862228551085,
        "normalized": [
          1.0,
          0.519916142557652,
          0.9451322688536407
        ],
        "score": 0.7891180262485014
      }
    },
    "degree_variance": {
      "score": 0.0,
      "detail": {
        "raw_variance": 4.8,
        "normalized_variance": 1.0,
        "score": 0.0,
        "degrees": [
          4,
          4,
          8,
          2,
          2
        ]
      }
    },
    "door_distribution": {
      "score": 0.44864498365270183,
      "detail": {
        "cv": 0.48769740256653266,
        "avg_distance": 2.558541057766367,
        "avg_entropy": 0.7469860119302106,
        "weights": [
          0.3333333333333333,
          0.3333333333333333,
          0.3333333333333333
        ],
        "normalized": [
          0.7561512987167337,
          0.05094714472880244,
          0.5388365075125695
        ],
        "score": 0.44864498365270183,
        "debug": {
          "count": 89
        }
      }
    },
    "dead_end_ratio": {
      "score": 0.6,
      "detail": {
        "dead_end_ratio": 0.4,
        "dead_end_count": 2,
        "total_rooms": 5,
        "dead_end_rooms": [
          "rect_25",
          "rect_50"
        ],
        "score": 0.6
      }
    },
    "key_path_length": {
      "score": 0.7777777777777778,
      "detail": {
        "raw_length": 7,
        "diameter": 9,
        "normalized_length": 0.7777777777777778,
        "branch_factor": 0.0,
        "score": 0.7777777777777778,
        "path": [
          "rect_8",
          "rect_10",
          "rect_18",
          "rect_16",
          "rect_14",
          "rect_19",
          "rect_20",
          "rect_23"
        ]
      }
    },
    "loop_ratio": {
      "score": 0.4250963060034575,
      "detail": {
        "total_rooms": 53,
        "total_edges": 89,
        "connected_components": 1,
        "cyclomatic_number": 37,
        "loop_ratio": 0.6981132075471698,
        "sigmoid_loop_ratio": 0.4250963060034575,
        "algorithm": "Cyclomatic formula + Sigmoid normalization",
        "note": "Direct calculation using E - V + C formula, then sigmoid mapping to [0,1]",
        "score_breakdown": {
          "raw_loop_ratio": 0.6981132075471698,
          "sigmoid_loop_ratio": 0.4250963060034575,
          "final_score": 0.4250963060034575
        }
      }
    },
    "path_diversity": {
      "score": 0.45290580917936335,
      "detail": {
        "avg_path_diversity": 0.35863258193813063,
        "std_path_diversity": 0.22824369285348123,
        "max_path_diversity": 0.7918480502335578,
        "min_path_diversity": 0.0,
        "total_pairs_analyzed": 56,
        "rounds_completed": 12,
        "detailed_analysis": {
          "round_0": {
            "pairs_analyzed": 2,
            "avg_diversity": 0.5061355358514337
          },
          "round_1": {
            "pairs_analyzed": 4,
            "avg_diversity": 0.3936895732885394
          },
          "round_2": {
            "pairs_analyzed": 6,
            "avg_diversity": 0.4476341532377636
          },
          "round_3": {
            "pairs_analyzed": 4,
            "avg_diversity": 0.364029334323054
          },
          "round_4": {
            "pairs_analyzed": 4,
            "avg_diversity": 0.33390216653305066
          },
          "round_5": {
            "pairs_analyzed": 6,
            "avg_diversity": 0.264117543616944
          },
          "round_6": {
            "pairs_analyzed": 5,
            "avg_diversity": 0.26047791796979836
          },
          "round_7": {
            "pairs_analyzed": 6,
            "avg_diversity": 0.3987240697068308
          },
          "round_8": {
            "pairs_analyzed": 5,
            "avg_diversity": 0.35607229223673953
          },
          "round_9": {
            "pairs_analyzed": 6,
            "avg_diversity": 0.2828206918385596
          },
          "round_10": {
            "pairs_analyzed": 4,
            "avg_diversity": 0.35248227597781645
          },
          "round_11": {
            "pairs_analyzed": 4,
            "avg_diversity": 0.4630525787273325
          }
        },
        "adaptive_params": {
          "num_walks": 53,
          "max_walk_length": 13,
          "graph_diameter": 13,
          "avg_degree": 3.358490566037736,
          "total_nodes": 53,
          "total_edges": 89
        },
        "algorithm": "Adaptive_random_walk_sampling",
        "sampling_strategy": "Multi-round (12 rounds, 7 pairs/round)",
        "normalization": "Robust_with_predefined_bounds",
        "fusion_method": "Geometric_mean_of_normalized_metrics",
        "performance": {
          "time_taken": 0.03257131576538086,
          "timeout": false
        }
      }
    },
    "treasure_monster_distribution": {
      "score": 0.4714664358659552,
      "detail": {
        "cv_treasure": 1.2247448713915892,
        "uniformity_treasure": 0.3876275643042054,
        "score": 0.4714664358659552,
        "cv_monster": 2.0,
        "uniformity_monster": 0.0,
        "avg_t2m_dist": 16.657755951000034,
        "proximity_score": 0.573438580270065
      }
    },
    "aesthetic_balance": {
      "score": 0.5215498423659635,
      "detail": {
        "symmetry_ratio": 0.2,
        "uniformity_area": 0.8479766099867816,
        "uniformity_spacing": 0.8365147181945303,
        "score": 0.5215498423659635
      }
    }
  },
  "category_scores": {
    "structural": 0.49907755755168604,
    "gameplay": 0.4714664358659552,
    "aesthetic": 0.5215498423659635
  },
  "overall_score": 0.4973646119278682,
  "grade": "D",
  "details": {
    "accessibility": {
      "reachability_ratio": 1.0,
      "avg_path_length": 4.320754716981132,
      "path_variance": 4.4442862228551085,
      "normalized": [
        1.0,
        0.519916142557652,
        0.9451322688536407
      ],
      "score": 0.7891180262485014
    },
    "degree_variance": {
      "raw_variance": 4.8,
      "normalized_variance": 1.0,
      "score": 0.0,
      "degrees": [
        4,
        4,
        8,
        2,
        2
      ]
    },
    "door_distribution": {
      "cv": 0.48769740256653266,
      "avg_distance": 2.558541057766367,
      "avg_entropy": 0.7469860119302106,
      "weights": [
        0.3333333333333333,
        0.3333333333333333,
        0.3333333333333333
      ],
      "normalized": [
        0.7561512987167337,
        0.05094714472880244,
        0.5388365075125695
      ],
      "score": 0.44864498365270183,
      "debug": {
        "count": 89
      }
    },
    "dead_end_ratio": {
      "dead_end_ratio": 0.4,
      "dead_end_count": 2,
      "total_rooms": 5,
      "dead_end_rooms": [
        "rect_25",
        "rect_50"
      ],
      "score": 0.6
    },
    "key_path_length": {
      "raw_length": 7,
      "diameter": 9,
      "normalized_length": 0.7777777777777778,
      "branch_factor": 0.0,
      "score": 0.7777777777777778,
      "path": [
        "rect_8",
        "rect_10",
        "rect_18",
        "rect_16",
        "rect_14",
        "rect_19",
        "rect_20",
        "rect_23"
      ]
    },
    "loop_ratio": {
      "total_rooms": 53,
      "total_edges": 89,
      "connected_components": 1,
      "cyclomatic_number": 37,
      "loop_ratio": 0.6981132075471698,
      "sigmoid_loop_ratio": 0.4250963060034575,
      "algorithm": "Cyclomatic formula + Sigmoid normalization",
      "note": "Direct calculation using E - V + C formula, then sigmoid mapping to [0,1]",
      "score_breakdown": {
        "raw_loop_ratio": 0.6981132075471698,
        "sigmoid_loop_ratio": 0.4250963060034575,
        "final_score": 0.4250963060034575
      }
    },
    "path_diversity": {
      "avg_path_diversity": 0.35863258193813063,
      "std_path_diversity": 0.22824369285348123,