{
  "scores": {
    "accessibility": {
      "score": 0.8090223928095804,
      "detail": {
        "reachability_ratio": 1.0,
        "avg_path_length": 4.25,
        "path_variance": 7.909722222222222,
        "normalized": [
          1.0,
          0.575,
          0.9209027777777777
        ],
        "score": 0.8090223928095804
      }
    },
    "degree_variance": {
      "score": 0.5123456790123456,
      "detail": {
        "raw_variance": 7.80246913580247,
        "normalized_variance": 0.4876543209876544,
        "score": 0.5123456790123456,
        "degrees": [
          10,
          9,
          2,
          3,
          3,
          4,
          4,
          3,
          2
        ]
      }
    },
    "door_distribution": {
      "score": 0.45217612489523873,
      "detail": {
        "cv": 0.5291502622129182,
        "avg_distance": 2.4440021114221704,
        "avg_entropy": 0.7910515962125626,
        "weights": [
          0.3333333333333333,
          0.3333333333333333,
          0.3333333333333333
        ],
        "normalized": [
          0.735424868893541,
          0.05048039832059384,
          0.5706231074715814
        ],
        "score": 0.45217612489523873,
        "debug": {
          "count": 135
        }
      }
    },
    "dead_end_ratio": {
      "score": 0.7777777777777778,
      "detail": {
        "dead_end_ratio": 0.2222222222222222,
        "dead_end_count": 2,
        "total_rooms": 9,
        "dead_end_rooms": [
          "rect_68",
          "rect_34"
        ],
        "score": 0.7777777777777778
      }
    },
    "key_path_length": {
      "score": 1.0,
      "detail": {
        "raw_length": 10,
        "diameter": 10,
        "normalized_length": 1.0,
        "branch_factor": 0.0,
        "score": 1.0,
        "path": [
          "rect_4",
          "rect_8",
          "rect_11",
          "rect_14",
          "rect_17",
          "rect_19",
          "rect_22",
          "rect_24",
          "rect_26",
          "rect_30",
          "rect_33"
        ]
      }
    },
    "loop_ratio": {
      "score": 0.47225076494548685,
      "detail": {
        "total_rooms": 72,
        "total_edges": 135,
        "connected_components": 1,
        "cyclomatic_number": 64,
        "loop_ratio": 0.8888888888888888,
        "sigmoid_loop_ratio": 0.47225076494548685,
        "algorithm": "Cyclomatic formula + Sigmoid normalization",
        "note": "Direct calculation using E - V + C formula, then sigmoid mapping to [0,1]",
        "score_breakdown": {
          "raw_loop_ratio": 0.8888888888888888,
          "sigmoid_loop_ratio": 0.47225076494548685,
          "final_score": 0.47225076494548685
        }
      }
    },
    "path_diversity": {
      "score": 0.5359889073434931,
      "detail": {
        "avg_path_diversity": 0.40158048939967206,
        "std_path_diversity": 0.20434080464874949,
        "max_path_diversity": 0.7492328365339018,
        "min_path_diversity": 0.0,
        "total_pairs_analyzed": 74,
        "rounds_completed": 12,
        "detailed_analysis": {
          "round_0": {
            "pairs_analyzed": 5,
            "avg_diversity": 0.4991692594507461
          },
          "round_1": {
            "pairs_analyzed": 8,
            "avg_diversity": 0.4759181960828417
          },
          "round_2": {
            "pairs_analyzed": 6,
            "avg_diversity": 0.2963079962464028
          },
          "round_3": {
            "pairs_analyzed": 8,
            "avg_diversity": 0.4602370666564163
          },
          "round_4": {
            "pairs_analyzed": 7,
            "avg_diversity": 0.37076635825174303
          },
          "round_5": {
            "pairs_analyzed": 6,
            "avg_diversity": 0.4385954194989569
          },
          "round_6": {
            "pairs_analyzed": 7,
            "avg_diversity": 0.27159416935835806
          },
          "round_7": {
            "pairs_analyzed": 6,
            "avg_diversity": 0.4335844636847275
          },
          "round_8": {
            "pairs_analyzed": 6,
            "avg_diversity": 0.3097435743379719
          },
          "round_9": {
            "pairs_analyzed": 5,
            "avg_diversity": 0.42809086698808213
          },
          "round_10": {
            "pairs_analyzed": 4,
            "avg_diversity": 0.5092861943407996
          },
          "round_11": {
            "pairs_analyzed": 6,
            "avg_diversity": 0.36472604803754427
          }
        },
        "adaptive_params": {
          "num_walks": 72,
          "max_walk_length": 11,
          "graph_diameter": 11,
          "avg_degree": 3.75,
          "total_nodes": 72,
          "total_edges": 135
        },
        "algorithm": "Adaptive_random_walk_sampling",
        "sampling_strategy": "Multi-round (12 rounds, 11 pairs/round)",
        "normalization": "Robust_with_predefined_bounds",
        "fusion_method": "Geometric_mean_of_normalized_metrics",
        "performance": {
          "time_taken": 0.06079387664794922,
          "timeout": false
        }
      }
    },
    "treasure_monster_distribution": {
      "score": 0.5,
      "detail": {
        "cv_treasure": 1.4142135623730951,
        "uniformity_treasure": 0.5,
        "score": 0.5,
        "cv_monster": 0.0,
        "uniformity_monster": 0.0,
        "avg_t2m_dist": 0.0,
        "proximity_score": 0.0,
        "note": "Only treasure distribution evaluated (no monsters found)"
      }
    },
    "aesthetic_balance": {
      "score": 0.7997774619824535,
      "detail": {
        "symmetry_ratio": 0.0,
        "uniformity_area": 0.7385363702483486,
        "uniformity_spacing": 0.8660968023551783,
        "score": 0.7997774619824535
      }
    }
  },
  "category_scores": {
    "structural": 0.6513659495405605,
    "gameplay": 0.5,
    "aesthetic": 0.7997774619824535
  },
  "overall_score": 0.650381137174338,
  "grade": "B",
  "details": {
    "accessibility": {
      "reachability_ratio": 1.0,
      "avg_path_length": 4.25,
      "path_variance": 7.909722222222222,
      "normalized": [
        1.0,
        0.575,
        0.9209027777777777
      ],
      "score": 0.8090223928095804
    },
    "degree_variance": {
      "raw_variance": 7.80246913580247,
      "normalized_variance": 0.4876543209876544,
      "score": 0.5123456790123456,
      "degrees": [
        10,
        9,
        2,
        3,
        3,
        4,
        4,
        3,
        2
      ]
    },
    "door_distribution": {
      "cv": 0.5291502622129182,
      "avg_distance": 2.4440021114221704,
      "avg_entropy": 0.7910515962125626,
      "weights": [
        0.3333333333333333,
        0.3333333333333333,
        0.3333333333333333
      ],
      "normalized": [
        0.735424868893541,
        0.05048039832059384,
        0.5706231074715814
      ],
      "score": 0.45217612489523873,
      "debug": {
        "count": 135
      }
    },
    "dead_end_ratio": {
      "dead_end_ratio": 0.2222222222222222,
      "dead_end_count": 2,
      "total_rooms": 9,
      "dead_end_rooms": [
        "rect_68",
        "rect_34"
      ],
      "score": 0.7777777777777778
    },
    "key_path_length": {
      "raw_length": 10,
      "diameter": 10,
      "normalized_length": 1.0,
      "branch_factor": 0.0,
      "score": 1.0,
      "path": [
        "rect_4",
        "rect_8",
        "rect_11",
        "rect_14",
        "rect_17",
        "rect_19",
        "rect_22",
        "rect_24",
        "rect_26",
        "rect_30",
        "rect_33"
      ]
    },
    "loop_ratio": {
      "total_rooms": 72,
      "total_edges": 135,
      "connected_components": 1,
      "cyclomatic_number": 64,
      "loop_ratio": 0.8888888888888888,
      "sigmoid_loop_ratio": 0.47225076494548685,
      "algorithm": "Cyclomatic formula + Sigmoid normalization",
      "note": "Direct calculation using E - V + C formula, then sigmoid mapping to [0,1]",
      "score_breakdown": {
        "raw_loop_ratio": 0.8888888888888888,