{
  "scores": {
    "accessibility": {
      "score": 0.7959653849405329,
      "detail": {
        "reachability_ratio": 1.0,
        "avg_path_length": 5.019607843137255,
        "path_variance": 8.764321414840447,
        "normalized": [
          1.0,
          0.5436720142602496,
          0.9275675916128888
        ],
        "score": 0.7959653849405329
      }
    },
    "degree_variance": {
      "score": 0.8,
      "detail": {
        "raw_variance": 0.8,
        "normalized_variance": 0.2,
        "score": 0.8,
        "degrees": [
          7,
          7,
          5,
          6,
          5
        ]
      }
    },
    "door_distribution": {
      "score": 0.47387360945655815,
      "detail": {
        "cv": 0.5118739902592045,
        "avg_distance": 2.194659477962726,
        "avg_entropy": 0.8307051050899594,
        "weights": [
          0.3333333333333333,
          0.3333333333333333,
          0.3333333333333333
        ],
        "normalized": [
          0.7440630048703978,
          0.07833075572206188,
          0.5992270677772149
        ],
        "score": 0.47387360945655815,
        "debug": {
          "count": 109
        }
      }
    },
    "dead_end_ratio": {
      "score": 0.6,
      "detail": {
        "dead_end_ratio": 0.4,
        "dead_end_count": 2,
        "total_rooms": 5,
        "dead_end_rooms": [
          "rect_23",
          "rect_46"
        ],
        "score": 0.6
      }
    },
    "key_path_length": {
      "score": 0.7272727272727273,
      "detail": {
        "raw_length": 8,
        "diameter": 11,
        "normalized_length": 0.7272727272727273,
        "branch_factor": 0.0,
        "score": 0.7272727272727273,
        "path": [
          "rect_9",
          "rect_35",
          "rect_3",
          "rect_0",
          "rect_4",
          "rect_7",
          "rect_10",
          "rect_16",
          "rect_19"
        ]
      }
    },
    "loop_ratio": {
      "score": 0.5391354721371197,
      "detail": {
        "total_rooms": 51,
        "total_edges": 109,
        "connected_components": 1,
        "cyclomatic_number": 59,
        "loop_ratio": 1.1568627450980393,
        "sigmoid_loop_ratio": 0.5391354721371197,
        "algorithm": "Cyclomatic formula + Sigmoid normalization",
        "note": "Direct calculation using E - V + C formula, then sigmoid mapping to [0,1]",
        "score_breakdown": {
          "raw_loop_ratio": 1.1568627450980393,
          "sigmoid_loop_ratio": 0.5391354721371197,
          "final_score": 0.5391354721371197
        }
      }
    },
    "path_diversity": {
      "score": 0.524665869782566,
      "detail": {
        "avg_path_diversity": 0.4218599042259931,
        "std_path_diversity": 0.2156728132626242,
        "max_path_diversity": 0.8040544059037457,
        "min_path_diversity": 0.0,
        "total_pairs_analyzed": 81,
        "rounds_completed": 9,
        "detailed_analysis": {
          "round_0": {
            "pairs_analyzed": 10,
            "avg_diversity": 0.43880833189359675
          },
          "round_1": {
            "pairs_analyzed": 8,
            "avg_diversity": 0.5099093426093455
          },
          "round_2": {
            "pairs_analyzed": 10,
            "avg_diversity": 0.4889023827087541
          },
          "round_3": {
            "pairs_analyzed": 7,
            "avg_diversity": 0.3919732301356417
          },
          "round_4": {
            "pairs_analyzed": 8,
            "avg_diversity": 0.4152711429728696
          },
          "round_5": {
            "pairs_analyzed": 9,
            "avg_diversity": 0.24305210581364087
          },
          "round_6": {
            "pairs_analyzed": 10,
            "avg_diversity": 0.43130887139134017
          },
          "round_7": {
            "pairs_analyzed": 9,
            "avg_diversity": 0.3627528909427513
          },
          "round_8": {
            "pairs_analyzed": 10,
            "avg_diversity": 0.4982954915953794
          }
        },
        "adaptive_params": {
          "num_walks": 51,
          "max_walk_length": 10,
          "graph_diameter": 10,
          "avg_degree": 4.2745098039215685,
          "total_nodes": 51,
          "total_edges": 109
        },
        "algorithm": "Adaptive_random_walk_sampling",
        "sampling_strategy": "Multi-round (9 rounds, 12 pairs/round)",
        "normalization": "Robust_with_predefined_bounds",
        "fusion_method": "Geometric_mean_of_normalized_metrics",
        "performance": {
          "time_taken": 0.03334927558898926,
          "timeout": false
        }
      }
    },
    "treasure_monster_distribution": {
      "score": 0.5917517095361369,
      "detail": {
        "cv_treasure": 0.8164965809277261,
        "uniformity_treasure": 0.5917517095361369,
        "score": 0.5917517095361369,
        "cv_monster": 0.0,
        "uniformity_monster": 0.0,
        "avg_t2m_dist": 0.0,
        "proximity_score": 0.0,
        "note": "Only treasure distribution evaluated (no monsters found)"
      }
    },
    "aesthetic_balance": {
      "score": 0.8107904680183033,
      "detail": {
        "symmetry_ratio": 0.0,
        "uniformity_area": 0.7377049180327868,
        "uniformity_spacing": 0.8911167147731046,
        "score": 0.8107904680183033
      }
    }
  },
  "category_scores": {
    "structural": 0.6372732947985006,
    "gameplay": 0.5917517095361369,
    "aesthetic": 0.8107904680183033
  },
  "overall_score": 0.6799384907843136,
  "grade": "B",
  "details": {
    "accessibility": {
      "reachability_ratio": 1.0,
      "avg_path_length": 5.019607843137255,
      "path_variance": 8.764321414840447,
      "normalized": [
        1.0,
        0.5436720142602496,
        0.9275675916128888
      ],
      "score": 0.7959653849405329
    },
    "degree_variance": {
      "raw_variance": 0.8,
      "normalized_variance": 0.2,
      "score": 0.8,
      "degrees": [
        7,
        7,
        5,
        6,
        5
      ]
    },
    "door_distribution": {
      "cv": 0.5118739902592045,
      "avg_distance": 2.194659477962726,
      "avg_entropy": 0.8307051050899594,
      "weights": [
        0.3333333333333333,
        0.3333333333333333,
        0.3333333333333333
      ],
      "normalized": [
        0.7440630048703978,
        0.07833075572206188,
        0.5992270677772149
      ],
      "score": 0.47387360945655815,
      "debug": {
        "count": 109
      }
    },
    "dead_end_ratio": {
      "dead_end_ratio": 0.4,
      "dead_end_count": 2,
      "total_rooms": 5,
      "dead_end_rooms": [
        "rect_23",
        "rect_46"
      ],
      "score": 0.6
    },
    "key_path_length": {
      "raw_length": 8,
      "diameter": 11,
      "normalized_length": 0.7272727272727273,
      "branch_factor": 0.0,
      "score": 0.7272727272727273,
      "path": [
        "rect_9",
        "rect_35",
        "rect_3",
        "rect_0",
        "rect_4",
        "rect_7",
        "rect_10",
        "rect_16",
        "rect_19"
      ]
    },
    "loop_ratio": {
      "total_rooms": 51,
      "total_edges": 109,
      "connected_components": 1,
      "cyclomatic_number": 59,
      "loop_ratio": 1.1568627450980393,
      "sigmoid_loop_ratio": 0.5391354721371197,
      "algorithm": "Cyclomatic formula + Sigmoid normalization",
      "note": "Direct calculation using E - V + C formula, then sigmoid mapping to [0,1]",
      "score_breakdown": {
        "raw_loop_ratio": 1.1568627450980393,
        "sigmoid_loop_ratio": 0.5391354721371197,
        "final_score": 0.5391354721371197
      }
    },
    "path_diversity": {
      "avg_path_diversity": 0.4218599042259931,
      "std_path_diversity": 0.2156728132626242,
      "max_path_diversity": 0.8040544059037457,
      "min_path_diversity": 0.0,
      "total_pairs_analyzed": 81,
      "rounds_completed": 9,
      "detailed_analysis": {
        "round_0": {
          "pairs_analyzed": 10,
          "avg_diversity": 0.43880833189359675
        },