{
  "scores": {
    "accessibility": {
      "score": 0.7536603432792334,
      "detail": {
        "reachability_ratio": 1.0,
        "avg_path_length": 7.633333333333334,
        "path_variance": 11.498888888888889,
        "normalized": [
          1.0,
          0.45476190476190476,
          0.9413321995464853
        ],
        "score": 0.7536603432792334
      }
    },
    "degree_variance": {
      "score": 0.6345270890725436,
      "detail": {
        "raw_variance": 11.055555555555555,
        "normalized_variance": 0.3654729109274564,
        "score": 0.6345270890725436,
        "degrees": [
          5,
          12,
          8,
          11,
          4,
          2,
          2,
          2,
          7,
          3,
          5,
          3
        ]
      }
    },
    "door_distribution": {
      "score": 0.45957190461841935,
      "detail": {
        "cv": 0.4900876122178719,
        "avg_distance": 2.292402393423861,
        "avg_entropy": 0.8147777249043113,
        "weights": [
          0.3333333333333333,
          0.3333333333333333,
          0.3333333333333333
        ],
        "normalized": [
          0.754956193891064,
          0.03602162839107297,
          0.5877378915731211
        ],
        "score": 0.45957190461841935,
        "debug": {
          "count": 237
        }
      }
    },
    "dead_end_ratio": {
      "score": 0.8333333333333334,
      "detail": {
        "dead_end_ratio": 0.16666666666666666,
        "dead_end_count": 2,
        "total_rooms": 12,
        "dead_end_rooms": [
          "rect_114",
          "rect_57"
        ],
        "score": 0.8333333333333334
      }
    },
    "key_path_length": {
      "score": 0.9285714285714286,
      "detail": {
        "raw_length": 13,
        "diameter": 14,
        "normalized_length": 0.9285714285714286,
        "branch_factor": 0.0,
        "score": 0.9285714285714286,
        "path": [
          "rect_1",
          "rect_2",
          "rect_3",
          "rect_6",
          "rect_29",
          "rect_25",
          "rect_30",
          "rect_41",
          "rect_45",
          "rect_43",
          "rect_52",
          "rect_50",
          "rect_55",
          "rect_56"
        ]
      }
    },
    "loop_ratio": {
      "score": 0.49583342978127143,
      "detail": {
        "total_rooms": 120,
        "total_edges": 237,
        "connected_components": 1,
        "cyclomatic_number": 118,
        "loop_ratio": 0.9833333333333333,
        "sigmoid_loop_ratio": 0.49583342978127143,
        "algorithm": "Cyclomatic formula + Sigmoid normalization",
        "note": "Direct calculation using E - V + C formula, then sigmoid mapping to [0,1]",
        "score_breakdown": {
          "raw_loop_ratio": 0.9833333333333333,
          "sigmoid_loop_ratio": 0.49583342978127143,
          "final_score": 0.49583342978127143
        }
      }
    },
    "path_diversity": {
      "score": 0.48631485061458907,
      "detail": {
        "avg_path_diversity": 0.35119131938254233,
        "std_path_diversity": 0.21370060249564796,
        "max_path_diversity": 0.7221480465560902,
        "min_path_diversity": 0.0,
        "total_pairs_analyzed": 116,
        "rounds_completed": 12,
        "detailed_analysis": {
          "round_0": {
            "pairs_analyzed": 10,
            "avg_diversity": 0.45754254134598876
          },
          "round_1": {
            "pairs_analyzed": 5,
            "avg_diversity": 0.449517952622859
          },
          "round_2": {
            "pairs_analyzed": 9,
            "avg_diversity": 0.3939567481783425
          },
          "round_3": {
            "pairs_analyzed": 13,
            "avg_diversity": 0.3442934575776592
          },
          "round_4": {
            "pairs_analyzed": 9,
            "avg_diversity": 0.47617707134748755
          },
          "round_5": {
            "pairs_analyzed": 5,
            "avg_diversity": 0.4632559502102177
          },
          "round_6": {
            "pairs_analyzed": 10,
            "avg_diversity": 0.37344593689454925
          },
          "round_7": {
            "pairs_analyzed": 13,
            "avg_diversity": 0.24820204849470265
          },
          "round_8": {
            "pairs_analyzed": 9,
            "avg_diversity": 0.20312159967535015
          },
          "round_9": {
            "pairs_analyzed": 9,
            "avg_diversity": 0.46039421354480337
          },
          "round_10": {
            "pairs_analyzed": 12,
            "avg_diversity": 0.22945436603727742
          },
          "round_11": {
            "pairs_analyzed": 12,
            "avg_diversity": 0.30047484047518813
          }
        },
        "adaptive_params": {
          "num_walks": 120,
          "max_walk_length": 13,
          "graph_diameter": 13,
          "avg_degree": 3.95,
          "total_nodes": 120,
          "total_edges": 237
        },
        "algorithm": "Adaptive_random_walk_sampling",
        "sampling_strategy": "Multi-round (12 rounds, 19 pairs/round)",
        "normalization": "Robust_with_predefined_bounds",
        "fusion_method": "Geometric_mean_of_normalized_metrics",
        "performance": {
          "time_taken": 0.1952190399169922,
          "timeout": false
        }
      }
    },
    "treasure_monster_distribution": {
      "score": 0.5735985672887791,
      "detail": {
        "cv_treasure": 1.4142135623730951,
        "uniformity_treasure": 0.5735985672887791,
        "score": 0.5735985672887791,
        "cv_monster": 0.0,
        "uniformity_monster": 0.0,
        "avg_t2m_dist": 0.0,
        "proximity_score": 0.0,
        "note": "Only treasure distribution evaluated (no monsters found)"
      }
    },
    "aesthetic_balance": {
      "score": 0.9095736334456002,
      "detail": {
        "symmetry_ratio": 0.0,
        "uniformity_area": 0.8779040898225006,
        "uniformity_spacing": 0.942385625321217,
        "score": 0.9095736334456002
      }
    }
  },
  "category_scores": {
    "structural": 0.6559731970386885,
    "gameplay": 0.5735985672887791,
    "aesthetic": 0.9095736334456002
  },
  "overall_score": 0.7130484659243559,
  "grade": "B",
  "details": {
    "accessibility": {
      "reachability_ratio": 1.0,
      "avg_path_length": 7.633333333333334,
      "path_variance": 11.498888888888889,
      "normalized": [
        1.0,
        0.45476190476190476,
        0.9413321995464853
      ],
      "score": 0.7536603432792334
    },
    "degree_variance": {
      "raw_variance": 11.055555555555555,
      "normalized_variance": 0.3654729109274564,
      "score": 0.6345270890725436,
      "degrees": [
        5,
        12,
        8,
        11,
        4,
        2,
        2,
        2,
        7,
        3,
        5,
        3
      ]
    },
    "door_distribution": {
      "cv": 0.4900876122178719,
      "avg_distance": 2.292402393423861,
      "avg_entropy": 0.8147777249043113,
      "weights": [
        0.3333333333333333,
        0.3333333333333333,
        0.3333333333333333
      ],
      "normalized": [
        0.754956193891064,
        0.03602162839107297,
        0.5877378915731211
      ],
      "score": 0.45957190461841935,
      "debug": {
        "count": 237
      }
    },
    "dead_end_ratio": {
      "dead_end_ratio": 0.16666666666666666,
      "dead_end_count": 2,
      "total_rooms": 12,
      "dead_end_rooms": [
        "rect_114",
        "rect_57"
      ],
      "score": 0.8333333333333334
    },
    "key_path_length": {
      "raw_length": 13,
      "diameter": 14,
      "normalized_length": 0.9285714285714286,
      "branch_factor": 0.0,
      "score": 0.9285714285714286,
      "path": [
        "rect_1",
        "rect_2",
        "rect_3",
        "rect_6",
        "rect_29",
        "rect_25",
        "rect_30",
        "rect_41",
        "rect_45",
        "rect_43",
        "rect_52",
        "rect_50",
        "rect_55",
        "rect_56"
      ]
    },
    "loop_ratio": {
      "total_rooms": 120,