{
  "scores": {
    "accessibility": {
      "score": 0.7975093149746366,
      "detail": {
        "reachability_ratio": 1.0,
        "avg_path_length": 4.90625,
        "path_variance": 10.2099609375,
        "normalized": [
          1.0,
          0.5539772727272727,
          0.9156201575413223
        ],
        "score": 0.7975093149746366
      }
    },
    "degree_variance": {
      "score": 1.0,
      "detail": {
        "raw_variance": 0.0,
        "normalized_variance": 0.0,
        "score": 1.0,
        "degrees": [
          4,
          4,
          4
        ]
      }
    },
    "door_distribution": {
      "score": 0.4734719016321332,
      "detail": {
        "cv": 0.2966479394838265,
        "avg_distance": 2.3394814515854137,
        "avg_entropy": 0.7231175317887836,
        "weights": [
          0.3333333333333333,
          0.3333333333333333,
          0.3333333333333333
        ],
        "normalized": [
          0.8516760302580868,
          0.047120636092540136,
          0.5216190385457727
        ],
        "score": 0.4734719016321332,
        "debug": {
          "count": 50
        }
      }
    },
    "dead_end_ratio": {
      "score": 0.6666666666666667,
      "detail": {
        "dead_end_ratio": 0.3333333333333333,
        "dead_end_count": 1,
        "total_rooms": 3,
        "dead_end_rooms": [
          "rect_16"
        ],
        "score": 0.6666666666666667
      }
    },
    "key_path_length": {
      "score": 0.7272727272727273,
      "detail": {
        "raw_length": 8,
        "diameter": 11,
        "normalized_length": 0.7272727272727273,
        "branch_factor": 0.0,
        "score": 0.7272727272727273,
        "path": [
          "rect_4",
          "rect_5",
          "rect_6",
          "rect_7",
          "rect_8",
          "rect_9",
          "rect_10",
          "rect_11",
          "rect_12"
        ]
      }
    },
    "loop_ratio": {
      "score": 0.59375,
      "detail": {
        "total_rooms": 32,
        "total_edges": 50,
        "connected_components": 1,
        "cyclomatic_number": 19,
        "loop_ratio": 0.59375,
        "algorithm": "Cyclomatic formula",
        "note": "Direct calculation using E - V + C formula",
        "score_breakdown": {
          "loop_ratio": 0.59375,
          "final_score": 0.59375
        }
      }
    },
    "path_diversity": {
      "score": 0.4849094860394209,
      "detail": {
        "avg_path_diversity": 0.41157416589244594,
        "std_path_diversity": 0.18228293805453186,
        "max_path_diversity": 0.8487649298306094,
        "min_path_diversity": 0.0,
        "total_pairs_analyzed": 34,
        "rounds_completed": 14,
        "detailed_analysis": {
          "round_0": {
            "pairs_analyzed": 3,
            "avg_diversity": 0.2431909652193728
          },
          "round_1": {
            "pairs_analyzed": 3,
            "avg_diversity": 0.5999456099423709
          },
          "round_2": {
            "pairs_analyzed": 1,
            "avg_diversity": 0.3063506197506519
          },
          "round_3": {
            "pairs_analyzed": 2,
            "avg_diversity": 0.33791824700158835
          },
          "round_4": {
            "pairs_analyzed": 3,
            "avg_diversity": 0.3879080128455183
          },
          "round_5": {
            "pairs_analyzed": 2,
            "avg_diversity": 0.26959056236215756
          },
          "round_6": {
            "pairs_analyzed": 3,
            "avg_diversity": 0.5116649337731353
          },
          "round_7": {
            "pairs_analyzed": 2,
            "avg_diversity": 0.4210146181085517
          },
          "round_8": {
            "pairs_analyzed": 3,
            "avg_diversity": 0.373559797069772
          },
          "round_9": {
            "pairs_analyzed": 3,
            "avg_diversity": 0.46855926086524047
          },
          "round_10": {
            "pairs_analyzed": 3,
            "avg_diversity": 0.3659054904267716
          },
          "round_11": {
            "pairs_analyzed": 2,
            "avg_diversity": 0.631650783141688
          },
          "round_12": {
            "pairs_analyzed": 3,
            "avg_diversity": 0.38113029803727877
          },
          "round_13": {
            "pairs_analyzed": 1,
            "avg_diversity": 0.3712294948261608
          }
        },
        "adaptive_params": {
          "num_walks": 32,
          "max_walk_length": 14,
          "graph_diameter": 14,
          "avg_degree": 3.125,
          "total_nodes": 32,
          "total_edges": 50
        },
        "algorithm": "Adaptive_random_walk_sampling",
        "sampling_strategy": "Multi-round (14 rounds, 3 pairs/round)",
        "normalization": "Robust_with_predefined_bounds",
        "fusion_method": "Geometric_mean_of_normalized_metrics",
        "performance": {
          "time_taken": 0.01165008544921875,
          "timeout": false
        }
      }
    },
    "treasure_monster_distribution": {
      "score": 0.622305212699751,
      "detail": {
        "cv_treasure": 1.4142135623730951,
        "uniformity_treasure": 0.0,
        "score": 0.622305212699751,
        "cv_monster": 1.4142135623730951,
        "uniformity_monster": 0.0,
        "avg_t2m_dist": 10.0,
        "proximity_score": 0.622305212699751
      }
    },
    "aesthetic_balance": {
      "score": 0.6599596508374028,
      "detail": {
        "symmetry_ratio": 0.0,
        "uniformity_area": 0.5852438254708932,
        "uniformity_spacing": 0.7442141578904848,
        "score": 0.6599596508374028
      }
    }
  },
  "category_scores": {
    "structural": 0.7221023084576277,
    "gameplay": 0.5762192128290022,
    "aesthetic": 0.6599596508374028
  },
  "overall_score": 0.6398393620002812,
  "grade": "B",
  "details": {
    "accessibility": {
      "reachability_ratio": 1.0,
      "avg_path_length": 4.90625,
      "path_variance": 10.2099609375,
      "normalized": [
        1.0,
        0.5539772727272727,
        0.9156201575413223
      ],
      "score": 0.7975093149746366
    },
    "degree_variance": {
      "raw_variance": 0.0,
      "normalized_variance": 0.0,
      "score": 1.0,
      "degrees": [
        4,
        4,
        4
      ]
    },
    "door_distribution": {
      "cv": 0.2966479394838265,
      "avg_distance": 2.3394814515854137,
      "avg_entropy": 0.7231175317887836,
      "weights": [
        0.3333333333333333,
        0.3333333333333333,
        0.3333333333333333
      ],
      "normalized": [
        0.8516760302580868,
        0.047120636092540136,
        0.5216190385457727
      ],
      "score": 0.4734719016321332,
      "debug": {
        "count": 50
      }
    },
    "dead_end_ratio": {
      "dead_end_ratio": 0.3333333333333333,
      "dead_end_count": 1,
      "total_rooms": 3,
      "dead_end_rooms": [
        "rect_16"
      ],
      "score": 0.6666666666666667
    },
    "key_path_length": {
      "raw_length": 8,
      "diameter": 11,
      "normalized_length": 0.7272727272727273,
      "branch_factor": 0.0,
      "score": 0.7272727272727273,
      "path": [
        "rect_4",
        "rect_5",
        "rect_6",
        "rect_7",
        "rect_8",
        "rect_9",
        "rect_10",
        "rect_11",
        "rect_12"
      ]
    },
    "loop_ratio": {
      "total_rooms": 32,
      "total_edges": 50,
      "connected_components": 1,
      "cyclomatic_number": 19,
      "loop_ratio": 0.59375,
      "algorithm": "Cyclomatic formula",
      "note": "Direct calculation using E - V + C formula",
      "score_breakdown": {
        "loop_ratio": 0.59375,
        "final_score": 0.59375
      }
    },
    "path_diversity": {
      "avg_path_diversity": 0.41157416589244594,
      "std_path_diversity": 0.18228293805453186,
      "max_path_diversity": 0.8487649298306094,
      "min_path_diversity": 0.0,
      "total_pairs_analyzed": 34,
      "rounds_completed": 14,
      "detailed_analysis": {
        "round_0": {
          "pairs_analyzed": 3,