{
  "scores": {
    "accessibility": {
      "score": 0.73622701654455,
      "detail": {
        "reachability_ratio": 1.0,
        "avg_path_length": 3.45,
        "path_variance": 2.1975000000000002,
        "normalized": [
          1.0,
          0.425,
          0.9389583333333333
        ],
        "score": 0.73622701654455
      }
    },
    "degree_variance": {
      "score": 0.8622448979591837,
      "detail": {
        "raw_variance": 1.6875,
        "normalized_variance": 0.1377551020408163,
        "score": 0.8622448979591837,
        "degrees": [
          5,
          4,
          4,
          6,
          2,
          3,
          4,
          2
        ]
      }
    },
    "door_distribution": {
      "score": 0.4524745738552427,
      "detail": {
        "cv": 0.5248766971932889,
        "avg_distance": 3.5766552058841286,
        "avg_entropy": 0.7626823776047778,
        "weights": [
          0.3333333333333333,
          0.3333333333333333,
          0.3333333333333333
        ],
        "normalized": [
          0.7375616514033556,
          0.06970302819046413,
          0.5501590419719083
        ],
        "score": 0.4524745738552427,
        "debug": {
          "count": 59
        }
      }
    },
    "dead_end_ratio": {
      "score": 0.75,
      "detail": {
        "dead_end_ratio": 0.25,
        "dead_end_count": 2,
        "total_rooms": 8,
        "dead_end_rooms": [
          "rect_38",
          "rect_19"
        ],
        "score": 0.75
      }
    },
    "key_path_length": {
      "score": 0.8333333333333334,
      "detail": {
        "raw_length": 5,
        "diameter": 6,
        "normalized_length": 0.8333333333333334,
        "branch_factor": 0.0,
        "score": 0.8333333333333334,
        "path": [
          "rect_0",
          "rect_1",
          "rect_3",
          "rect_6",
          "rect_10",
          "rect_16"
        ]
      }
    },
    "loop_ratio": {
      "score": 0.5,
      "detail": {
        "total_rooms": 40,
        "total_edges": 59,
        "connected_components": 1,
        "cyclomatic_number": 20,
        "loop_ratio": 0.5,
        "algorithm": "Cyclomatic formula",
        "note": "Direct calculation using E - V + C formula",
        "score_breakdown": {
          "loop_ratio": 0.5,
          "final_score": 0.5
        }
      }
    },
    "path_diversity": {
      "score": 0.484439033615544,
      "detail": {
        "avg_path_diversity": 0.3594512450023852,
        "std_path_diversity": 0.2008127092473571,
        "max_path_diversity": 0.7419948023586587,
        "min_path_diversity": 0.0,
        "total_pairs_analyzed": 40,
        "rounds_completed": 9,
        "detailed_analysis": {
          "round_0": {
            "pairs_analyzed": 5,
            "avg_diversity": 0.3348039864036557
          },
          "round_1": {
            "pairs_analyzed": 6,
            "avg_diversity": 0.38674468493911784
          },
          "round_2": {
            "pairs_analyzed": 6,
            "avg_diversity": 0.40876296076909413
          },
          "round_3": {
            "pairs_analyzed": 3,
            "avg_diversity": 0.5206736035572986
          },
          "round_4": {
            "pairs_analyzed": 4,
            "avg_diversity": 0.339781746192944
          },
          "round_5": {
            "pairs_analyzed": 5,
            "avg_diversity": 0.3740470723403663
          },
          "round_6": {
            "pairs_analyzed": 5,
            "avg_diversity": 0.3143168657098966
          },
          "round_7": {
            "pairs_analyzed": 1,
            "avg_diversity": 0.36037014564333913
          },
          "round_8": {
            "pairs_analyzed": 5,
            "avg_diversity": 0.24152927249790626
          }
        },
        "adaptive_params": {
          "num_walks": 40,
          "max_walk_length": 10,
          "graph_diameter": 10,
          "avg_degree": 2.95,
          "total_nodes": 40,
          "total_edges": 59
        },
        "algorithm": "Adaptive_random_walk_sampling",
        "sampling_strategy": "Multi-round (9 rounds, 6 pairs/round)",
        "normalization": "Robust_with_predefined_bounds",
        "fusion_method": "Geometric_mean_of_normalized_metrics",
        "performance": {
          "time_taken": 0.01398611068725586,
          "timeout": false
        }
      }
    },
    "treasure_monster_distribution": {
      "score": 0.7072299781154401,
      "detail": {
        "cv_treasure": 0.7745966692414834,
        "uniformity_treasure": 0.7072299781154401,
        "score": 0.7072299781154401,
        "cv_monster": 0.0,
        "uniformity_monster": 0.0,
        "avg_t2m_dist": 0.0,
        "proximity_score": 0.0,
        "note": "Only treasure distribution evaluated (no monsters found)"
      }
    },
    "aesthetic_balance": {
      "score": 0.7060139068005973,
      "detail": {
        "symmetry_ratio": 0.5,
        "uniformity_area": 0.703833222719619,
        "uniformity_spacing": 1.0,
        "score": 0.7060139068005973
      }
    }
  },
  "category_scores": {
    "structural": 0.650212260593157,
    "gameplay": 0.6266676046923937,
    "aesthetic": 0.7060139068005973
  },
  "overall_score": 0.6468101795738914,
  "grade": "B",
  "details": {
    "accessibility": {
      "reachability_ratio": 1.0,
      "avg_path_length": 3.45,
      "path_variance": 2.1975000000000002,
      "normalized": [
        1.0,
        0.425,
        0.9389583333333333
      ],
      "score": 0.73622701654455
    },
    "degree_variance": {
      "raw_variance": 1.6875,
      "normalized_variance": 0.1377551020408163,
      "score": 0.8622448979591837,
      "degrees": [
        5,
        4,
        4,
        6,
        2,
        3,
        4,
        2
      ]
    },
    "door_distribution": {
      "cv": 0.5248766971932889,
      "avg_distance": 3.5766552058841286,
      "avg_entropy": 0.7626823776047778,
      "weights": [
        0.3333333333333333,
        0.3333333333333333,
        0.3333333333333333
      ],
      "normalized": [
        0.7375616514033556,
        0.06970302819046413,
        0.5501590419719083
      ],
      "score": 0.4524745738552427,
      "debug": {
        "count": 59
      }
    },
    "dead_end_ratio": {
      "dead_end_ratio": 0.25,
      "dead_end_count": 2,
      "total_rooms": 8,
      "dead_end_rooms": [
        "rect_38",
        "rect_19"
      ],
      "score": 0.75
    },
    "key_path_length": {
      "raw_length": 5,
      "diameter": 6,
      "normalized_length": 0.8333333333333334,
      "branch_factor": 0.0,
      "score": 0.8333333333333334,
      "path": [
        "rect_0",
        "rect_1",
        "rect_3",
        "rect_6",
        "rect_10",
        "rect_16"
      ]
    },
    "loop_ratio": {
      "total_rooms": 40,
      "total_edges": 59,
      "connected_components": 1,
      "cyclomatic_number": 20,
      "loop_ratio": 0.5,
      "algorithm": "Cyclomatic formula",
      "note": "Direct calculation using E - V + C formula",
      "score_breakdown": {
        "loop_ratio": 0.5,
        "final_score": 0.5
      }
    },
    "path_diversity": {
      "avg_path_diversity": 0.3594512450023852,
      "std_path_diversity": 0.2008127092473571,
      "max_path_diversity": 0.7419948023586587,
      "min_path_diversity": 0.0,
      "total_pairs_analyzed": 40,
      "rounds_completed": 9,
      "detailed_analysis": {
        "round_0": {
          "pairs_analyzed": 5,
          "avg_diversity": 0.3348039864036557
        },
        "round_1": {
          "pairs_analyzed": 6,
          "avg_diversity": 0.38674468493911784
        },
        "round_2": {
          "pairs_analyzed": 6,
          "avg_diversity": 0.40876296076909413
        },
        "round_3": {
          "pairs_analyzed": 3,
          "avg_diversity": 0.5206736035572986
        },
        "round_4": {
          "pairs_analyzed": 4,
          "avg_diversity": 0.339781746192944
        },
        "round_5": {
          "pairs_analyzed": 5,