{
  "scores": {
    "accessibility": {
      "score": 0.7762935230698201,
      "detail": {
        "reachability_ratio": 1.0,
        "avg_path_length": 12.644295302013424,
        "path_variance": 33.39696410071618,
        "normalized": [
          1.0,
          0.49422818791946305,
          0.9465648574388541
        ],
        "score": 0.7762935230698201
      }
    },
    "degree_variance": {
      "score": 0.0,
      "detail": {
        "raw_variance": 7.805555555555556,
        "normalized_variance": 1.0,
        "score": 0.0,
        "degrees": [
          4,
          8,
          5,
          4,
          3,
          11
        ]
      }
    },
    "door_distribution": {
      "score": 0.4852838513153612,
      "detail": {
        "cv": 0.391456736792759,
        "avg_distance": 2.0281430414509556,
        "avg_entropy": 0.8649530086929986,
        "weights": [
          0.3333333333333333,
          0.3333333333333333,
          0.3333333333333333
        ],
        "normalized": [
          0.8042716316036205,
          0.0276482142207744,
          0.6239317081216889
        ],
        "score": 0.4852838513153612,
        "debug": {
          "count": 305
        }
      }
    },
    "dead_end_ratio": {
      "score": 0.5,
      "detail": {
        "dead_end_ratio": 0.5,
        "dead_end_count": 3,
        "total_rooms": 6,
        "dead_end_rooms": [
          "rect_143",
          "rect_142",
          "rect_71"
        ],
        "score": 0.5
      }
    },
    "key_path_length": {
      "score": 0.64,
      "detail": {
        "raw_length": 16,
        "diameter": 25,
        "normalized_length": 0.64,
        "branch_factor": 0.0,
        "score": 0.64,
        "path": [
          "rect_4",
          "rect_1",
          "rect_3",
          "rect_5",
          "rect_6",
          "rect_8",
          "rect_10",
          "rect_12",
          "rect_85",
          "rect_20",
          "rect_25",
          "rect_31",
          "rect_34",
          "rect_37",
          "rect_113",
          "rect_45",
          "rect_62"
        ]
      }
    },
    "loop_ratio": {
      "score": 0.513419595165274,
      "detail": {
        "total_rooms": 149,
        "total_edges": 305,
        "connected_components": 1,
        "cyclomatic_number": 157,
        "loop_ratio": 1.0536912751677852,
        "sigmoid_loop_ratio": 0.513419595165274,
        "algorithm": "Cyclomatic formula + Sigmoid normalization",
        "note": "Direct calculation using E - V + C formula, then sigmoid mapping to [0,1]",
        "score_breakdown": {
          "raw_loop_ratio": 1.0536912751677852,
          "sigmoid_loop_ratio": 0.513419595165274,
          "final_score": 0.513419595165274
        }
      }
    },
    "path_diversity": {
      "score": 0.5176809573258225,
      "detail": {
        "avg_path_diversity": 0.4639216035543216,
        "std_path_diversity": 0.18960551022638888,
        "max_path_diversity": 0.8961535034064129,
        "min_path_diversity": 0.0,
        "total_pairs_analyzed": 197,
        "rounds_completed": 26,
        "detailed_analysis": {
          "round_0": {
            "pairs_analyzed": 10,
            "avg_diversity": 0.5455749138217252
          },
          "round_1": {
            "pairs_analyzed": 7,
            "avg_diversity": 0.4483888786324291
          },
          "round_2": {
            "pairs_analyzed": 7,
            "avg_diversity": 0.5387174093922302
          },
          "round_3": {
            "pairs_analyzed": 8,
            "avg_diversity": 0.45587519673783616
          },
          "round_4": {
            "pairs_analyzed": 8,
            "avg_diversity": 0.5822359989754101
          },
          "round_5": {
            "pairs_analyzed": 9,
            "avg_diversity": 0.45870658772211903
          },
          "round_6": {
            "pairs_analyzed": 2,
            "avg_diversity": 0.48108060229356014
          },
          "round_7": {
            "pairs_analyzed": 4,
            "avg_diversity": 0.5106834511571359
          },
          "round_8": {
            "pairs_analyzed": 11,
            "avg_diversity": 0.40011941435534637
          },
          "round_9": {
            "pairs_analyzed": 7,
            "avg_diversity": 0.47813956723947915
          },
          "round_10": {
            "pairs_analyzed": 5,
            "avg_diversity": 0.5452196534556295
          },
          "round_11": {
            "pairs_analyzed": 6,
            "avg_diversity": 0.45008469973636583
          },
          "round_12": {
            "pairs_analyzed": 6,
            "avg_diversity": 0.46942043423983276
          },
          "round_13": {
            "pairs_analyzed": 9,
            "avg_diversity": 0.47878063876741916
          },
          "round_14": {
            "pairs_analyzed": 8,
            "avg_diversity": 0.40742415206568366
          },
          "round_15": {
            "pairs_analyzed": 10,
            "avg_diversity": 0.493636946041988
          },
          "round_16": {
            "pairs_analyzed": 7,
            "avg_diversity": 0.3343579420852609
          },
          "round_17": {
            "pairs_analyzed": 7,
            "avg_diversity": 0.5021595362338498
          },
          "round_18": {
            "pairs_analyzed": 10,
            "avg_diversity": 0.43693041930608023
          },
          "round_19": {
            "pairs_analyzed": 8,
            "avg_diversity": 0.4450228884213411
          },
          "round_20": {
            "pairs_analyzed": 6,
            "avg_diversity": 0.31953465742733694
          },
          "round_21": {
            "pairs_analyzed": 9,
            "avg_diversity": 0.5629139349484878
          },
          "round_22": {
            "pairs_analyzed": 9,
            "avg_diversity": 0.47927004250763694
          },
          "round_23": {
            "pairs_analyzed": 10,
            "avg_diversity": 0.43290742040300456
          },
          "round_24": {
            "pairs_analyzed": 8,
            "avg_diversity": 0.45582953669635207
          },
          "round_25": {
            "pairs_analyzed": 6,
            "avg_diversity": 0.3391711613138093
          }
        },
        "adaptive_params": {
          "num_walks": 149,
          "max_walk_length": 29,
          "graph_diameter": 29,
          "avg_degree": 4.093959731543624,
          "total_nodes": 149,
          "total_edges": 305
        },
        "algorithm": "Adaptive_random_walk_sampling",
        "sampling_strategy": "Multi-round (26 rounds, 11 pairs/round)",
        "normalization": "Robust_with_predefined_bounds",
        "fusion_method": "Geometric_mean_of_normalized_metrics",
        "performance": {
          "time_taken": 0.7147798538208008,
          "timeout": false
        }
      }
    },
    "treasure_monster_distribution": {
      "score": 0.0,
      "detail": {
        "cv_treasure": 2.23606797749979,
        "uniformity_treasure": 0.0,
        "score": 0.0,
        "cv_monster": 0.0,
        "uniformity_monster": 0.0,
        "avg_t2m_dist": 0.0,
        "proximity_score": 0.0,
        "note": "Only treasure distribution evaluated (no monsters found)"
      }
    },
    "aesthetic_balance": {
      "score": 0.8615020833747815,
      "detail": {
        "symmetry_ratio": 0.0,
        "uniformity_area": 0.8374572729544838,
        "uniformity_spacing": 0.8862372608464135,
        "score": 0.8615020833747815
      }
    }
  },
  "category_scores": {
    "structural": 0.4903825609823255,
    "gameplay": 0.0,
    "aesthetic": 0.8615020833747815
  },
  "overall_score": 0.4506282147857023,
  "grade": "D",
  "details": {
    "accessibility": {
      "reachability_ratio": 1.0,
      "avg_path_length": 12.644295302013424,
      "path_variance": 33.39696410071618,
      "normalized": [
        1.0,
        0.49422818791946305,
        0.9465648574388541
      ],
      "score": 0.7762935230698201
    },
    "degree_variance": {
      "raw_variance": 7.805555555555556,