{
  "scores": {
    "accessibility": {
      "score": 0.7166095742031893,
      "detail": {
        "reachability_ratio": 1.0,
        "avg_path_length": 1.8,
        "path_variance": 0.72,
        "normalized": [
          1.0,
          0.39999999999999997,
          0.92
        ],
        "score": 0.7166095742031893
      }
    },
    "degree_variance": {
      "score": 0.0,
      "detail": {
        "raw_variance": 5.5555555555555545,
        "normalized_variance": 1.0,
        "score": 0.0,
        "degrees": [
          9,
          4,
          4
        ]
      }
    },
    "door_distribution": {
      "score": 0.45629128542984254,
      "detail": {
        "cv": 0.545892771828163,
        "avg_distance": 3.5978945005906016,
        "avg_entropy": 0.7458280619953891,
        "weights": [
          0.3333333333333333,
          0.3333333333333333,
          0.3333333333333333
        ],
        "normalized": [
          0.7270536140859185,
          0.1038190190053219,
          0.5380012231982871
        ],
        "score": 0.45629128542984254,
        "debug": {
          "count": 43
        }
      }
    },
    "dead_end_ratio": {
      "score": 0.33333333333333337,
      "detail": {
        "dead_end_ratio": 0.6666666666666666,
        "dead_end_count": 2,
        "total_rooms": 3,
        "dead_end_rooms": [
          "rect_22",
          "rect_11"
        ],
        "score": 0.33333333333333337
      }
    },
    "key_path_length": {
      "score": 0.6666666666666666,
      "detail": {
        "raw_length": 2,
        "diameter": 3,
        "normalized_length": 0.6666666666666666,
        "branch_factor": 0.0,
        "score": 0.6666666666666666,
        "path": [
          "rect_4",
          "rect_5",
          "rect_8"
        ]
      }
    },
    "loop_ratio": {
      "score": 0.76,
      "detail": {
        "total_rooms": 25,
        "total_edges": 43,
        "connected_components": 1,
        "cyclomatic_number": 19,
        "loop_ratio": 0.76,
        "algorithm": "Cyclomatic formula",
        "note": "Direct calculation using E - V + C formula",
        "score_breakdown": {
          "loop_ratio": 0.76,
          "final_score": 0.76
        }
      }
    },
    "path_diversity": {
      "score": 0.4453283547501035,
      "detail": {
        "avg_path_diversity": 0.22266417705381525,
        "std_path_diversity": 0.19488844654000617,
        "max_path_diversity": 0.49999999927865246,
        "min_path_diversity": 0.0,
        "total_pairs_analyzed": 29,
        "rounds_completed": 6,
        "detailed_analysis": {
          "round_0": {
            "pairs_analyzed": 4,
            "avg_diversity": 0.1615225154914375
          },
          "round_1": {
            "pairs_analyzed": 5,
            "avg_diversity": 0.337506758866013
          },
          "round_2": {
            "pairs_analyzed": 5,
            "avg_diversity": 0.2064099325835506
          },
          "round_3": {
            "pairs_analyzed": 3,
            "avg_diversity": 0.28569567736708223
          },
          "round_4": {
            "pairs_analyzed": 7,
            "avg_diversity": 0.21640140542228828
          },
          "round_5": {
            "pairs_analyzed": 5,
            "avg_diversity": 0.1439381490579621
          }
        },
        "adaptive_params": {
          "num_walks": 25,
          "max_walk_length": 4,
          "graph_diameter": 4,
          "avg_degree": 3.44,
          "total_nodes": 25,
          "total_edges": 43
        },
        "algorithm": "Adaptive_random_walk_sampling",
        "sampling_strategy": "Multi-round (6 rounds, 7 pairs/round)",
        "normalization": "Robust_with_predefined_bounds",
        "fusion_method": "Geometric_mean_of_normalized_metrics",
        "performance": {
          "time_taken": 0.0037779808044433594,
          "timeout": false
        }
      }
    },
    "treasure_monster_distribution": {
      "score": 0.5317717224349835,
      "detail": {
        "cv_treasure": 0.7071067811865476,
        "uniformity_treasure": 0.5,
        "score": 0.5317717224349835,
        "cv_monster": 0.7071067811865476,
        "uniformity_monster": 0.5,
        "avg_t2m_dist": 6.786208623015084,
        "proximity_score": 0.6015001082720509
      }
    },
    "aesthetic_balance": {
      "score": 0.7512585523362065,
      "detail": {
        "symmetry_ratio": 0.6666666666666666,
        "uniformity_area": 0.6741573033707866,
        "uniformity_spacing": 0.9434052798299906,
        "score": 0.7512585523362065
      }
    }
  },
  "category_scores": {
    "structural": 0.4846350784210485,
    "gameplay": 0.4575066975407015,
    "aesthetic": 0.7512585523362065
  },
  "overall_score": 0.5110644090681488,
  "grade": "C",
  "details": {
    "accessibility": {
      "reachability_ratio": 1.0,
      "avg_path_length": 1.8,
      "path_variance": 0.72,
      "normalized": [
        1.0,
        0.39999999999999997,
        0.92
      ],
      "score": 0.7166095742031893
    },
    "degree_variance": {
      "raw_variance": 5.5555555555555545,
      "normalized_variance": 1.0,
      "score": 0.0,
      "degrees": [
        9,
        4,
        4
      ]
    },
    "door_distribution": {
      "cv": 0.545892771828163,
      "avg_distance": 3.5978945005906016,
      "avg_entropy": 0.7458280619953891,
      "weights": [
        0.3333333333333333,
        0.3333333333333333,
        0.3333333333333333
      ],
      "normalized": [
        0.7270536140859185,
        0.1038190190053219,
        0.5380012231982871
      ],
      "score": 0.45629128542984254,
      "debug": {
        "count": 43
      }
    },
    "dead_end_ratio": {
      "dead_end_ratio": 0.6666666666666666,
      "dead_end_count": 2,
      "total_rooms": 3,
      "dead_end_rooms": [
        "rect_22",
        "rect_11"
      ],
      "score": 0.33333333333333337
    },
    "key_path_length": {
      "raw_length": 2,
      "diameter": 3,
      "normalized_length": 0.6666666666666666,
      "branch_factor": 0.0,
      "score": 0.6666666666666666,
      "path": [
        "rect_4",
        "rect_5",
        "rect_8"
      ]
    },
    "loop_ratio": {
      "total_rooms": 25,
      "total_edges": 43,
      "connected_components": 1,
      "cyclomatic_number": 19,
      "loop_ratio": 0.76,
      "algorithm": "Cyclomatic formula",
      "note": "Direct calculation using E - V + C formula",
      "score_breakdown": {
        "loop_ratio": 0.76,
        "final_score": 0.76
      }
    },
    "path_diversity": {
      "avg_path_diversity": 0.22266417705381525,
      "std_path_diversity": 0.19488844654000617,
      "max_path_diversity": 0.49999999927865246,
      "min_path_diversity": 0.0,
      "total_pairs_analyzed": 29,
      "rounds_completed": 6,
      "detailed_analysis": {
        "round_0": {
          "pairs_analyzed": 4,
          "avg_diversity": 0.1615225154914375
        },
        "round_1": {
          "pairs_analyzed": 5,
          "avg_diversity": 0.337506758866013
        },
        "round_2": {
          "pairs_analyzed": 5,
          "avg_diversity": 0.2064099325835506
        },
        "round_3": {
          "pairs_analyzed": 3,
          "avg_diversity": 0.28569567736708223
        },
        "round_4": {
          "pairs_analyzed": 7,
          "avg_diversity": 0.21640140542228828
        },
        "round_5": {
          "pairs_analyzed": 5,
          "avg_diversity": 0.1439381490579621
        }
      },
      "adaptive_params": {
        "num_walks": 25,
        "max_walk_length": 4,
        "graph_diameter": 4,
        "avg_degree": 3.44,
        "total_nodes": 25,
        "total_edges": 43
      },
      "algorithm": "Adaptive_random_walk_sampling",
      "sampling_strategy": "Multi-round (6 rounds, 7 pairs/round)",
      "normalization": "Robust_with_predefined_bounds",
      "fusion_method": "Geometric_mean_of_normalized_metrics",
      "performance": {
        "time_taken": 0.0037779808044433594,