{
  "scores": {
    "accessibility": {
      "score": 0.798390155571744,
      "detail": {
        "reachability_ratio": 1.0,
        "avg_path_length": 8.32876712328767,
        "path_variance": 17.11109026083693,
        "normalized": [
          1.0,
          0.5372907153729072,
          0.9471879930221082
        ],
        "score": 0.798390155571744
      }
    },
    "degree_variance": {
      "score": 0.7649382716049382,
      "detail": {
        "raw_variance": 4.76,
        "normalized_variance": 0.23506172839506173,
        "score": 0.7649382716049382,
        "degrees": [
          6,
          8,
          4,
          9,
          2,
          2,
          4,
          5,
          4,
          4
        ]
      }
    },
    "door_distribution": {
      "score": 0.4602301110472637,
      "detail": {
        "cv": 0.5294392853650861,
        "avg_distance": 2.4802857938542626,
        "avg_entropy": 0.8482165222910503,
        "weights": [
          0.3333333333333333,
          0.3333333333333333,
          0.3333333333333333
        ],
        "normalized": [
          0.7352803573174569,
          0.033551090669643624,
          0.6118588851546906
        ],
        "score": 0.4602301110472637,
        "debug": {
          "count": 301
        }
      }
    },
    "dead_end_ratio": {
      "score": 0.8,
      "detail": {
        "dead_end_ratio": 0.2,
        "dead_end_count": 2,
        "total_rooms": 10,
        "dead_end_rooms": [
          "rect_68",
          "rect_137"
        ],
        "score": 0.8
      }
    },
    "key_path_length": {
      "score": 0.8888888888888888,
      "detail": {
        "raw_length": 16,
        "diameter": 18,
        "normalized_length": 0.8888888888888888,
        "branch_factor": 0.0,
        "score": 0.8888888888888888,
        "path": [
          "rect_0",
          "rect_2",
          "rect_6",
          "rect_9",
          "rect_12",
          "rect_18",
          "rect_48",
          "rect_42",
          "rect_47",
          "rect_53",
          "rect_55",
          "rect_57",
          "rect_60",
          "rect_62",
          "rect_64",
          "rect_65",
          "rect_66"
        ]
      }
    },
    "loop_ratio": {
      "score": 0.5171165965869086,
      "detail": {
        "total_rooms": 146,
        "total_edges": 301,
        "connected_components": 1,
        "cyclomatic_number": 156,
        "loop_ratio": 1.0684931506849316,
        "sigmoid_loop_ratio": 0.5171165965869086,
        "algorithm": "Cyclomatic formula + Sigmoid normalization",
        "note": "Direct calculation using E - V + C formula, then sigmoid mapping to [0,1]",
        "score_breakdown": {
          "raw_loop_ratio": 1.0684931506849316,
          "sigmoid_loop_ratio": 0.5171165965869086,
          "final_score": 0.5171165965869086
        }
      }
    },
    "path_diversity": {
      "score": 0.47336340125633114,
      "detail": {
        "avg_path_diversity": 0.4156405287088496,
        "std_path_diversity": 0.19828440947492534,
        "max_path_diversity": 0.8780580154818011,
        "min_path_diversity": 0.0,
        "total_pairs_analyzed": 211,
        "rounds_completed": 22,
        "detailed_analysis": {
          "round_0": {
            "pairs_analyzed": 9,
            "avg_diversity": 0.32093796037256683
          },
          "round_1": {
            "pairs_analyzed": 10,
            "avg_diversity": 0.3993519047568946
          },
          "round_2": {
            "pairs_analyzed": 9,
            "avg_diversity": 0.31342298484319614
          },
          "round_3": {
            "pairs_analyzed": 7,
            "avg_diversity": 0.4630078865566409
          },
          "round_4": {
            "pairs_analyzed": 11,
            "avg_diversity": 0.399946857054535
          },
          "round_5": {
            "pairs_analyzed": 11,
            "avg_diversity": 0.3999566704828881
          },
          "round_6": {
            "pairs_analyzed": 9,
            "avg_diversity": 0.3927823591633347
          },
          "round_7": {
            "pairs_analyzed": 9,
            "avg_diversity": 0.4493530281413489
          },
          "round_8": {
            "pairs_analyzed": 9,
            "avg_diversity": 0.32974197251498566
          },
          "round_9": {
            "pairs_analyzed": 9,
            "avg_diversity": 0.4093254561433126
          },
          "round_10": {
            "pairs_analyzed": 10,
            "avg_diversity": 0.48579052204677853
          },
          "round_11": {
            "pairs_analyzed": 8,
            "avg_diversity": 0.42390555569879174
          },
          "round_12": {
            "pairs_analyzed": 10,
            "avg_diversity": 0.514395239376785
          },
          "round_13": {
            "pairs_analyzed": 11,
            "avg_diversity": 0.46689459677981215
          },
          "round_14": {
            "pairs_analyzed": 8,
            "avg_diversity": 0.550639622416411
          },
          "round_15": {
            "pairs_analyzed": 8,
            "avg_diversity": 0.4068061416775489
          },
          "round_16": {
            "pairs_analyzed": 11,
            "avg_diversity": 0.3796917125110001
          },
          "round_17": {
            "pairs_analyzed": 11,
            "avg_diversity": 0.35010654799224183
          },
          "round_18": {
            "pairs_analyzed": 8,
            "avg_diversity": 0.4023697321848806
          },
          "round_19": {
            "pairs_analyzed": 11,
            "avg_diversity": 0.4419204220102993
          },
          "round_20": {
            "pairs_analyzed": 10,
            "avg_diversity": 0.3634028515821155
          },
          "round_21": {
            "pairs_analyzed": 12,
            "avg_diversity": 0.4830136693730616
          }
        },
        "adaptive_params": {
          "num_walks": 146,
          "max_walk_length": 22,
          "graph_diameter": 22,
          "avg_degree": 4.123287671232877,
          "total_nodes": 146,
          "total_edges": 301
        },
        "algorithm": "Adaptive_random_walk_sampling",
        "sampling_strategy": "Multi-round (22 rounds, 13 pairs/round)",
        "normalization": "Robust_with_predefined_bounds",
        "fusion_method": "Geometric_mean_of_normalized_metrics",
        "performance": {
          "time_taken": 0.5414412021636963,
          "timeout": false
        }
      }
    },
    "treasure_monster_distribution": {
      "score": 3.530705778191892e-06,
      "detail": {
        "cv_treasure": 1.2247448713915892,
        "uniformity_treasure": 0.5917517095361369,
        "score": 3.530705778191892e-06,
        "cv_monster": 2.9999999999999996,
        "uniformity_monster": 1.1102230246251565e-16,
        "avg_t2m_dist": 20.68883765782907,
        "proximity_score": 0.6699383416649586
      }
    },
    "aesthetic_balance": {
      "score": 0.9185103475303271,
      "detail": {
        "symmetry_ratio": 0.0,
        "uniformity_area": 0.8436612585202823,
        "uniformity_spacing": 1.0,
        "score": 0.9185103475303271
      }
    }
  },
  "category_scores": {
    "structural": 0.6718467749937249,
    "gameplay": 3.530705778191892e-06,
    "aesthetic": 0.9185103475303271
  },
  "overall_score": 0.5301202177432767,
  "grade": "C",
  "details": {
    "accessibility": {
      "reachability_ratio": 1.0,
      "avg_path_length": 8.32876712328767,
      "path_variance": 17.11109026083693,
      "normalized": [
        1.0,
        0.5372907153729072,
        0.9471879930221082
      ],
      "score": 0.798390155571744
    },
    "degree_variance": {
      "raw_variance": 4.76,
      "normalized_variance": 0.23506172839506173,
      "score": 0.7649382716049382,
      "degrees": [
        6,
        8,
        4,
        9,
        2,
        2,
        4,
        5,
        4,
        4
      ]
    },
    "door_distribution": {
      "cv": 0.5294392853650861,
      "avg_distance": 2.4802857938542626,