{
  "scores": {
    "accessibility": {
      "score": 0.7419100792117153,
      "detail": {
        "reachability_ratio": 1.0,
        "avg_path_length": 4.510204081632653,
        "path_variance": 4.086630570595585,
        "normalized": [
          1.0,
          0.4362244897959183,
          0.9361463973344439
        ],
        "score": 0.7419100792117153
      }
    },
    "degree_variance": {
      "score": 0.0,
      "detail": {
        "raw_variance": 4.16,
        "normalized_variance": 1.0,
        "score": 0.0,
        "degrees": [
          3,
          2,
          7,
          7,
          5
        ]
      }
    },
    "door_distribution": {
      "score": 0.4732132008278741,
      "detail": {
        "cv": 0.5384615384615384,
        "avg_distance": 2.590394722393527,
        "avg_entropy": 0.8615058244086059,
        "weights": [
          0.3333333333333333,
          0.3333333333333333,
          0.3333333333333333
        ],
        "normalized": [
          0.7307692307692308,
          0.06742528142876475,
          0.6214450902856269
        ],
        "score": 0.4732132008278741,
        "debug": {
          "count": 91
        }
      }
    },
    "dead_end_ratio": {
      "score": 0.6,
      "detail": {
        "dead_end_ratio": 0.4,
        "dead_end_count": 2,
        "total_rooms": 5,
        "dead_end_rooms": [
          "rect_42",
          "rect_21"
        ],
        "score": 0.6
      }
    },
    "key_path_length": {
      "score": 0.875,
      "detail": {
        "raw_length": 7,
        "diameter": 8,
        "normalized_length": 0.875,
        "branch_factor": 0.0,
        "score": 0.875,
        "path": [
          "rect_0",
          "rect_1",
          "rect_3",
          "rect_7",
          "rect_8",
          "rect_9",
          "rect_12",
          "rect_19"
        ]
      }
    },
    "loop_ratio": {
      "score": 0.8775510204081632,
      "detail": {
        "total_rooms": 49,
        "total_edges": 91,
        "connected_components": 1,
        "cyclomatic_number": 43,
        "loop_ratio": 0.8775510204081632,
        "algorithm": "Cyclomatic formula",
        "note": "Direct calculation using E - V + C formula",
        "score_breakdown": {
          "loop_ratio": 0.8775510204081632,
          "final_score": 0.8775510204081632
        }
      }
    },
    "path_diversity": {
      "score": 0.5490091787342337,
      "detail": {
        "avg_path_diversity": 0.3783533093862794,
        "std_path_diversity": 0.22872453673937868,
        "max_path_diversity": 0.6891566189450432,
        "min_path_diversity": 0.0,
        "total_pairs_analyzed": 61,
        "rounds_completed": 8,
        "detailed_analysis": {
          "round_0": {
            "pairs_analyzed": 8,
            "avg_diversity": 0.2720915155464215
          },
          "round_1": {
            "pairs_analyzed": 9,
            "avg_diversity": 0.2987941995419497
          },
          "round_2": {
            "pairs_analyzed": 7,
            "avg_diversity": 0.29821721693711484
          },
          "round_3": {
            "pairs_analyzed": 7,
            "avg_diversity": 0.33784671799844623
          },
          "round_4": {
            "pairs_analyzed": 7,
            "avg_diversity": 0.47760023645245325
          },
          "round_5": {
            "pairs_analyzed": 6,
            "avg_diversity": 0.5076615126539864
          },
          "round_6": {
            "pairs_analyzed": 7,
            "avg_diversity": 0.4422028515159949
          },
          "round_7": {
            "pairs_analyzed": 10,
            "avg_diversity": 0.427663371606214
          }
        },
        "adaptive_params": {
          "num_walks": 49,
          "max_walk_length": 8,
          "graph_diameter": 8,
          "avg_degree": 3.7142857142857144,
          "total_nodes": 49,
          "total_edges": 91
        },
        "algorithm": "Adaptive_random_walk_sampling",
        "sampling_strategy": "Multi-round (8 rounds, 11 pairs/round)",
        "normalization": "Robust_with_predefined_bounds",
        "fusion_method": "Geometric_mean_of_normalized_metrics",
        "performance": {
          "time_taken": 0.023440837860107422,
          "timeout": false
        }
      }
    },
    "treasure_monster_distribution": {
      "score": 0.5917517095361369,
      "detail": {
        "cv_treasure": 0.8164965809277261,
        "uniformity_treasure": 0.5917517095361369,
        "score": 0.5917517095361369,
        "cv_monster": 0.0,
        "uniformity_monster": 0.0,
        "avg_t2m_dist": 0.0,
        "proximity_score": 0.0,
        "note": "Only treasure distribution evaluated (no monsters found)"
      }
    },
    "aesthetic_balance": {
      "score": 0.878515595589734,
      "detail": {
        "symmetry_ratio": 0.0,
        "uniformity_area": 0.8581608545031864,
        "uniformity_spacing": 0.8993531313441184,
        "score": 0.878515595589734
      }
    }
  },
  "category_scores": {
    "structural": 0.5149373731674325,
    "gameplay": 0.5763043553081483,
    "aesthetic": 0.8785155955897339
  },
  "overall_score": 0.6001575976011356,
  "grade": "B",
  "details": {
    "accessibility": {
      "reachability_ratio": 1.0,
      "avg_path_length": 4.510204081632653,
      "path_variance": 4.086630570595585,
      "normalized": [
        1.0,
        0.4362244897959183,
        0.9361463973344439
      ],
      "score": 0.7419100792117153
    },
    "degree_variance": {
      "raw_variance": 4.16,
      "normalized_variance": 1.0,
      "score": 0.0,
      "degrees": [
        3,
        2,
        7,
        7,
        5
      ]
    },
    "door_distribution": {
      "cv": 0.5384615384615384,
      "avg_distance": 2.590394722393527,
      "avg_entropy": 0.8615058244086059,
      "weights": [
        0.3333333333333333,
        0.3333333333333333,
        0.3333333333333333
      ],
      "normalized": [
        0.7307692307692308,
        0.06742528142876475,
        0.6214450902856269
      ],
      "score": 0.4732132008278741,
      "debug": {
        "count": 91
      }
    },
    "dead_end_ratio": {
      "dead_end_ratio": 0.4,
      "dead_end_count": 2,
      "total_rooms": 5,
      "dead_end_rooms": [
        "rect_42",
        "rect_21"
      ],
      "score": 0.6
    },
    "key_path_length": {
      "raw_length": 7,
      "diameter": 8,
      "normalized_length": 0.875,
      "branch_factor": 0.0,
      "score": 0.875,
      "path": [
        "rect_0",
        "rect_1",
        "rect_3",
        "rect_7",
        "rect_8",
        "rect_9",
        "rect_12",
        "rect_19"
      ]
    },
    "loop_ratio": {
      "total_rooms": 49,
      "total_edges": 91,
      "connected_components": 1,
      "cyclomatic_number": 43,
      "loop_ratio": 0.8775510204081632,
      "algorithm": "Cyclomatic formula",
      "note": "Direct calculation using E - V + C formula",
      "score_breakdown": {
        "loop_ratio": 0.8775510204081632,
        "final_score": 0.8775510204081632
      }
    },
    "path_diversity": {
      "avg_path_diversity": 0.3783533093862794,
      "std_path_diversity": 0.22872453673937868,
      "max_path_diversity": 0.6891566189450432,
      "min_path_diversity": 0.0,
      "total_pairs_analyzed": 61,
      "rounds_completed": 8,
      "detailed_analysis": {
        "round_0": {
          "pairs_analyzed": 8,
          "avg_diversity": 0.2720915155464215
        },
        "round_1": {
          "pairs_analyzed": 9,
          "avg_diversity": 0.2987941995419497
        },
        "round_2": {
          "pairs_analyzed": 7,
          "avg_diversity": 0.29821721693711484
        },
        "round_3": {
          "pairs_analyzed": 7,
          "avg_diversity": 0.33784671799844623
        },
        "round_4": {
          "pairs_analyzed": 7,
          "avg_diversity": 0.47760023645245325
        },
        "round_5": {
          "pairs_analyzed": 6,
          "avg_diversity": 0.5076615126539864
        },