{
  "scores": {
    "accessibility": {
      "score": 0.7891180262485014,
      "detail": {
        "reachability_ratio": 1.0,
        "avg_path_length": 4.320754716981132,
        "path_variance": 4.4442862228551085,
        "normalized": [
          1.0,
          0.519916142557652,
          0.9451322688536407
        ],
        "score": 0.7891180262485014
      }
    },
    "degree_variance": {
      "score": 0.1353352832366127,
      "detail": {
        "raw_variance": 4.8,
        "normalized_variance": 1.0,
        "score": 0.1353352832366127,
        "degrees": [
          4,
          4,
          8,
          2,
          2
        ],
        "max_variance": 4.8,
        "room_count": 5,
        "mean_degree": 4.0
      }
    },
    "door_distribution": {
      "score": 0.4930333276652627,
      "detail": {
        "cv": 0.48769740256653266,
        "avg_distance": 2.558541057766367,
        "avg_entropy": 0.7469860119302106,
        "weights": [
          0.3333333333333333,
          0.3333333333333333,
          0.3333333333333333
        ],
        "normalized": [
          0.7561512987167337,
          0.18411217676648509,
          0.5388365075125695
        ],
        "score": 0.4930333276652627,
        "debug": {
          "count": 89
        }
      }
    },
    "dead_end_ratio": {
      "score": 0.6,
      "detail": {
        "dead_end_ratio": 0.4,
        "dead_end_count": 2,
        "total_rooms": 5,
        "dead_end_rooms": [
          "rect_25",
          "rect_50"
        ],
        "score": 0.6
      }
    },
    "key_path_length": {
      "score": 0.2764530466295643,
      "detail": {
        "raw_length": 9,
        "diameter": 14,
        "normalized_length": 0.6428571428571429,
        "score": 0.2764530466295643,
        "path": [
          "rect_8",
          "rect_10",
          "rect_18",
          "rect_16",
          "rect_14",
          "rect_19",
          "rect_20",
          "rect_22",
          "rect_24",
          "rect_50"
        ],
        "center_node": "rect_8",
        "periphery_node": "rect_50",
        "center_eccentricity": 9,
        "graph_radius": 9,
        "fallback_method": "center_path",
        "note": "Used center path fallback due to unidentifiable entrance/exit"
      }
    },
    "loop_ratio": {
      "score": 0.7303160002192939,
      "detail": {
        "total_rooms": 53,
        "total_edges": 89,
        "connected_components": 1,
        "cyclomatic_number": 37,
        "loop_ratio": 0.6981132075471698,
        "sigmoid_loop_ratio": 0.7303160002192939,
        "algorithm": "Cyclomatic formula + Sigmoid normalization",
        "note": "Direct calculation using E - V + C formula, then sigmoid mapping to [0,1]",
        "score_breakdown": {
          "raw_loop_ratio": 0.6981132075471698,
          "sigmoid_loop_ratio": 0.7303160002192939,
          "final_score": 0.7303160002192939
        }
      }
    },
    "path_diversity": {
      "score": 0.3715280688073114,
      "detail": {
        "avg_path_diversity": 0.28678590232591067,
        "std_path_diversity": 0.25674367962692796,
        "max_path_diversity": 0.7719091137489501,
        "min_path_diversity": 0.0,
        "total_pairs_analyzed": 44,
        "rounds_completed": 13,
        "detailed_analysis": {
          "round_0": {
            "pairs_analyzed": 3,
            "avg_diversity": 0.3645631292429903
          },
          "round_1": {
            "pairs_analyzed": 5,
            "avg_diversity": 0.16817563124915008
          },
          "round_2": {
            "pairs_analyzed": 2,
            "avg_diversity": 0.366043284058713
          },
          "round_3": {
            "pairs_analyzed": 4,
            "avg_diversity": 0.3226192311442678
          },
          "round_4": {
            "pairs_analyzed": 3,
            "avg_diversity": 0.3120737126979299
          },
          "round_5": {
            "pairs_analyzed": 4,
            "avg_diversity": 0.24183681636135337
          },
          "round_6": {
            "pairs_analyzed": 3,
            "avg_diversity": 0.21825335729769893
          },
          "round_7": {
            "pairs_analyzed": 3,
            "avg_diversity": 0.3726246518691572
          },
          "round_8": {
            "pairs_analyzed": 3,
            "avg_diversity": 0.15940792887640529
          },
          "round_9": {
            "pairs_analyzed": 4,
            "avg_diversity": 0.18993899037177875
          },
          "round_10": {
            "pairs_analyzed": 4,
            "avg_diversity": 0.3164021161614192
          },
          "round_11": {
            "pairs_analyzed": 4,
            "avg_diversity": 0.359940593343438
          },
          "round_12": {
            "pairs_analyzed": 2,
            "avg_diversity": 0.5209478242476606
          }
        },
        "adaptive_params": {
          "num_walks": 53,
          "max_walk_length": 12,
          "graph_diameter": 12,
          "avg_degree": 3.358490566037736,
          "total_nodes": 53,
          "total_edges": 89
        },
        "algorithm": "Adaptive_random_walk_sampling",
        "sampling_strategy": "Multi-round (13 rounds, 5 pairs/round)",
        "normalization": "Robust_with_predefined_bounds",
        "fusion_method": "Geometric_mean_of_normalized_metrics",
        "performance": {
          "time_taken": 0.0342869758605957,
          "timeout": false
        }
      }
    },
    "treasure_monster_distribution": {
      "score": 0.4714664358659552,
      "detail": {
        "cv_treasure": 1.2247448713915892,
        "uniformity_treasure": 0.3876275643042054,
        "score": 0.4714664358659552,
        "cv_monster": 2.0,
        "uniformity_monster": 0.0,
        "avg_t2m_dist": 16.657755951000034,
        "proximity_score": 0.573438580270065
      }
    },
    "geometric_balance": {
      "score": 0.5215498423659635,
      "detail": {
        "symmetry_ratio": 0.2,
        "uniformity_area": 0.8479766099867816,
        "uniformity_spacing": 0.8365147181945303,
        "score": 0.5215498423659635
      }
    }
  },
  "category_scores": {
    "structural": 0.4851119646866495,
    "gameplay": 0.4714664358659552,
    "aesthetic": 0.5215498423659635
  },
  "overall_score": 0.4927094143061893,
  "grade": "D",
  "details": {
    "accessibility": {
      "reachability_ratio": 1.0,
      "avg_path_length": 4.320754716981132,
      "path_variance": 4.4442862228551085,
      "normalized": [
        1.0,
        0.519916142557652,
        0.9451322688536407
      ],
      "score": 0.7891180262485014
    },
    "degree_variance": {
      "raw_variance": 4.8,
      "normalized_variance": 1.0,
      "score": 0.1353352832366127,
      "degrees": [
        4,
        4,
        8,
        2,
        2
      ],
      "max_variance": 4.8,
      "room_count": 5,
      "mean_degree": 4.0
    },
    "door_distribution": {
      "cv": 0.48769740256653266,
      "avg_distance": 2.558541057766367,
      "avg_entropy": 0.7469860119302106,
      "weights": [
        0.3333333333333333,
        0.3333333333333333,
        0.3333333333333333
      ],
      "normalized": [
        0.7561512987167337,
        0.18411217676648509,
        0.5388365075125695
      ],
      "score": 0.4930333276652627,
      "debug": {
        "count": 89
      }
    },
    "dead_end_ratio": {
      "dead_end_ratio": 0.4,
      "dead_end_count": 2,
      "total_rooms": 5,
      "dead_end_rooms": [
        "rect_25",
        "rect_50"
      ],
      "score": 0.6
    },
    "key_path_length": {
      "raw_length": 9,
      "diameter": 14,
      "normalized_length": 0.6428571428571429,
      "score": 0.2764530466295643,
      "path": [
        "rect_8",
        "rect_10",
        "rect_18",
        "rect_16",
        "rect_14",
        "rect_19",
        "rect_20",
        "rect_22",
        "rect_24",
        "rect_50"
      ],
      "center_node": "rect_8",
      "periphery_node": "rect_50",
      "center_eccentricity": 9,
      "graph_radius": 9,