{
  "scores": {
    "accessibility": {
      "score": 0.7419100792117153,
      "detail": {
        "reachability_ratio": 1.0,
        "avg_path_length": 4.510204081632653,
        "path_variance": 4.086630570595585,
        "normalized": [
          1.0,
          0.4362244897959183,
          0.9361463973344439
        ],
        "score": 0.7419100792117153
      }
    },
    "degree_variance": {
      "score": 0.1353352832366127,
      "detail": {
        "raw_variance": 4.16,
        "normalized_variance": 1.0,
        "score": 0.1353352832366127,
        "degrees": [
          3,
          2,
          7,
          7,
          5
        ],
        "max_variance": 4.16,
        "room_count": 5,
        "mean_degree": 4.8
      }
    },
    "door_distribution": {
      "score": 0.5344859930870792,
      "detail": {
        "cv": 0.5384615384615384,
        "avg_distance": 2.590394722393527,
        "avg_entropy": 0.8615058244086059,
        "weights": [
          0.3333333333333333,
          0.3333333333333333,
          0.3333333333333333
        ],
        "normalized": [
          0.7307692307692308,
          0.25124365820638006,
          0.6214450902856269
        ],
        "score": 0.5344859930870792,
        "debug": {
          "count": 91
        }
      }
    },
    "dead_end_ratio": {
      "score": 0.6,
      "detail": {
        "dead_end_ratio": 0.4,
        "dead_end_count": 2,
        "total_rooms": 5,
        "dead_end_rooms": [
          "rect_42",
          "rect_21"
        ],
        "score": 0.6
      }
    },
    "key_path_length": {
      "score": 0.26359713811572677,
      "detail": {
        "raw_length": 6,
        "diameter": 9,
        "normalized_length": 0.6666666666666666,
        "score": 0.26359713811572677,
        "path": [
          "rect_13",
          "rect_10",
          "rect_8",
          "rect_9",
          "rect_11",
          "rect_16",
          "rect_40"
        ],
        "center_node": "rect_13",
        "periphery_node": "rect_40",
        "center_eccentricity": 6,
        "graph_radius": 6,
        "fallback_method": "center_path",
        "note": "Used center path fallback due to unidentifiable entrance/exit"
      }
    },
    "loop_ratio": {
      "score": 0.7949624977709246,
      "detail": {
        "total_rooms": 49,
        "total_edges": 91,
        "connected_components": 1,
        "cyclomatic_number": 43,
        "loop_ratio": 0.8775510204081632,
        "sigmoid_loop_ratio": 0.7949624977709246,
        "algorithm": "Cyclomatic formula + Sigmoid normalization",
        "note": "Direct calculation using E - V + C formula, then sigmoid mapping to [0,1]",
        "score_breakdown": {
          "raw_loop_ratio": 0.8775510204081632,
          "sigmoid_loop_ratio": 0.7949624977709246,
          "final_score": 0.7949624977709246
        }
      }
    },
    "path_diversity": {
      "score": 0.5307865757095892,
      "detail": {
        "avg_path_diversity": 0.37389974108937496,
        "std_path_diversity": 0.1984100572146586,
        "max_path_diversity": 0.7044257677193927,
        "min_path_diversity": 0.0,
        "total_pairs_analyzed": 47,
        "rounds_completed": 8,
        "detailed_analysis": {
          "round_0": {
            "pairs_analyzed": 5,
            "avg_diversity": 0.3113987669814885
          },
          "round_1": {
            "pairs_analyzed": 5,
            "avg_diversity": 0.3965031174007357
          },
          "round_2": {
            "pairs_analyzed": 7,
            "avg_diversity": 0.2894418641172879
          },
          "round_3": {
            "pairs_analyzed": 5,
            "avg_diversity": 0.30078430942560236
          },
          "round_4": {
            "pairs_analyzed": 7,
            "avg_diversity": 0.3481543828420711
          },
          "round_5": {
            "pairs_analyzed": 6,
            "avg_diversity": 0.4320478269363203
          },
          "round_6": {
            "pairs_analyzed": 4,
            "avg_diversity": 0.48002849489659405
          },
          "round_7": {
            "pairs_analyzed": 8,
            "avg_diversity": 0.44428527403020995
          }
        },
        "adaptive_params": {
          "num_walks": 49,
          "max_walk_length": 8,
          "graph_diameter": 8,
          "avg_degree": 3.7142857142857144,
          "total_nodes": 49,
          "total_edges": 91
        },
        "algorithm": "Adaptive_random_walk_sampling",
        "sampling_strategy": "Multi-round (8 rounds, 8 pairs/round)",
        "normalization": "Robust_with_predefined_bounds",
        "fusion_method": "Geometric_mean_of_normalized_metrics",
        "performance": {
          "time_taken": 0.021394968032836914,
          "timeout": false
        }
      }
    },
    "treasure_monster_distribution": {
      "score": 0.5917517095361369,
      "detail": {
        "cv_treasure": 0.8164965809277261,
        "uniformity_treasure": 0.5917517095361369,
        "score": 0.5917517095361369,
        "cv_monster": 0.0,
        "uniformity_monster": 0.0,
        "avg_t2m_dist": 0.0,
        "proximity_score": 0.0,
        "note": "Only treasure distribution evaluated (no monsters found)"
      }
    },
    "geometric_balance": {
      "score": 0.878515595589734,
      "detail": {
        "symmetry_ratio": 0.0,
        "uniformity_area": 0.8581608545031864,
        "uniformity_spacing": 0.8993531313441184,
        "score": 0.878515595589734
      }
    }
  },
  "category_scores": {
    "structural": 0.5144396524473783,
    "gameplay": 0.5917517095361369,
    "aesthetic": 0.878515595589734
  },
  "overall_score": 0.6615689858577497,
  "grade": "B",
  "details": {
    "accessibility": {
      "reachability_ratio": 1.0,
      "avg_path_length": 4.510204081632653,
      "path_variance": 4.086630570595585,
      "normalized": [
        1.0,
        0.4362244897959183,
        0.9361463973344439
      ],
      "score": 0.7419100792117153
    },
    "degree_variance": {
      "raw_variance": 4.16,
      "normalized_variance": 1.0,
      "score": 0.1353352832366127,
      "degrees": [
        3,
        2,
        7,
        7,
        5
      ],
      "max_variance": 4.16,
      "room_count": 5,
      "mean_degree": 4.8
    },
    "door_distribution": {
      "cv": 0.5384615384615384,
      "avg_distance": 2.590394722393527,
      "avg_entropy": 0.8615058244086059,
      "weights": [
        0.3333333333333333,
        0.3333333333333333,
        0.3333333333333333
      ],
      "normalized": [
        0.7307692307692308,
        0.25124365820638006,
        0.6214450902856269
      ],
      "score": 0.5344859930870792,
      "debug": {
        "count": 91
      }
    },
    "dead_end_ratio": {
      "dead_end_ratio": 0.4,
      "dead_end_count": 2,
      "total_rooms": 5,
      "dead_end_rooms": [
        "rect_42",
        "rect_21"
      ],
      "score": 0.6
    },
    "key_path_length": {
      "raw_length": 6,
      "diameter": 9,
      "normalized_length": 0.6666666666666666,
      "score": 0.26359713811572677,
      "path": [
        "rect_13",
        "rect_10",
        "rect_8",
        "rect_9",
        "rect_11",
        "rect_16",
        "rect_40"
      ],
      "center_node": "rect_13",
      "periphery_node": "rect_40",
      "center_eccentricity": 6,
      "graph_radius": 6,
      "fallback_method": "center_path",
      "note": "Used center path fallback due to unidentifiable entrance/exit"
    },
    "loop_ratio": {
      "total_rooms": 49,
      "total_edges": 91,
      "connected_components": 1,
      "cyclomatic_number": 43,
      "loop_ratio": 0.8775510204081632,
      "sigmoid_loop_ratio": 0.7949624977709246,
      "algorithm": "Cyclomatic formula + Sigmoid normalization",
      "note": "Direct calculation using E - V + C formula, then sigmoid mapping to [0,1]",
      "score_breakdown": {
        "raw_loop_ratio": 0.8775510204081632,
        "sigmoid_loop_ratio": 0.7949624977709246,