{
  "scores": {
    "accessibility": {
      "score": 0.5300925925925926,
      "detail": {
        "avg_accessibility": 0.19722222222222222,
        "complexity_factor": 1.0,
        "detail": [
          0.2833333333333333,
          0.2833333333333333,
          0.06666666666666667,
          0.25,
          0.11666666666666667,
          0.2833333333333333,
          0.2833333333333333,
          0.2833333333333333,
          0.2833333333333333,
          0.06666666666666667,
          0.25,
          0.25,
          0.25,
          0.18333333333333332,
          0.18333333333333332,
          0.18333333333333332,
          0.18333333333333332,
          0.016666666666666666,
          0.03333333333333333,
          0.18333333333333332,
          0.25,
          0.11666666666666667,
          0.03333333333333333,
          0.11666666666666667,
          0.016666666666666666,
          0.25,
          0.11666666666666667,
          0.2833333333333333,
          0.2833333333333333,
          0.2833333333333333,
          0.2833333333333333,
          0.2833333333333333,
          0.2833333333333333,
          0.06666666666666667,
          0.2833333333333333,
          0.2833333333333333,
          0.06666666666666667,
          0.25,
          0.25,
          0.18333333333333332,
          0.18333333333333332,
          0.18333333333333332,
          0.18333333333333332,
          0.03333333333333333,
          0.18333333333333332,
          0.25,
          0.18333333333333332,
          0.25,
          0.25,
          0.11666666666666667,
          0.03333333333333333,
          0.25,
          0.11666666666666667,
          0.11666666666666667,
          0.25,
          0.2833333333333333,
          0.25,
          0.2833333333333333,
          0.2833333333333333,
          0.25
        ]
      }
    },
    "degree_variance": {
      "score": 0.8180208038243204,
      "detail": {
        "degree_variance": 2.288888888888889,
        "mean_degree": 2.3333333333333335,
        "complexity_factor": 0.8333333333333334,
        "degrees": [
          4,
          4,
          2,
          8,
          4,
          5,
          6,
          4,
          4,
          2,
          2,
          1,
          4,
          1,
          2,
          2,
          3,
          0,
          1,
          2,
          3,
          1,
          1,
          3,
          0,
          2,
          3,
          1,
          2,
          1,
          2,
          3,
          4,
          1,
          1,
          2,
          1,
          3,
          2,
          3,
          4,
          4,
          2,
          1,
          3,
          1,
          2,
          1,
          1,
          3,
          1,
          1,
          5,
          3,
          2,
          1,
          1,
          1,
          1,
          2
        ]
      }
    },
    "door_distribution": {
      "score": 0.4353448275862068,
      "detail": {
        "door_variance": 2.173602853745541,
        "mean_doors": 2.413793103448276,
        "door_counts": [
          5,
          2,
          4,
          1,
          2,
          6,
          3,
          4,
          4,
          1,
          2,
          1,
          4,
          2,
          2,
          1,
          3,
          1,
          2,
          4,
          3,
          1,
          2,
          4,
          2,
          4,
          2,
          3,
          1,
          1,
          3,
          1,
          3,
          2,
          2,
          1,
          8,
          1,
          3,
          1,
          1,
          1,
          1,
          5,
          3,
          3,
          3,
          2,
          2,
          1,
          1,
          2,
          1,
          1,
          4,
          2,
          4,
          1
        ],
        "room_count": 5,
        "door_ratio": 0.48275862068965514,
        "complexity_factor": 0.8333333333333334
      }
    },
    "dead_end_ratio": {
      "score": 0.7241379310344827,
      "detail": {
        "dead_end_count": 20,
        "dead_end_ratio": 0.3448275862068966,
        "dead_end_rooms": [
          "rect_19",
          "rect_56",
          "rect_43",
          "rect_16",
          "rect_8",
          "rect_27",
          "rect_57",
          "rect_20",
          "rect_11",
          "rect_36",
          "rect_48",
          "rect_45",
          "rect_58",
          "rect_33",
          "rect_55",
          "rect_47",
          "rect_29",
          "rect_51",
          "rect_50",
          "rect_34"
        ],
        "total_rooms": 58,
        "all_rooms": [
          "rect_19",
          "rect_56",
          "rect_43",
          "rect_0",
          "rect_17",
          "rect_16",
          "rect_8",
          "rect_3",
          "rect_27",
          "rect_57",
          "rect_10",
          "rect_31",
          "rect_20",
          "rect_25",
          "rect_28",
          "rect_49",
          "rect_11",
          "rect_38",
          "rect_36",
          "rect_44",
          "rect_37",
          "rect_2",
          "rect_30",
          "rect_22",
          "rect_48",
          "rect_14",
          "rect_13",
          "rect_21",
          "rect_4",
          "rect_45",
          "rect_32",
          "rect_58",
          "rect_52",
          "rect_33",
          "rect_53",
          "rect_6",
          "rect_40",
          "rect_55",
          "rect_35",
          "rect_24",
          "rect_5",
          "rect_7",
          "rect_18",
          "rect_9",
          "rect_46",
          "rect_12",
          "rect_42",
          "rect_47",
          "rect_29",
          "rect_51",
          "rect_54",
          "rect_50",
          "rect_41",
          "rect_26",
          "rect_1",
          "rect_34",
          "rect_59",
          "rect_39"
        ]
      }
    },
    "key_path_length": {
      "score": 0.0,
      "detail": {
        "key_path_length": null,
        "entrance": "rect_9",
        "exit": "rect_26"
      }
    },
    "loop_ratio": {
      "score": 0.9957811532713912,
      "detail": {
        "loop_ratio": 0.3275862068965517,
        "loop_count": 19,
        "total_nodes": 58,