{
  "scores": {
    "accessibility": {
      "score": 0.8019617189747031,
      "detail": {
        "reachability_ratio": 1.0,
        "avg_path_length": 4.36,
        "path_variance": 8.5504,
        "normalized": [
          1.0,
          0.564,
          0.914496
        ],
        "score": 0.8019617189747031
      }
    },
    "degree_variance": {
      "score": 1.0,
      "detail": {
        "raw_variance": 0.0,
        "normalized_variance": 0.0,
        "score": 1.0,
        "degrees": [
          4,
          4,
          4,
          4
        ],
        "max_variance": 2.25,
        "room_count": 4,
        "mean_degree": 4.0
      }
    },
    "door_distribution": {
      "score": 0.5015419444019489,
      "detail": {
        "cv": 0.29122606901539866,
        "avg_distance": 2.756267977930154,
        "avg_entropy": 0.709015824348106,
        "weights": [
          0.3333333333333333,
          0.3333333333333333,
          0.3333333333333333
        ],
        "normalized": [
          0.8543869654923006,
          0.13879206086413945,
          0.5114468068494065
        ],
        "score": 0.5015419444019489,
        "debug": {
          "count": 39
        }
      }
    },
    "dead_end_ratio": {
      "score": 0.75,
      "detail": {
        "dead_end_ratio": 0.25,
        "dead_end_count": 1,
        "total_rooms": 4,
        "dead_end_rooms": [
          "rect_24"
        ],
        "score": 0.75
      }
    },
    "key_path_length": {
      "score": 0.2800667608216489,
      "detail": {
        "raw_length": 7,
        "diameter": 11,
        "normalized_length": 0.6363636363636364,
        "score": 0.2800667608216489,
        "path": [
          "rect_6",
          "rect_5",
          "rect_4",
          "rect_3",
          "rect_2",
          "rect_14",
          "rect_13",
          "rect_12"
        ],
        "center_node": "rect_6",
        "periphery_node": "rect_12",
        "center_eccentricity": 7,
        "graph_radius": 7,
        "fallback_method": "center_path",
        "note": "Used center path fallback due to unidentifiable entrance/exit"
      }
    },
    "loop_ratio": {
      "score": 0.6899744811276125,
      "detail": {
        "total_rooms": 25,
        "total_edges": 39,
        "connected_components": 1,
        "cyclomatic_number": 15,
        "loop_ratio": 0.6,
        "sigmoid_loop_ratio": 0.6899744811276125,
        "algorithm": "Cyclomatic formula + Sigmoid normalization",
        "note": "Direct calculation using E - V + C formula, then sigmoid mapping to [0,1]",
        "score_breakdown": {
          "raw_loop_ratio": 0.6,
          "sigmoid_loop_ratio": 0.6899744811276125,
          "final_score": 0.6899744811276125
        }
      }
    },
    "path_diversity": {
      "score": 0.44477625254522524,
      "detail": {
        "avg_path_diversity": 0.25914336412531114,
        "std_path_diversity": 0.1837791916201825,
        "max_path_diversity": 0.582637590569117,
        "min_path_diversity": 0.0,
        "total_pairs_analyzed": 38,
        "rounds_completed": 9,
        "detailed_analysis": {
          "round_0": {
            "pairs_analyzed": 4,
            "avg_diversity": 0.308531381151918
          },
          "round_1": {
            "pairs_analyzed": 5,
            "avg_diversity": 0.29659988229951506
          },
          "round_2": {
            "pairs_analyzed": 4,
            "avg_diversity": 0.2495065278894836
          },
          "round_3": {
            "pairs_analyzed": 4,
            "avg_diversity": 0.25055080576033506
          },
          "round_4": {
            "pairs_analyzed": 5,
            "avg_diversity": 0.2946882414864111
          },
          "round_5": {
            "pairs_analyzed": 4,
            "avg_diversity": 0.079633465560678
          },
          "round_6": {
            "pairs_analyzed": 4,
            "avg_diversity": 0.33877030080730874
          },
          "round_7": {
            "pairs_analyzed": 4,
            "avg_diversity": 0.20344435996027374
          },
          "round_8": {
            "pairs_analyzed": 4,
            "avg_diversity": 0.2923149633280509
          }
        },
        "adaptive_params": {
          "num_walks": 25,
          "max_walk_length": 9,
          "graph_diameter": 9,
          "avg_degree": 3.12,
          "total_nodes": 25,
          "total_edges": 39
        },
        "algorithm": "Adaptive_random_walk_sampling",
        "sampling_strategy": "Multi-round (9 rounds, 5 pairs/round)",
        "normalization": "Robust_with_predefined_bounds",
        "fusion_method": "Geometric_mean_of_normalized_metrics",
        "performance": {
          "time_taken": 0.007824182510375977,
          "timeout": false
        }
      }
    },
    "treasure_monster_distribution": {
      "score": 0.4597629693156918,
      "detail": {
        "cv_treasure": 1.7320508075688772,
        "uniformity_treasure": 0.0,
        "score": 0.4597629693156918,
        "cv_monster": 1.0,
        "uniformity_monster": 0.42264973081037416,
        "avg_t2m_dist": 21.5,
        "proximity_score": 0.5001351534015771
      }
    },
    "geometric_balance": {
      "score": 0.6545936486654577,
      "detail": {
        "symmetry_ratio": 0.5,
        "uniformity_area": 0.7080223785890816,
        "uniformity_spacing": 0.7923159019676977,
        "score": 0.6545936486654577
      }
    }
  },
  "category_scores": {
    "structural": 0.6383315939815913,
    "gameplay": 0.4597629693156918,
    "aesthetic": 0.6545936486654577
  },
  "overall_score": 0.5842294039875803,
  "grade": "C",
  "details": {
    "accessibility": {
      "reachability_ratio": 1.0,
      "avg_path_length": 4.36,
      "path_variance": 8.5504,
      "normalized": [
        1.0,
        0.564,
        0.914496
      ],
      "score": 0.8019617189747031
    },
    "degree_variance": {
      "raw_variance": 0.0,
      "normalized_variance": 0.0,
      "score": 1.0,
      "degrees": [
        4,
        4,
        4,
        4
      ],
      "max_variance": 2.25,
      "room_count": 4,
      "mean_degree": 4.0
    },
    "door_distribution": {
      "cv": 0.29122606901539866,
      "avg_distance": 2.756267977930154,
      "avg_entropy": 0.709015824348106,
      "weights": [
        0.3333333333333333,
        0.3333333333333333,
        0.3333333333333333
      ],
      "normalized": [
        0.8543869654923006,
        0.13879206086413945,
        0.5114468068494065
      ],
      "score": 0.5015419444019489,
      "debug": {
        "count": 39
      }
    },
    "dead_end_ratio": {
      "dead_end_ratio": 0.25,
      "dead_end_count": 1,
      "total_rooms": 4,
      "dead_end_rooms": [
        "rect_24"
      ],
      "score": 0.75
    },
    "key_path_length": {
      "raw_length": 7,
      "diameter": 11,
      "normalized_length": 0.6363636363636364,
      "score": 0.2800667608216489,
      "path": [
        "rect_6",
        "rect_5",
        "rect_4",
        "rect_3",
        "rect_2",
        "rect_14",
        "rect_13",
        "rect_12"
      ],
      "center_node": "rect_6",
      "periphery_node": "rect_12",
      "center_eccentricity": 7,
      "graph_radius": 7,
      "fallback_method": "center_path",
      "note": "Used center path fallback due to unidentifiable entrance/exit"
    },
    "loop_ratio": {
      "total_rooms": 25,
      "total_edges": 39,
      "connected_components": 1,
      "cyclomatic_number": 15,
      "loop_ratio": 0.6,
      "sigmoid_loop_ratio": 0.6899744811276125,
      "algorithm": "Cyclomatic formula + Sigmoid normalization",
      "note": "Direct calculation using E - V + C formula, then sigmoid mapping to [0,1]",
      "score_breakdown": {
        "raw_loop_ratio": 0.6,
        "sigmoid_loop_ratio": 0.6899744811276125,
        "final_score": 0.6899744811276125
      }
    },
    "path_diversity": {
      "avg_path_diversity": 0.25914336412531114,
      "std_path_diversity": 0.1837791916201825,