{
  "scores": {
    "accessibility": {
      "score": 0.7347394988281954,
      "detail": {
        "avg_accessibility": 0.37263385613845323,
        "complexity_factor": 1.0,
        "detail": [
          0.5813953488372093,
          0.5813953488372093,
          0.13953488372093023,
          0.06976744186046512,
          0.5813953488372093,
          0.5813953488372093,
          0.5813953488372093,
          0.5813953488372093,
          0.5813953488372093,
          0.5813953488372093,
          0.5813953488372093,
          0.5813953488372093,
          0.5813953488372093,
          0.023255813953488372,
          0.023255813953488372,
          0.046511627906976744,
          0.06976744186046512,
          0.046511627906976744,
          0.13953488372093023,
          0.06976744186046512,
          0.13953488372093023,
          0.5813953488372093,
          0.5813953488372093,
          0.5813953488372093,
          0.5813953488372093,
          0.5813953488372093,
          0.5813953488372093,
          0.5813953488372093,
          0.5813953488372093,
          0.5813953488372093,
          0.5813953488372093,
          0.5813953488372093,
          0.5813953488372093,
          0.5813953488372093,
          0.5813953488372093,
          0.06976744186046512,
          0.046511627906976744,
          0.13953488372093023,
          0.046511627906976744,
          0.13953488372093023,
          0.06976744186046512,
          0.13953488372093023,
          0.06976744186046512
        ]
      }
    },
    "degree_variance": {
      "score": 0.6608871008364867,
      "detail": {
        "degree_variance": 2.1979448350459707,
        "mean_degree": 2.186046511627907,
        "complexity_factor": 0.6666666666666666,
        "degrees": [
          4,
          2,
          4,
          2,
          6,
          6,
          6,
          4,
          3,
          2,
          2,
          2,
          3,
          0,
          0,
          1,
          2,
          1,
          2,
          2,
          2,
          1,
          3,
          5,
          2,
          3,
          2,
          1,
          2,
          1,
          1,
          3,
          1,
          2,
          1,
          1,
          1,
          1,
          1,
          1,
          2,
          2,
          1
        ]
      }
    },
    "door_distribution": {
      "score": 0.4010162601626015,
      "detail": {
        "door_variance": 2.0606781677572874,
        "mean_doors": 2.292682926829268,
        "door_counts": [
          4,
          3,
          5,
          6,
          6,
          2,
          6,
          3,
          2,
          1,
          2,
          2,
          1,
          4,
          1,
          3,
          3,
          2,
          2,
          1,
          2,
          3,
          1,
          1,
          2,
          1,
          1,
          2,
          1,
          1,
          1,
          4,
          1,
          2,
          2,
          2,
          2,
          1,
          1,
          2,
          2
        ],
        "room_count": 4,
        "door_ratio": 0.573170731707317,
        "complexity_factor": 0.6666666666666666
      }
    },
    "dead_end_ratio": {
      "score": 0.7268292682926829,
      "detail": {
        "dead_end_count": 14,
        "dead_end_ratio": 0.34146341463414637,
        "dead_end_rooms": [
          "rect_27",
          "rect_38",
          "rect_36",
          "rect_37",
          "rect_30",
          "rect_13",
          "rect_21",
          "rect_15",
          "rect_32",
          "rect_34",
          "rect_35",
          "rect_42",
          "rect_29",
          "rect_39"
        ],
        "total_rooms": 41,
        "all_rooms": [
          "rect_19",
          "rect_0",
          "rect_17",
          "rect_16",
          "rect_3",
          "rect_27",
          "rect_8",
          "rect_10",
          "rect_31",
          "rect_20",
          "rect_25",
          "rect_23",
          "rect_38",
          "rect_36",
          "rect_37",
          "rect_30",
          "rect_2",
          "rect_22",
          "rect_14",
          "rect_13",
          "rect_21",
          "rect_15",
          "rect_4",
          "rect_32",
          "rect_34",
          "rect_33",
          "rect_6",
          "rect_40",
          "rect_35",
          "rect_24",
          "rect_5",
          "rect_7",
          "rect_18",
          "rect_9",
          "rect_42",
          "rect_29",
          "rect_26",
          "rect_41",
          "rect_1",
          "rect_28",
          "rect_39"
        ]
      }
    },
    "key_path_length": {
      "score": 0.0,
      "detail": {
        "key_path_length": null,
        "entrance": "rect_0",
        "exit": "rect_19"
      }
    },
    "loop_ratio": {
      "score": 0.9997026022326756,
      "detail": {
        "loop_ratio": 0.2926829268292683,
        "loop_count": 12,
        "total_nodes": 41,
        "loops": [
          [
            "rect_19",
            "rect_17",
            "rect_40",
            "rect_19"
          ],
          [
            "rect_22",
            "rect_23",
            "rect_1",
            "rect_22"
          ],
          [
            "rect_0",
            "rect_22",
            "rect_23",
            "rect_1",
            "rect_0"
          ],
          [
            "rect_23",
            "rect_1",
            "rect_2",
            "rect_23"
          ],
          [
            "rect_23",
            "rect_1",
            "rect_2",
            "rect_25",
            "rect_23"
          ],
          [
            "rect_2",
            "rect_25",
            "rect_4",
            "rect_2"
          ],
          [
            "rect_31",
            "rect_33",
            "rect_10",
            "rect_31"
          ],
          [
            "rect_2",
            "rect_26",
            "rect_5",
            "rect_2"
          ],
          [
            "rect_1",
            "rect_3",
            "rect_24",
            "rect_1"
          ],
          [
            "rect_3",
            "rect_7",
            "rect_28",
            "rect_3"
          ],
          [
            "rect_0",
            "rect_22",
            "rect_23",
            "rect_0"
          ],
          [
            "rect_18",
            "rect_20",
            "rect_41",
            "rect_18"
          ]
        ],
        "all_rooms": [
          "rect_19",
          "rect_0",
          "rect_17",
          "rect_16",
          "rect_3",
          "rect_27",
          "rect_8",
          "rect_10",
          "rect_31",
          "rect_20",
          "rect_25",
          "rect_23",
          "rect_38",
          "rect_36",
          "rect_37",
          "rect_30",
          "rect_2",
          "rect_22",
          "rect_14",
          "rect_13",
          "rect_21",
          "rect_15",
          "rect_4",
          "rect_32",
          "rect_34",
          "rect_33",
          "rect_6",
          "rect_40",
          "rect_35",
          "rect_24",
          "rect_5",
          "rect_7",
          "rect_18",
          "rect_9",
          "rect_42",
          "rect_29",
          "rect_26",
          "rect_41",
          "rect_1",
          "rect_28",
          "rect_39"
        ]
      }
    },
    "path_diversity": {
      "score": 1.0,
      "detail": {
        "avg_path_diversity": 2.0,
        "path_counts": [
          2
        ]
      }
    }
  },
  "overall_score": 0.7460209372417679,
  "grade": "B",
  "details": {
    "accessibility": {
      "avg_accessibility": 0.37263385613845323,
      "complexity_factor": 1.0,