{
  "scores": {
    "accessibility": {
      "score": 0.798390155571744,
      "detail": {
        "reachability_ratio": 1.0,
        "avg_path_length": 8.32876712328767,
        "path_variance": 17.11109026083693,
        "normalized": [
          1.0,
          0.5372907153729072,
          0.9471879930221082
        ],
        "score": 0.798390155571744
      }
    },
    "degree_variance": {
      "score": 0.6249251122716535,
      "detail": {
        "raw_variance": 4.76,
        "normalized_variance": 0.23506172839506173,
        "score": 0.6249251122716535,
        "degrees": [
          6,
          8,
          4,
          9,
          2,
          2,
          4,
          5,
          4,
          4
        ],
        "max_variance": 20.25,
        "room_count": 10,
        "mean_degree": 4.8
      }
    },
    "door_distribution": {
      "score": 0.5038060014255977,
      "detail": {
        "cv": 0.5294392853650861,
        "avg_distance": 2.4802857938542626,
        "avg_entropy": 0.8482165222910503,
        "weights": [
          0.3333333333333333,
          0.3333333333333333,
          0.3333333333333333
        ],
        "normalized": [
          0.7352803573174569,
          0.16427876180464585,
          0.6118588851546906
        ],
        "score": 0.5038060014255977,
        "debug": {
          "count": 301
        }
      }
    },
    "dead_end_ratio": {
      "score": 0.8,
      "detail": {
        "dead_end_ratio": 0.2,
        "dead_end_count": 2,
        "total_rooms": 10,
        "dead_end_rooms": [
          "rect_68",
          "rect_137"
        ],
        "score": 0.8
      }
    },
    "key_path_length": {
      "score": 0.8948393168143698,
      "detail": {
        "raw_length": 1,
        "diameter": 18,
        "normalized_length": 0.05555555555555555,
        "score": 0.8948393168143698,
        "path": [
          "rect_0",
          "rect_2"
        ],
        "entrance": "rect_0",
        "exit": "rect_2"
      }
    },
    "loop_ratio": {
      "score": 0.8503038650411027,
      "detail": {
        "total_rooms": 146,
        "total_edges": 301,
        "connected_components": 1,
        "cyclomatic_number": 156,
        "loop_ratio": 1.0684931506849316,
        "sigmoid_loop_ratio": 0.8503038650411027,
        "algorithm": "Cyclomatic formula + Sigmoid normalization",
        "note": "Direct calculation using E - V + C formula, then sigmoid mapping to [0,1]",
        "score_breakdown": {
          "raw_loop_ratio": 1.0684931506849316,
          "sigmoid_loop_ratio": 0.8503038650411027,
          "final_score": 0.8503038650411027
        }
      }
    },
    "path_diversity": {
      "score": 0.44020718509496554,
      "detail": {
        "avg_path_diversity": 0.3398749819572836,
        "std_path_diversity": 0.2248655861680907,
        "max_path_diversity": 0.7720795876695258,
        "min_path_diversity": 0.0,
        "total_pairs_analyzed": 78,
        "rounds_completed": 16,
        "detailed_analysis": {
          "round_0": {
            "pairs_analyzed": 7,
            "avg_diversity": 0.33869769627730484
          },
          "round_1": {
            "pairs_analyzed": 3,
            "avg_diversity": 0.3275330835540147
          },
          "round_2": {
            "pairs_analyzed": 3,
            "avg_diversity": 0.5378889017779912
          },
          "round_3": {
            "pairs_analyzed": 4,
            "avg_diversity": 0.3290012017991294
          },
          "round_4": {
            "pairs_analyzed": 5,
            "avg_diversity": 0.2708026893694361
          },
          "round_5": {
            "pairs_analyzed": 8,
            "avg_diversity": 0.34104236171521407
          },
          "round_6": {
            "pairs_analyzed": 4,
            "avg_diversity": 0.3928892787183739
          },
          "round_7": {
            "pairs_analyzed": 6,
            "avg_diversity": 0.4469156230947647
          },
          "round_8": {
            "pairs_analyzed": 6,
            "avg_diversity": 0.3479150661692653
          },
          "round_9": {
            "pairs_analyzed": 4,
            "avg_diversity": 0.34823464897582024
          },
          "round_10": {
            "pairs_analyzed": 4,
            "avg_diversity": 0.40617599820644396
          },
          "round_11": {
            "pairs_analyzed": 6,
            "avg_diversity": 0.3113042350274967
          },
          "round_12": {
            "pairs_analyzed": 2,
            "avg_diversity": 0.0
          },
          "round_13": {
            "pairs_analyzed": 6,
            "avg_diversity": 0.10355502304466552
          },
          "round_14": {
            "pairs_analyzed": 4,
            "avg_diversity": 0.48144704856146353
          },
          "round_15": {
            "pairs_analyzed": 6,
            "avg_diversity": 0.39526900551666655
          }
        },
        "adaptive_params": {
          "num_walks": 146,
          "max_walk_length": 17,
          "graph_diameter": 17,
          "avg_degree": 4.123287671232877,
          "total_nodes": 146,
          "total_edges": 301
        },
        "algorithm": "Adaptive_random_walk_sampling",
        "sampling_strategy": "Multi-round (16 rounds, 9 pairs/round)",
        "normalization": "Robust_with_predefined_bounds",
        "fusion_method": "Geometric_mean_of_normalized_metrics",
        "performance": {
          "time_taken": 0.3074491024017334,
          "timeout": false
        }
      }
    },
    "treasure_monster_distribution": {
      "score": 3.530705778191892e-06,
      "detail": {
        "cv_treasure": 1.2247448713915892,
        "uniformity_treasure": 0.5917517095361369,
        "score": 3.530705778191892e-06,
        "cv_monster": 2.9999999999999996,
        "uniformity_monster": 1.1102230246251565e-16,
        "avg_t2m_dist": 20.68883765782907,
        "proximity_score": 0.6699383416649586
      }
    },
    "geometric_balance": {
      "score": 0.9185103475303271,
      "detail": {
        "symmetry_ratio": 0.0,
        "uniformity_area": 0.8436612585202823,
        "uniformity_spacing": 1.0,
        "score": 0.9185103475303271
      }
    }
  },
  "category_scores": {
    "structural": 0.701781662317062,
    "gameplay": 3.530705778191892e-06,
    "aesthetic": 0.9185103475303271
  },
  "overall_score": 0.5400985135177223,
  "grade": "C",
  "details": {
    "accessibility": {
      "reachability_ratio": 1.0,
      "avg_path_length": 8.32876712328767,
      "path_variance": 17.11109026083693,
      "normalized": [
        1.0,
        0.5372907153729072,
        0.9471879930221082
      ],
      "score": 0.798390155571744
    },
    "degree_variance": {
      "raw_variance": 4.76,
      "normalized_variance": 0.23506172839506173,
      "score": 0.6249251122716535,
      "degrees": [
        6,
        8,
        4,
        9,
        2,
        2,
        4,
        5,
        4,
        4
      ],
      "max_variance": 20.25,
      "room_count": 10,
      "mean_degree": 4.8
    },
    "door_distribution": {
      "cv": 0.5294392853650861,
      "avg_distance": 2.4802857938542626,
      "avg_entropy": 0.8482165222910503,
      "weights": [
        0.3333333333333333,
        0.3333333333333333,
        0.3333333333333333
      ],
      "normalized": [
        0.7352803573174569,
        0.16427876180464585,
        0.6118588851546906
      ],
      "score": 0.5038060014255977,
      "debug": {
        "count": 301
      }
    },
    "dead_end_ratio": {
      "dead_end_ratio": 0.2,
      "dead_end_count": 2,
      "total_rooms": 10,
      "dead_end_rooms": [
        "rect_68",
        "rect_137"
      ],
      "score": 0.8
    },
    "key_path_length": {
      "raw_length": 1,
      "diameter": 18,
      "normalized_length": 0.05555555555555555,
      "score": 0.8948393168143698,
      "path": [
        "rect_0",
        "rect_2"
      ],
      "entrance": "rect_0",
      "exit": "rect_2"
    },
    "loop_ratio": {
      "total_rooms": 146,