{
  "scores": {
    "accessibility": {
      "score": 1.0,
      "detail": {
        "avg_accessibility": 0.724609375,
        "complexity_factor": 1.0,
        "detail": [
          0.84375,
          0.84375,
          0.84375,
          0.84375,
          0.84375,
          0.84375,
          0.84375,
          0.84375,
          0.09375,
          0.84375,
          0.84375,
          0.0625,
          0.84375,
          0.84375,
          0.84375,
          0.84375,
          0.09375,
          0.84375,
          0.84375,
          0.09375,
          0.84375,
          0.84375,
          0.84375,
          0.0625,
          0.84375,
          0.84375,
          0.84375,
          0.84375,
          0.84375,
          0.84375,
          0.84375,
          0.84375
        ]
      }
    },
    "degree_variance": {
      "score": 0.640012168199732,
      "detail": {
        "degree_variance": 3.08984375,
        "mean_degree": 2.8125,
        "complexity_factor": 0.8333333333333334,
        "degrees": [
          7,
          6,
          4,
          4,
          4,
          5,
          7,
          5,
          2,
          3,
          3,
          1,
          2,
          1,
          1,
          4,
          1,
          3,
          2,
          1,
          1,
          2,
          2,
          1,
          2,
          2,
          4,
          4,
          2,
          1,
          2,
          1
        ]
      }
    },
    "door_distribution": {
      "score": 0.4934895833333333,
      "detail": {
        "door_variance": 3.08984375,
        "mean_doors": 2.8125,
        "door_counts": [
          1,
          5,
          7,
          1,
          4,
          1,
          2,
          3,
          5,
          2,
          1,
          3,
          1,
          2,
          4,
          6,
          2,
          1,
          1,
          2,
          2,
          2,
          4,
          4,
          2,
          1,
          3,
          2,
          7,
          1,
          4,
          4
        ],
        "room_count": 5,
        "door_ratio": 0.5625,
        "complexity_factor": 0.8333333333333334
      }
    },
    "dead_end_ratio": {
      "score": 0.775,
      "detail": {
        "dead_end_count": 9,
        "dead_end_ratio": 0.28125,
        "dead_end_rooms": [
          "rect_19",
          "rect_16",
          "rect_10",
          "rect_20",
          "rect_31",
          "rect_23",
          "rect_14",
          "rect_13",
          "rect_29"
        ],
        "total_rooms": 32,
        "all_rooms": [
          "rect_19",
          "rect_0",
          "rect_17",
          "rect_16",
          "rect_3",
          "rect_8",
          "rect_27",
          "rect_10",
          "rect_20",
          "rect_31",
          "rect_25",
          "rect_23",
          "rect_11",
          "rect_2",
          "rect_30",
          "rect_22",
          "rect_14",
          "rect_13",
          "rect_21",
          "rect_15",
          "rect_4",
          "rect_6",
          "rect_24",
          "rect_5",
          "rect_7",
          "rect_18",
          "rect_9",
          "rect_12",
          "rect_29",
          "rect_26",
          "rect_1",
          "rect_28"
        ]
      }
    },
    "key_path_length": {
      "score": 0.6,
      "detail": {
        "key_path_length": 2,
        "entrance": "rect_8",
        "exit": "rect_9"
      }
    },
    "loop_ratio": {
      "score": 0.9392092192506838,
      "detail": {
        "loop_ratio": 0.40625,
        "loop_count": 13,
        "total_nodes": 32,
        "loops": [
          [
            "rect_4",
            "rect_30",
            "rect_9",
            "rect_4"
          ],
          [
            "rect_9",
            "rect_5",
            "rect_22",
            "rect_9"
          ],
          [
            "rect_5",
            "rect_8",
            "rect_21",
            "rect_5"
          ],
          [
            "rect_8",
            "rect_12",
            "rect_25",
            "rect_8"
          ],
          [
            "rect_1",
            "rect_27",
            "rect_26",
            "rect_1"
          ],
          [
            "rect_0",
            "rect_28",
            "rect_4",
            "rect_30",
            "rect_9",
            "rect_5",
            "rect_2",
            "rect_15",
            "rect_1",
            "rect_0"
          ],
          [
            "rect_2",
            "rect_15",
            "rect_17",
            "rect_2"
          ],
          [
            "rect_4",
            "rect_30",
            "rect_9",
            "rect_5",
            "rect_2",
            "rect_15",
            "rect_17",
            "rect_4"
          ],
          [
            "rect_4",
            "rect_30",
            "rect_9",
            "rect_5",
            "rect_2",
            "rect_15",
            "rect_4"
          ],
          [
            "rect_5",
            "rect_2",
            "rect_18",
            "rect_5"
          ],
          [
            "rect_4",
            "rect_30",
            "rect_9",
            "rect_5",
            "rect_2",
            "rect_4"
          ],
          [
            "rect_0",
            "rect_28",
            "rect_4",
            "rect_0"
          ],
          [
            "rect_11",
            "rect_7",
            "rect_24",
            "rect_11"
          ]
        ],
        "all_rooms": [
          "rect_19",
          "rect_0",
          "rect_17",
          "rect_16",
          "rect_3",
          "rect_8",
          "rect_27",
          "rect_10",
          "rect_20",
          "rect_31",
          "rect_25",
          "rect_23",
          "rect_11",
          "rect_2",
          "rect_30",
          "rect_22",
          "rect_14",
          "rect_13",
          "rect_21",
          "rect_15",
          "rect_4",
          "rect_6",
          "rect_24",
          "rect_5",
          "rect_7",
          "rect_18",
          "rect_9",
          "rect_12",
          "rect_29",
          "rect_26",
          "rect_1",
          "rect_28"
        ]
      }
    },
    "path_diversity": {
      "score": 0.835270211411272,
      "detail": {
        "avg_path_diversity": 1.4,
        "path_counts": [
          2,
          2,
          1,
          1,
          1,
          1,
          2,
          1,
          2,
          1
        ]
      }
    }
  },
  "overall_score": 0.78463577547647,
  "grade": "B",
  "details": {
    "accessibility": {
      "avg_accessibility": 0.724609375,
      "complexity_factor": 1.0,
      "detail": [
        0.84375,
        0.84375,
        0.84375,
        0.84375,
        0.84375,
        0.84375,
        0.84375,
        0.84375,
        0.09375,
        0.84375,
        0.84375,
        0.0625,
        0.84375,
        0.84375,
        0.84375,
        0.84375,
        0.09375,
        0.84375,
        0.84375,
        0.09375,
        0.84375,
        0.84375,
        0.84375,
        0.0625,
        0.84375,
        0.84375,
        0.84375,
        0.84375,
        0.84375,
        0.84375,
        0.84375,
        0.84375
      ]
    },
    "degree_variance": {
      "degree_variance": 3.08984375,
      "mean_degree": 2.8125,
      "complexity_factor": 0.8333333333333334,
      "degrees": [
        7,
        6,
        4,
        4,
        4,
        5,
        7,
        5,
        2,
        3,
        3,
        1,
        2,
        1,
        1,
        4,
        1,
        3,
        2,
        1,
        1,
        2,
        2,
        1,
        2,
        2,
        4,
        4,
        2,
        1,
        2,
        1
      ]
    },
    "door_distribution": {
      "door_variance": 3.08984375,
      "mean_doors": 2.8125,