{
  "scores": {
    "accessibility": {
      "score": 0.7507317960219412,
      "detail": {
        "reachability_ratio": 1.0,
        "avg_path_length": 1.6,
        "path_variance": 0.8400000000000001,
        "normalized": [
          1.0,
          0.4666666666666666,
          0.9066666666666666
        ],
        "score": 0.7507317960219412
      }
    },
    "degree_variance": {
      "score": 0.1353352832366127,
      "detail": {
        "raw_variance": 1.0,
        "normalized_variance": 1.0,
        "score": 0.1353352832366127,
        "degrees": [
          4,
          2
        ],
        "max_variance": 1.0,
        "room_count": 2,
        "mean_degree": 3.0
      }
    },
    "door_distribution": {
      "score": 0.5888699462685869,
      "detail": {
        "cv": 0.4615384615384615,
        "avg_distance": 3.7389955864353888,
        "avg_entropy": 0.6222711986244597,
        "weights": [
          0.3333333333333333,
          0.3333333333333333,
          0.3333333333333333
        ],
        "normalized": [
          0.7692307692307693,
          0.5485052834032221,
          0.4488737861717696
        ],
        "score": 0.5888699462685869,
        "debug": {
          "count": 13
        }
      }
    },
    "dead_end_ratio": {
      "score": 0.5,
      "detail": {
        "dead_end_ratio": 0.5,
        "dead_end_count": 1,
        "total_rooms": 2,
        "dead_end_rooms": [
          "rect_5"
        ],
        "score": 0.5
      }
    },
    "key_path_length": {
      "score": 0.22313016014842982,
      "detail": {
        "raw_length": 3,
        "diameter": 4,
        "normalized_length": 0.75,
        "score": 0.22313016014842982,
        "path": [
          "rect_1",
          "rect_0",
          "rect_2",
          "rect_9"
        ],
        "center_node": "rect_1",
        "periphery_node": "rect_9",
        "center_eccentricity": 3,
        "graph_radius": 3,
        "fallback_method": "center_path",
        "note": "Used center path fallback due to unidentifiable entrance/exit"
      }
    },
    "loop_ratio": {
      "score": 0.598687660112452,
      "detail": {
        "total_rooms": 10,
        "total_edges": 13,
        "connected_components": 1,
        "cyclomatic_number": 4,
        "loop_ratio": 0.4,
        "sigmoid_loop_ratio": 0.598687660112452,
        "algorithm": "Cyclomatic formula + Sigmoid normalization",
        "note": "Direct calculation using E - V + C formula, then sigmoid mapping to [0,1]",
        "score_breakdown": {
          "raw_loop_ratio": 0.4,
          "sigmoid_loop_ratio": 0.598687660112452,
          "final_score": 0.598687660112452
        }
      }
    },
    "path_diversity": {
      "score": 0.3906310353954066,
      "detail": {
        "avg_path_diversity": 0.22553093311398786,
        "std_path_diversity": 0.2202012581527752,
        "max_path_diversity": 0.5773502683566853,
        "min_path_diversity": 0.0,
        "total_pairs_analyzed": 34,
        "rounds_completed": 4,
        "detailed_analysis": {
          "round_0": {
            "pairs_analyzed": 9,
            "avg_diversity": 0.28298726729170937
          },
          "round_1": {
            "pairs_analyzed": 9,
            "avg_diversity": 0.22990189705906086
          },
          "round_2": {
            "pairs_analyzed": 8,
            "avg_diversity": 0.19375644627455835
          },
          "round_3": {
            "pairs_analyzed": 8,
            "avg_diversity": 0.18774970956527356
          }
        },
        "adaptive_params": {
          "num_walks": 10,
          "max_walk_length": 3,
          "graph_diameter": 3,
          "avg_degree": 2.6,
          "total_nodes": 10,
          "total_edges": 13
        },
        "algorithm": "Adaptive_random_walk_sampling",
        "sampling_strategy": "Multi-round (4 rounds, 11 pairs/round)",
        "normalization": "Robust_with_predefined_bounds",
        "fusion_method": "Geometric_mean_of_normalized_metrics",
        "performance": {
          "time_taken": 0.0017879009246826172,
          "timeout": false
        }
      }
    },
    "treasure_monster_distribution": {
      "score": 0.6546731227111248,
      "detail": {
        "cv_treasure": 0.0,
        "uniformity_treasure": 1.0,
        "score": 0.6546731227111248,
        "cv_monster": 1.0,
        "uniformity_monster": 0.0,
        "avg_t2m_dist": 5.714031023996647,
        "proximity_score": 0.42859689760033537
      }
    },
    "geometric_balance": {
      "score": 0.9258200997725515,
      "detail": {
        "symmetry_ratio": 0.0,
        "uniformity_area": 0.8571428571428572,
        "uniformity_spacing": 1.0,
        "score": 0.9258200997725515
      }
    }
  },
  "category_scores": {
    "structural": 0.45534084016906134,
    "gameplay": 0.6546731227111248,
    "aesthetic": 0.9258200997725515
  },
  "overall_score": 0.6786113542175791,
  "grade": "B",
  "details": {
    "accessibility": {
      "reachability_ratio": 1.0,
      "avg_path_length": 1.6,
      "path_variance": 0.8400000000000001,
      "normalized": [
        1.0,
        0.4666666666666666,
        0.9066666666666666
      ],
      "score": 0.7507317960219412
    },
    "degree_variance": {
      "raw_variance": 1.0,
      "normalized_variance": 1.0,
      "score": 0.1353352832366127,
      "degrees": [
        4,
        2
      ],
      "max_variance": 1.0,
      "room_count": 2,
      "mean_degree": 3.0
    },
    "door_distribution": {
      "cv": 0.4615384615384615,
      "avg_distance": 3.7389955864353888,
      "avg_entropy": 0.6222711986244597,
      "weights": [
        0.3333333333333333,
        0.3333333333333333,
        0.3333333333333333
      ],
      "normalized": [
        0.7692307692307693,
        0.5485052834032221,
        0.4488737861717696
      ],
      "score": 0.5888699462685869,
      "debug": {
        "count": 13
      }
    },
    "dead_end_ratio": {
      "dead_end_ratio": 0.5,
      "dead_end_count": 1,
      "total_rooms": 2,
      "dead_end_rooms": [
        "rect_5"
      ],
      "score": 0.5
    },
    "key_path_length": {
      "raw_length": 3,
      "diameter": 4,
      "normalized_length": 0.75,
      "score": 0.22313016014842982,
      "path": [
        "rect_1",
        "rect_0",
        "rect_2",
        "rect_9"
      ],
      "center_node": "rect_1",
      "periphery_node": "rect_9",
      "center_eccentricity": 3,
      "graph_radius": 3,
      "fallback_method": "center_path",
      "note": "Used center path fallback due to unidentifiable entrance/exit"
    },
    "loop_ratio": {
      "total_rooms": 10,
      "total_edges": 13,
      "connected_components": 1,
      "cyclomatic_number": 4,
      "loop_ratio": 0.4,
      "sigmoid_loop_ratio": 0.598687660112452,
      "algorithm": "Cyclomatic formula + Sigmoid normalization",
      "note": "Direct calculation using E - V + C formula, then sigmoid mapping to [0,1]",
      "score_breakdown": {
        "raw_loop_ratio": 0.4,
        "sigmoid_loop_ratio": 0.598687660112452,
        "final_score": 0.598687660112452
      }
    },
    "path_diversity": {
      "avg_path_diversity": 0.22553093311398786,
      "std_path_diversity": 0.2202012581527752,
      "max_path_diversity": 0.5773502683566853,
      "min_path_diversity": 0.0,
      "total_pairs_analyzed": 34,
      "rounds_completed": 4,
      "detailed_analysis": {
        "round_0": {
          "pairs_analyzed": 9,
          "avg_diversity": 0.28298726729170937
        },
        "round_1": {
          "pairs_analyzed": 9,
          "avg_diversity": 0.22990189705906086
        },
        "round_2": {
          "pairs_analyzed": 8,
          "avg_diversity": 0.19375644627455835
        },
        "round_3": {
          "pairs_analyzed": 8,
          "avg_diversity": 0.18774970956527356
        }
      },
      "adaptive_params": {
        "num_walks": 10,
        "max_walk_length": 3,
        "graph_diameter": 3,
        "avg_degree": 2.6,
        "total_nodes": 10,