{
  "scores": {
    "accessibility": {
      "score": 0.7917552538411637,
      "detail": {
        "reachability_ratio": 1.0,
        "avg_path_length": 3.8028169014084505,
        "path_variance": 3.4540765721087086,
        "normalized": [
          1.0,
          0.5246478873239437,
          0.9460300535608014
        ],
        "score": 0.7917552538411637
      }
    },
    "degree_variance": {
      "score": 0.1353352832366127,
      "detail": {
        "raw_variance": 4.0,
        "normalized_variance": 1.0,
        "score": 0.1353352832366127,
        "degrees": [
          6,
          8,
          4,
          5,
          2
        ],
        "max_variance": 4.0,
        "room_count": 5,
        "mean_degree": 5.0
      }
    },
    "door_distribution": {
      "score": 0.49690277915959313,
      "detail": {
        "cv": 0.5417700881601251,
        "avg_distance": 2.750181116656116,
        "avg_entropy": 0.8073032370539397,
        "weights": [
          0.3333333333333333,
          0.3333333333333333,
          0.3333333333333333
        ],
        "normalized": [
          0.7291149559199375,
          0.1792471932631788,
          0.5823461882956631
        ],
        "score": 0.49690277915959313,
        "debug": {
          "count": 139
        }
      }
    },
    "dead_end_ratio": {
      "score": 0.6,
      "detail": {
        "dead_end_ratio": 0.4,
        "dead_end_count": 2,
        "total_rooms": 5,
        "dead_end_rooms": [
          "rect_33",
          "rect_66"
        ],
        "score": 0.6
      }
    },
    "key_path_length": {
      "score": 0.34415378686541237,
      "detail": {
        "raw_length": 8,
        "diameter": 15,
        "normalized_length": 0.5333333333333333,
        "score": 0.34415378686541237,
        "path": [
          "rect_5",
          "rect_10",
          "rect_8",
          "rect_2",
          "rect_7",
          "rect_17",
          "rect_21",
          "rect_26",
          "rect_63"
        ],
        "center_node": "rect_5",
        "periphery_node": "rect_63",
        "center_eccentricity": 8,
        "graph_radius": 8,
        "fallback_method": "center_path",
        "note": "Used center path fallback due to unidentifiable entrance/exit"
      }
    },
    "loop_ratio": {
      "score": 0.823996437741289,
      "detail": {
        "total_rooms": 71,
        "total_edges": 139,
        "connected_components": 1,
        "cyclomatic_number": 69,
        "loop_ratio": 0.971830985915493,
        "sigmoid_loop_ratio": 0.823996437741289,
        "algorithm": "Cyclomatic formula + Sigmoid normalization",
        "note": "Direct calculation using E - V + C formula, then sigmoid mapping to [0,1]",
        "score_breakdown": {
          "raw_loop_ratio": 0.971830985915493,
          "sigmoid_loop_ratio": 0.823996437741289,
          "final_score": 0.823996437741289
        }
      }
    },
    "path_diversity": {
      "score": 0.4985521206502842,
      "detail": {
        "avg_path_diversity": 0.37687632029320084,
        "std_path_diversity": 0.21401666707073994,
        "max_path_diversity": 0.7559416652397826,
        "min_path_diversity": 0.0,
        "total_pairs_analyzed": 64,
        "rounds_completed": 12,
        "detailed_analysis": {
          "round_0": {
            "pairs_analyzed": 5,
            "avg_diversity": 0.47702133976759525
          },
          "round_1": {
            "pairs_analyzed": 4,
            "avg_diversity": 0.49123303236276206
          },
          "round_2": {
            "pairs_analyzed": 7,
            "avg_diversity": 0.21263019168332745
          },
          "round_3": {
            "pairs_analyzed": 5,
            "avg_diversity": 0.47231481970281075
          },
          "round_4": {
            "pairs_analyzed": 6,
            "avg_diversity": 0.24914206069832254
          },
          "round_5": {
            "pairs_analyzed": 4,
            "avg_diversity": 0.5571908628200151
          },
          "round_6": {
            "pairs_analyzed": 7,
            "avg_diversity": 0.397108273450734
          },
          "round_7": {
            "pairs_analyzed": 5,
            "avg_diversity": 0.3417267670397302
          },
          "round_8": {
            "pairs_analyzed": 4,
            "avg_diversity": 0.5024152383094206
          },
          "round_9": {
            "pairs_analyzed": 6,
            "avg_diversity": 0.18390226087542863
          },
          "round_10": {
            "pairs_analyzed": 5,
            "avg_diversity": 0.3875290470479849
          },
          "round_11": {
            "pairs_analyzed": 6,
            "avg_diversity": 0.4428888186040863
          }
        },
        "adaptive_params": {
          "num_walks": 71,
          "max_walk_length": 12,
          "graph_diameter": 12,
          "avg_degree": 3.915492957746479,
          "total_nodes": 71,
          "total_edges": 139
        },
        "algorithm": "Adaptive_random_walk_sampling",
        "sampling_strategy": "Multi-round (12 rounds, 7 pairs/round)",
        "normalization": "Robust_with_predefined_bounds",
        "fusion_method": "Geometric_mean_of_normalized_metrics",
        "performance": {
          "time_taken": 0.06297087669372559,
          "timeout": false
        }
      }
    },
    "treasure_monster_distribution": {
      "score": 0.4639156491491779,
      "detail": {
        "cv_treasure": 1.2247448713915892,
        "uniformity_treasure": 0.3876275643042054,
        "score": 0.4639156491491779,
        "cv_monster": 2.0,
        "uniformity_monster": 0.0,
        "avg_t2m_dist": 18.30104388515794,
        "proximity_score": 0.5552178156159268
      }
    },
    "geometric_balance": {
      "score": 0.846203166316624,
      "detail": {
        "symmetry_ratio": 0.0,
        "uniformity_area": 0.8300972186488086,
        "uniformity_spacing": 0.8626216093698601,
        "score": 0.846203166316624
      }
    }
  },
  "category_scores": {
    "structural": 0.5272422373563365,
    "gameplay": 0.4639156491491779,
    "aesthetic": 0.846203166316624
  },
  "overall_score": 0.6124536842740461,
  "grade": "C",
  "details": {
    "accessibility": {
      "reachability_ratio": 1.0,
      "avg_path_length": 3.8028169014084505,
      "path_variance": 3.4540765721087086,
      "normalized": [
        1.0,
        0.5246478873239437,
        0.9460300535608014
      ],
      "score": 0.7917552538411637
    },
    "degree_variance": {
      "raw_variance": 4.0,
      "normalized_variance": 1.0,
      "score": 0.1353352832366127,
      "degrees": [
        6,
        8,
        4,
        5,
        2
      ],
      "max_variance": 4.0,
      "room_count": 5,
      "mean_degree": 5.0
    },
    "door_distribution": {
      "cv": 0.5417700881601251,
      "avg_distance": 2.750181116656116,
      "avg_entropy": 0.8073032370539397,
      "weights": [
        0.3333333333333333,
        0.3333333333333333,
        0.3333333333333333
      ],
      "normalized": [
        0.7291149559199375,
        0.1792471932631788,
        0.5823461882956631
      ],
      "score": 0.49690277915959313,
      "debug": {
        "count": 139
      }
    },
    "dead_end_ratio": {
      "dead_end_ratio": 0.4,
      "dead_end_count": 2,
      "total_rooms": 5,
      "dead_end_rooms": [
        "rect_33",
        "rect_66"
      ],
      "score": 0.6
    },
    "key_path_length": {
      "raw_length": 8,
      "diameter": 15,
      "normalized_length": 0.5333333333333333,
      "score": 0.34415378686541237,
      "path": [
        "rect_5",
        "rect_10",
        "rect_8",
        "rect_2",
        "rect_7",
        "rect_17",
        "rect_21",
        "rect_26",
        "rect_63"
      ],
      "center_node": "rect_5",
      "periphery_node": "rect_63",
      "center_eccentricity": 8,
      "graph_radius": 8,
      "fallback_method": "center_path",
      "note": "Used center path fallback due to unidentifiable entrance/exit"
    },