{
  "scores": {
    "accessibility": {
      "score": 0.7253198776359555,
      "detail": {
        "reachability_ratio": 1.0,
        "avg_path_length": 2.3333333333333335,
        "path_variance": 1.3472222222222223,
        "normalized": [
          1.0,
          0.41666666666666663,
          0.9157986111111112
        ],
        "score": 0.7253198776359555
      }
    },
    "degree_variance": {
      "score": 0.1353352832366127,
      "detail": {
        "raw_variance": 19.0,
        "normalized_variance": 1.0,
        "score": 0.1353352832366127,
        "degrees": [
          14,
          6,
          6,
          2
        ],
        "max_variance": 19.0,
        "room_count": 4,
        "mean_degree": 7.0
      }
    },
    "door_distribution": {
      "score": 0.5151233079493994,
      "detail": {
        "cv": 0.5728898730994153,
        "avg_distance": 2.5233385763278227,
        "avg_entropy": 0.8395640669411589,
        "weights": [
          0.3333333333333333,
          0.3333333333333333,
          0.3333333333333333
        ],
        "normalized": [
          0.7135550634502923,
          0.22619740245561626,
          0.6056174579422898
        ],
        "score": 0.5151233079493994,
        "debug": {
          "count": 94
        }
      }
    },
    "dead_end_ratio": {
      "score": 0.75,
      "detail": {
        "dead_end_ratio": 0.25,
        "dead_end_count": 1,
        "total_rooms": 4,
        "dead_end_rooms": [
          "rect_22"
        ],
        "score": 0.75
      }
    },
    "key_path_length": {
      "score": 0.36787944117144233,
      "detail": {
        "raw_length": 4,
        "diameter": 8,
        "normalized_length": 0.5,
        "score": 0.36787944117144233,
        "path": [
          "rect_1",
          "rect_2",
          "rect_5",
          "rect_19",
          "rect_41"
        ],
        "center_node": "rect_1",
        "periphery_node": "rect_41",
        "center_eccentricity": 4,
        "graph_radius": 4,
        "fallback_method": "center_path",
        "note": "Used center path fallback due to unidentifiable entrance/exit"
      }
    },
    "loop_ratio": {
      "score": 0.8261140670684554,
      "detail": {
        "total_rooms": 48,
        "total_edges": 94,
        "connected_components": 1,
        "cyclomatic_number": 47,
        "loop_ratio": 0.9791666666666666,
        "sigmoid_loop_ratio": 0.8261140670684554,
        "algorithm": "Cyclomatic formula + Sigmoid normalization",
        "note": "Direct calculation using E - V + C formula, then sigmoid mapping to [0,1]",
        "score_breakdown": {
          "raw_loop_ratio": 0.9791666666666666,
          "sigmoid_loop_ratio": 0.8261140670684554,
          "final_score": 0.8261140670684554
        }
      }
    },
    "path_diversity": {
      "score": 0.4198375881871894,
      "detail": {
        "avg_path_diversity": 0.2696554889544994,
        "std_path_diversity": 0.22208171292039186,
        "max_path_diversity": 0.6422852468232797,
        "min_path_diversity": 0.0,
        "total_pairs_analyzed": 41,
        "rounds_completed": 8,
        "detailed_analysis": {
          "round_0": {
            "pairs_analyzed": 5,
            "avg_diversity": 0.26260534624598975
          },
          "round_1": {
            "pairs_analyzed": 6,
            "avg_diversity": 0.2595010596448226
          },
          "round_2": {
            "pairs_analyzed": 5,
            "avg_diversity": 0.22059912831434594
          },
          "round_3": {
            "pairs_analyzed": 5,
            "avg_diversity": 0.20019561165833805
          },
          "round_4": {
            "pairs_analyzed": 4,
            "avg_diversity": 0.33233416609040717
          },
          "round_5": {
            "pairs_analyzed": 6,
            "avg_diversity": 0.2302308609989074
          },
          "round_6": {
            "pairs_analyzed": 4,
            "avg_diversity": 0.4517672089572925
          },
          "round_7": {
            "pairs_analyzed": 6,
            "avg_diversity": 0.2606795986646547
          }
        },
        "adaptive_params": {
          "num_walks": 48,
          "max_walk_length": 5,
          "graph_diameter": 5,
          "avg_degree": 3.9166666666666665,
          "total_nodes": 48,
          "total_edges": 94
        },
        "algorithm": "Adaptive_random_walk_sampling",
        "sampling_strategy": "Multi-round (8 rounds, 8 pairs/round)",
        "normalization": "Robust_with_predefined_bounds",
        "fusion_method": "Geometric_mean_of_normalized_metrics",
        "performance": {
          "time_taken": 0.01631307601928711,
          "timeout": false
        }
      }
    },
    "treasure_monster_distribution": {
      "score": 0.40065709647963077,
      "detail": {
        "cv_treasure": 1.0,
        "uniformity_treasure": 0.42264973081037416,
        "score": 0.40065709647963077,
        "cv_monster": 1.7320508075688772,
        "uniformity_monster": 0.0,
        "avg_t2m_dist": 16.17260650093646,
        "proximity_score": 0.37980885176881785
      }
    },
    "geometric_balance": {
      "score": 0.8404879344109043,
      "detail": {
        "symmetry_ratio": 0.0,
        "uniformity_area": 0.8143560724934176,
        "uniformity_spacing": 0.867458341321595,
        "score": 0.8404879344109043
      }
    }
  },
  "category_scores": {
    "structural": 0.5342299378927222,
    "gameplay": 0.40065709647963077,
    "aesthetic": 0.8404879344109043
  },
  "overall_score": 0.5917916562610857,
  "grade": "C",
  "details": {
    "accessibility": {
      "reachability_ratio": 1.0,
      "avg_path_length": 2.3333333333333335,
      "path_variance": 1.3472222222222223,
      "normalized": [
        1.0,
        0.41666666666666663,
        0.9157986111111112
      ],
      "score": 0.7253198776359555
    },
    "degree_variance": {
      "raw_variance": 19.0,
      "normalized_variance": 1.0,
      "score": 0.1353352832366127,
      "degrees": [
        14,
        6,
        6,
        2
      ],
      "max_variance": 19.0,
      "room_count": 4,
      "mean_degree": 7.0
    },
    "door_distribution": {
      "cv": 0.5728898730994153,
      "avg_distance": 2.5233385763278227,
      "avg_entropy": 0.8395640669411589,
      "weights": [
        0.3333333333333333,
        0.3333333333333333,
        0.3333333333333333
      ],
      "normalized": [
        0.7135550634502923,
        0.22619740245561626,
        0.6056174579422898
      ],
      "score": 0.5151233079493994,
      "debug": {
        "count": 94
      }
    },
    "dead_end_ratio": {
      "dead_end_ratio": 0.25,
      "dead_end_count": 1,
      "total_rooms": 4,
      "dead_end_rooms": [
        "rect_22"
      ],
      "score": 0.75
    },
    "key_path_length": {
      "raw_length": 4,
      "diameter": 8,
      "normalized_length": 0.5,
      "score": 0.36787944117144233,
      "path": [
        "rect_1",
        "rect_2",
        "rect_5",
        "rect_19",
        "rect_41"
      ],
      "center_node": "rect_1",
      "periphery_node": "rect_41",
      "center_eccentricity": 4,
      "graph_radius": 4,
      "fallback_method": "center_path",
      "note": "Used center path fallback due to unidentifiable entrance/exit"
    },
    "loop_ratio": {
      "total_rooms": 48,
      "total_edges": 94,
      "connected_components": 1,
      "cyclomatic_number": 47,
      "loop_ratio": 0.9791666666666666,
      "sigmoid_loop_ratio": 0.8261140670684554,
      "algorithm": "Cyclomatic formula + Sigmoid normalization",
      "note": "Direct calculation using E - V + C formula, then sigmoid mapping to [0,1]",
      "score_breakdown": {
        "raw_loop_ratio": 0.9791666666666666,
        "sigmoid_loop_ratio": 0.8261140670684554,
        "final_score": 0.8261140670684554
      }
    },
    "path_diversity": {
      "avg_path_diversity": 0.2696554889544994,
      "std_path_diversity": 0.22208171292039186,
      "max_path_diversity": 0.6422852468232797,