{
  "scores": {
    "accessibility": {
      "score": 0.812788815302801,
      "detail": {
        "reachability_ratio": 1.0,
        "avg_path_length": 3.880952380952381,
        "path_variance": 4.53344671201814,
        "normalized": [
          1.0,
          0.5687830687830687,
          0.9440315220738501
        ],
        "score": 0.812788815302801
      }
    },
    "degree_variance": {
      "score": 0.3262797946230395,
      "detail": {
        "raw_variance": 2.2399999999999998,
        "normalized_variance": 0.5599999999999999,
        "score": 0.3262797946230395,
        "degrees": [
          4,
          6,
          2,
          4,
          6
        ],
        "max_variance": 4.0,
        "room_count": 5,
        "mean_degree": 4.4
      }
    },
    "door_distribution": {
      "score": 0.49916579693990915,
      "detail": {
        "cv": 0.49920183995311224,
        "avg_distance": 2.2869994877676376,
        "avg_entropy": 0.7787000177812947,
        "weights": [
          0.3333333333333333,
          0.3333333333333333,
          0.3333333333333333
        ],
        "normalized": [
          0.7503990800234439,
          0.18538498379967286,
          0.5617133269966108
        ],
        "score": 0.49916579693990915,
        "debug": {
          "count": 73
        }
      }
    },
    "dead_end_ratio": {
      "score": 0.6,
      "detail": {
        "dead_end_ratio": 0.4,
        "dead_end_count": 2,
        "total_rooms": 5,
        "dead_end_rooms": [
          "rect_40",
          "rect_20"
        ],
        "score": 0.6
      }
    },
    "key_path_length": {
      "score": 0.30119421191220214,
      "detail": {
        "raw_length": 6,
        "diameter": 10,
        "normalized_length": 0.6,
        "score": 0.30119421191220214,
        "path": [
          "rect_3",
          "rect_1",
          "rect_0",
          "rect_2",
          "rect_4",
          "rect_7",
          "rect_10"
        ],
        "center_node": "rect_3",
        "periphery_node": "rect_10",
        "center_eccentricity": 6,
        "graph_radius": 6,
        "fallback_method": "center_path",
        "note": "Used center path fallback due to unidentifiable entrance/exit"
      }
    },
    "loop_ratio": {
      "score": 0.7546946600911881,
      "detail": {
        "total_rooms": 42,
        "total_edges": 73,
        "connected_components": 1,
        "cyclomatic_number": 32,
        "loop_ratio": 0.7619047619047619,
        "sigmoid_loop_ratio": 0.7546946600911881,
        "algorithm": "Cyclomatic formula + Sigmoid normalization",
        "note": "Direct calculation using E - V + C formula, then sigmoid mapping to [0,1]",
        "score_breakdown": {
          "raw_loop_ratio": 0.7619047619047619,
          "sigmoid_loop_ratio": 0.7546946600911881,
          "final_score": 0.7546946600911881
        }
      }
    },
    "path_diversity": {
      "score": 0.4001817583724427,
      "detail": {
        "avg_path_diversity": 0.3109747130347504,
        "std_path_diversity": 0.21877502642301502,
        "max_path_diversity": 0.7770836789250429,
        "min_path_diversity": 0.0,
        "total_pairs_analyzed": 42,
        "rounds_completed": 11,
        "detailed_analysis": {
          "round_0": {
            "pairs_analyzed": 4,
            "avg_diversity": 0.3889680635551556
          },
          "round_1": {
            "pairs_analyzed": 5,
            "avg_diversity": 0.30720298180331973
          },
          "round_2": {
            "pairs_analyzed": 3,
            "avg_diversity": 0.2487155171249982
          },
          "round_3": {
            "pairs_analyzed": 5,
            "avg_diversity": 0.25735387041549707
          },
          "round_4": {
            "pairs_analyzed": 4,
            "avg_diversity": 0.3457368658811678
          },
          "round_5": {
            "pairs_analyzed": 3,
            "avg_diversity": 0.28927623387589624
          },
          "round_6": {
            "pairs_analyzed": 2,
            "avg_diversity": 0.36932770397878095
          },
          "round_7": {
            "pairs_analyzed": 4,
            "avg_diversity": 0.44790921364054825
          },
          "round_8": {
            "pairs_analyzed": 4,
            "avg_diversity": 0.22365194007874897
          },
          "round_9": {
            "pairs_analyzed": 5,
            "avg_diversity": 0.3232696613061454
          },
          "round_10": {
            "pairs_analyzed": 3,
            "avg_diversity": 0.21470346208399227
          }
        },
        "adaptive_params": {
          "num_walks": 42,
          "max_walk_length": 10,
          "graph_diameter": 10,
          "avg_degree": 3.4761904761904763,
          "total_nodes": 42,
          "total_edges": 73
        },
        "algorithm": "Adaptive_random_walk_sampling",
        "sampling_strategy": "Multi-round (11 rounds, 5 pairs/round)",
        "normalization": "Robust_with_predefined_bounds",
        "fusion_method": "Geometric_mean_of_normalized_metrics",
        "performance": {
          "time_taken": 0.01854109764099121,
          "timeout": false
        }
      }
    },
    "treasure_monster_distribution": {
      "score": 0.39884599426281675,
      "detail": {
        "cv_treasure": 2.0,
        "uniformity_treasure": 0.0,
        "score": 0.39884599426281675,
        "cv_monster": 2.0,
        "uniformity_monster": 0.0,
        "avg_t2m_dist": 13.509256086106296,
        "proximity_score": 0.39884599426281675
      }
    },
    "geometric_balance": {
      "score": 0.8369078167513979,
      "detail": {
        "symmetry_ratio": 0.0,
        "uniformity_area": 0.8035714285714286,
        "uniformity_spacing": 0.8716271744314916,
        "score": 0.8369078167513979
      }
    }
  },
  "category_scores": {
    "structural": 0.5277578624630833,
    "gameplay": 0.39884599426281675,
    "aesthetic": 0.8369078167513979
  },
  "overall_score": 0.5878372244924326,
  "grade": "C",
  "details": {
    "accessibility": {
      "reachability_ratio": 1.0,
      "avg_path_length": 3.880952380952381,
      "path_variance": 4.53344671201814,
      "normalized": [
        1.0,
        0.5687830687830687,
        0.9440315220738501
      ],
      "score": 0.812788815302801
    },
    "degree_variance": {
      "raw_variance": 2.2399999999999998,
      "normalized_variance": 0.5599999999999999,
      "score": 0.3262797946230395,
      "degrees": [
        4,
        6,
        2,
        4,
        6
      ],
      "max_variance": 4.0,
      "room_count": 5,
      "mean_degree": 4.4
    },
    "door_distribution": {
      "cv": 0.49920183995311224,
      "avg_distance": 2.2869994877676376,
      "avg_entropy": 0.7787000177812947,
      "weights": [
        0.3333333333333333,
        0.3333333333333333,
        0.3333333333333333
      ],
      "normalized": [
        0.7503990800234439,
        0.18538498379967286,
        0.5617133269966108
      ],
      "score": 0.49916579693990915,
      "debug": {
        "count": 73
      }
    },
    "dead_end_ratio": {
      "dead_end_ratio": 0.4,
      "dead_end_count": 2,
      "total_rooms": 5,
      "dead_end_rooms": [
        "rect_40",
        "rect_20"
      ],
      "score": 0.6
    },
    "key_path_length": {
      "raw_length": 6,
      "diameter": 10,
      "normalized_length": 0.6,
      "score": 0.30119421191220214,
      "path": [
        "rect_3",
        "rect_1",
        "rect_0",
        "rect_2",
        "rect_4",
        "rect_7",
        "rect_10"
      ],
      "center_node": "rect_3",
      "periphery_node": "rect_10",
      "center_eccentricity": 6,
      "graph_radius": 6,
      "fallback_method": "center_path",
      "note": "Used center path fallback due to unidentifiable entrance/exit"
    },
    "loop_ratio": {
      "total_rooms": 42,
      "total_edges": 73,
      "connected_components": 1,
      "cyclomatic_number": 32,
      "loop_ratio": 0.7619047619047619,
      "sigmoid_loop_ratio": 0.7546946600911881,