{
  "scores": {
    "accessibility": {
      "score": 0.7834326616822092,
      "detail": {
        "reachability_ratio": 1.0,
        "avg_path_length": 3.4363636363636365,
        "path_variance": 2.7186776859504134,
        "normalized": [
          1.0,
          0.509090909090909,
          0.9445167819193794
        ],
        "score": 0.7834326616822092
      }
    },
    "degree_variance": {
      "score": 0.38289288597511206,
      "detail": {
        "raw_variance": 3.0,
        "normalized_variance": 0.48,
        "score": 0.38289288597511206,
        "degrees": [
          5,
          6,
          6,
          3,
          2,
          2
        ],
        "max_variance": 6.25,
        "room_count": 6,
        "mean_degree": 4.0
      }
    },
    "door_distribution": {
      "score": 0.47996327372120834,
      "detail": {
        "cv": 0.5474631577475411,
        "avg_distance": 3.0103544277788914,
        "avg_entropy": 0.7267475820896657,
        "weights": [
          0.3333333333333333,
          0.3333333333333333,
          0.3333333333333333
        ],
        "normalized": [
          0.7262684211262295,
          0.18938383370799278,
          0.5242375663294028
        ],
        "score": 0.47996327372120834,
        "debug": {
          "count": 88
        }
      }
    },
    "dead_end_ratio": {
      "score": 0.5,
      "detail": {
        "dead_end_ratio": 0.5,
        "dead_end_count": 3,
        "total_rooms": 6,
        "dead_end_rooms": [
          "rect_26",
          "rect_52",
          "rect_53"
        ],
        "score": 0.5
      }
    },
    "key_path_length": {
      "score": 0.5647181220077593,
      "detail": {
        "raw_length": 2,
        "diameter": 7,
        "normalized_length": 0.2857142857142857,
        "score": 0.5647181220077593,
        "path": [
          "rect_0",
          "rect_1",
          "rect_3"
        ],
        "entrance": "rect_0",
        "exit": "rect_3"
      }
    },
    "loop_ratio": {
      "score": 0.6976988035225049,
      "detail": {
        "total_rooms": 55,
        "total_edges": 88,
        "connected_components": 1,
        "cyclomatic_number": 34,
        "loop_ratio": 0.6181818181818182,
        "sigmoid_loop_ratio": 0.6976988035225049,
        "algorithm": "Cyclomatic formula + Sigmoid normalization",
        "note": "Direct calculation using E - V + C formula, then sigmoid mapping to [0,1]",
        "score_breakdown": {
          "raw_loop_ratio": 0.6181818181818182,
          "sigmoid_loop_ratio": 0.6976988035225049,
          "final_score": 0.6976988035225049
        }
      }
    },
    "path_diversity": {
      "score": 0.4038351688049193,
      "detail": {
        "avg_path_diversity": 0.29857261123924694,
        "std_path_diversity": 0.2326551962408156,
        "max_path_diversity": 0.7393427673048417,
        "min_path_diversity": 0.0,
        "total_pairs_analyzed": 55,
        "rounds_completed": 10,
        "detailed_analysis": {
          "round_0": {
            "pairs_analyzed": 6,
            "avg_diversity": 0.29013499392359027
          },
          "round_1": {
            "pairs_analyzed": 5,
            "avg_diversity": 0.2546663964673791
          },
          "round_2": {
            "pairs_analyzed": 5,
            "avg_diversity": 0.21002732329800528
          },
          "round_3": {
            "pairs_analyzed": 6,
            "avg_diversity": 0.2715711863608248
          },
          "round_4": {
            "pairs_analyzed": 4,
            "avg_diversity": 0.3763241974322261
          },
          "round_5": {
            "pairs_analyzed": 6,
            "avg_diversity": 0.2839259496448063
          },
          "round_6": {
            "pairs_analyzed": 7,
            "avg_diversity": 0.2842380540836633
          },
          "round_7": {
            "pairs_analyzed": 7,
            "avg_diversity": 0.4279160687917884
          },
          "round_8": {
            "pairs_analyzed": 3,
            "avg_diversity": 0.2662915253640983
          },
          "round_9": {
            "pairs_analyzed": 6,
            "avg_diversity": 0.28916366896782814
          }
        },
        "adaptive_params": {
          "num_walks": 55,
          "max_walk_length": 9,
          "graph_diameter": 9,
          "avg_degree": 3.2,
          "total_nodes": 55,
          "total_edges": 88
        },
        "algorithm": "Adaptive_random_walk_sampling",
        "sampling_strategy": "Multi-round (10 rounds, 7 pairs/round)",
        "normalization": "Robust_with_predefined_bounds",
        "fusion_method": "Geometric_mean_of_normalized_metrics",
        "performance": {
          "time_taken": 0.0294950008392334,
          "timeout": false
        }
      }
    },
    "treasure_monster_distribution": {
      "score": 0.7480288381171142,
      "detail": {
        "cv_treasure": 0.4472135954999579,
        "uniformity_treasure": 0.8,
        "score": 0.7480288381171142,
        "cv_monster": 2.23606797749979,
        "uniformity_monster": 0.0,
        "avg_t2m_dist": 8.737120184127365,
        "proximity_score": 0.6994339283185498
      }
    },
    "geometric_balance": {
      "score": 0.8372945963536501,
      "detail": {
        "symmetry_ratio": 0.0,
        "uniformity_area": 0.7161479397459767,
        "uniformity_spacing": 0.9789349409169482,
        "score": 0.8372945963536501
      }
    }
  },
  "category_scores": {
    "structural": 0.5446487022448162,
    "gameplay": 0.7480288381171142,
    "aesthetic": 0.8372945963536501
  },
  "overall_score": 0.7099907122385267,
  "grade": "B",
  "details": {
    "accessibility": {
      "reachability_ratio": 1.0,
      "avg_path_length": 3.4363636363636365,
      "path_variance": 2.7186776859504134,
      "normalized": [
        1.0,
        0.509090909090909,
        0.9445167819193794
      ],
      "score": 0.7834326616822092
    },
    "degree_variance": {
      "raw_variance": 3.0,
      "normalized_variance": 0.48,
      "score": 0.38289288597511206,
      "degrees": [
        5,
        6,
        6,
        3,
        2,
        2
      ],
      "max_variance": 6.25,
      "room_count": 6,
      "mean_degree": 4.0
    },
    "door_distribution": {
      "cv": 0.5474631577475411,
      "avg_distance": 3.0103544277788914,
      "avg_entropy": 0.7267475820896657,
      "weights": [
        0.3333333333333333,
        0.3333333333333333,
        0.3333333333333333
      ],
      "normalized": [
        0.7262684211262295,
        0.18938383370799278,
        0.5242375663294028
      ],
      "score": 0.47996327372120834,
      "debug": {
        "count": 88
      }
    },
    "dead_end_ratio": {
      "dead_end_ratio": 0.5,
      "dead_end_count": 3,
      "total_rooms": 6,
      "dead_end_rooms": [
        "rect_26",
        "rect_52",
        "rect_53"
      ],
      "score": 0.5
    },
    "key_path_length": {
      "raw_length": 2,
      "diameter": 7,
      "normalized_length": 0.2857142857142857,
      "score": 0.5647181220077593,
      "path": [
        "rect_0",
        "rect_1",
        "rect_3"
      ],
      "entrance": "rect_0",
      "exit": "rect_3"
    },
    "loop_ratio": {
      "total_rooms": 55,
      "total_edges": 88,
      "connected_components": 1,
      "cyclomatic_number": 34,
      "loop_ratio": 0.6181818181818182,
      "sigmoid_loop_ratio": 0.6976988035225049,
      "algorithm": "Cyclomatic formula + Sigmoid normalization",
      "note": "Direct calculation using E - V + C formula, then sigmoid mapping to [0,1]",
      "score_breakdown": {
        "raw_loop_ratio": 0.6181818181818182,
        "sigmoid_loop_ratio": 0.6976988035225049,
        "final_score": 0.6976988035225049
      }
    },
    "path_diversity": {
      "avg_path_diversity": 0.29857261123924694,
      "std_path_diversity": 0.2326551962408156,
      "max_path_diversity": 0.7393427673048417,
      "min_path_diversity": 0.0,
      "total_pairs_analyzed": 55,
      "rounds_completed": 10,