{
  "scores": {
    "accessibility": {
      "score": 0.7599412826021789,
      "detail": {
        "reachability_ratio": 1.0,
        "avg_path_length": 5.901234567901234,
        "path_variance": 6.434689833866788,
        "normalized": [
          1.0,
          0.4635241301907969,
          0.9468207451746546
        ],
        "score": 0.7599412826021789
      }
    },
    "degree_variance": {
      "score": 0.3395955256449391,
      "detail": {
        "raw_variance": 2.16,
        "normalized_variance": 0.54,
        "score": 0.3395955256449391,
        "degrees": [
          2,
          6,
          2,
          3,
          3
        ],
        "max_variance": 4.0,
        "room_count": 5,
        "mean_degree": 3.2
      }
    },
    "door_distribution": {
      "score": 0.4961917755718268,
      "detail": {
        "cv": 0.4804376260244404,
        "avg_distance": 2.298065575548193,
        "avg_entropy": 0.8081605703534398,
        "weights": [
          0.3333333333333333,
          0.3333333333333333,
          0.3333333333333333
        ],
        "normalized": [
          0.7597811869877797,
          0.1458295161822487,
          0.582964623545452
        ],
        "score": 0.4961917755718268,
        "debug": {
          "count": 160
        }
      }
    },
    "dead_end_ratio": {
      "score": 0.6,
      "detail": {
        "dead_end_ratio": 0.4,
        "dead_end_count": 2,
        "total_rooms": 5,
        "dead_end_rooms": [
          "rect_38",
          "rect_76"
        ],
        "score": 0.6
      }
    },
    "key_path_length": {
      "score": 0.34415378686541237,
      "detail": {
        "raw_length": 8,
        "diameter": 15,
        "normalized_length": 0.5333333333333333,
        "score": 0.34415378686541237,
        "path": [
          "rect_12",
          "rect_7",
          "rect_11",
          "rect_10",
          "rect_16",
          "rect_19",
          "rect_36",
          "rect_32",
          "rect_70"
        ],
        "center_node": "rect_12",
        "periphery_node": "rect_70",
        "center_eccentricity": 8,
        "graph_radius": 8,
        "fallback_method": "center_path",
        "note": "Used center path fallback due to unidentifiable entrance/exit"
      }
    },
    "loop_ratio": {
      "score": 0.8285390807894005,
      "detail": {
        "total_rooms": 81,
        "total_edges": 160,
        "connected_components": 1,
        "cyclomatic_number": 80,
        "loop_ratio": 0.9876543209876543,
        "sigmoid_loop_ratio": 0.8285390807894005,
        "algorithm": "Cyclomatic formula + Sigmoid normalization",
        "note": "Direct calculation using E - V + C formula, then sigmoid mapping to [0,1]",
        "score_breakdown": {
          "raw_loop_ratio": 0.9876543209876543,
          "sigmoid_loop_ratio": 0.8285390807894005,
          "final_score": 0.8285390807894005
        }
      }
    },
    "path_diversity": {
      "score": 0.46288493637863987,
      "detail": {
        "avg_path_diversity": 0.34934773914192707,
        "std_path_diversity": 0.21836084566054056,
        "max_path_diversity": 0.7547183148257834,
        "min_path_diversity": 0.0,
        "total_pairs_analyzed": 57,
        "rounds_completed": 14,
        "detailed_analysis": {
          "round_0": {
            "pairs_analyzed": 3,
            "avg_diversity": 0.3556538978827972
          },
          "round_1": {
            "pairs_analyzed": 5,
            "avg_diversity": 0.36215326784593554
          },
          "round_2": {
            "pairs_analyzed": 2,
            "avg_diversity": 0.5112267808417096
          },
          "round_3": {
            "pairs_analyzed": 3,
            "avg_diversity": 0.3290767483040262
          },
          "round_4": {
            "pairs_analyzed": 4,
            "avg_diversity": 0.253555906396693
          },
          "round_5": {
            "pairs_analyzed": 5,
            "avg_diversity": 0.4418399003435704
          },
          "round_6": {
            "pairs_analyzed": 5,
            "avg_diversity": 0.31480201541478847
          },
          "round_7": {
            "pairs_analyzed": 4,
            "avg_diversity": 0.47584551821829346
          },
          "round_8": {
            "pairs_analyzed": 5,
            "avg_diversity": 0.36493048363444974
          },
          "round_9": {
            "pairs_analyzed": 5,
            "avg_diversity": 0.2822289798934689
          },
          "round_10": {
            "pairs_analyzed": 4,
            "avg_diversity": 0.2688245458925692
          },
          "round_11": {
            "pairs_analyzed": 4,
            "avg_diversity": 0.3888162360394849
          },
          "round_12": {
            "pairs_analyzed": 5,
            "avg_diversity": 0.2784755064035308
          },
          "round_13": {
            "pairs_analyzed": 3,
            "avg_diversity": 0.35528534565969067
          }
        },
        "adaptive_params": {
          "num_walks": 81,
          "max_walk_length": 13,
          "graph_diameter": 13,
          "avg_degree": 3.950617283950617,
          "total_nodes": 81,
          "total_edges": 160
        },
        "algorithm": "Adaptive_random_walk_sampling",
        "sampling_strategy": "Multi-round (14 rounds, 6 pairs/round)",
        "normalization": "Robust_with_predefined_bounds",
        "fusion_method": "Geometric_mean_of_normalized_metrics",
        "performance": {
          "time_taken": 0.09380197525024414,
          "timeout": false
        }
      }
    },
    "treasure_monster_distribution": {
      "score": 0.3876275643042054,
      "detail": {
        "cv_treasure": 1.2247448713915892,
        "uniformity_treasure": 0.3876275643042054,
        "score": 0.3876275643042054,
        "cv_monster": 0.0,
        "uniformity_monster": 0.0,
        "avg_t2m_dist": 0.0,
        "proximity_score": 0.0,
        "note": "Only treasure distribution evaluated (no monsters found)"
      }
    },
    "geometric_balance": {
      "score": 0.8346434409572837,
      "detail": {
        "symmetry_ratio": 0.0,
        "uniformity_area": 0.7860425795215839,
        "uniformity_spacing": 0.8862492843034161,
        "score": 0.8346434409572837
      }
    }
  },
  "category_scores": {
    "structural": 0.547329483978914,
    "gameplay": 0.3876275643042054,
    "aesthetic": 0.8346434409572837
  },
  "overall_score": 0.589866829746801,
  "grade": "C",
  "details": {
    "accessibility": {
      "reachability_ratio": 1.0,
      "avg_path_length": 5.901234567901234,
      "path_variance": 6.434689833866788,
      "normalized": [
        1.0,
        0.4635241301907969,
        0.9468207451746546
      ],
      "score": 0.7599412826021789
    },
    "degree_variance": {
      "raw_variance": 2.16,
      "normalized_variance": 0.54,
      "score": 0.3395955256449391,
      "degrees": [
        2,
        6,
        2,
        3,
        3
      ],
      "max_variance": 4.0,
      "room_count": 5,
      "mean_degree": 3.2
    },
    "door_distribution": {
      "cv": 0.4804376260244404,
      "avg_distance": 2.298065575548193,
      "avg_entropy": 0.8081605703534398,
      "weights": [
        0.3333333333333333,
        0.3333333333333333,
        0.3333333333333333
      ],
      "normalized": [
        0.7597811869877797,
        0.1458295161822487,
        0.582964623545452
      ],
      "score": 0.4961917755718268,
      "debug": {
        "count": 160
      }
    },
    "dead_end_ratio": {
      "dead_end_ratio": 0.4,
      "dead_end_count": 2,
      "total_rooms": 5,
      "dead_end_rooms": [
        "rect_38",
        "rect_76"
      ],
      "score": 0.6
    },
    "key_path_length": {
      "raw_length": 8,
      "diameter": 15,
      "normalized_length": 0.5333333333333333,
      "score": 0.34415378686541237,