{
  "scores": {
    "accessibility": {
      "score": 0.7671598565442489,
      "detail": {
        "reachability_ratio": 1.0,
        "avg_path_length": 2.0588235294117645,
        "path_variance": 1.1141868512110726,
        "normalized": [
          1.0,
          0.4852941176470589,
          0.9303633217993079
        ],
        "score": 0.7671598565442489
      }
    },
    "degree_variance": {
      "score": 0.6411803884299546,
      "detail": {
        "raw_variance": 0.22222222222222224,
        "normalized_variance": 0.22222222222222224,
        "score": 0.6411803884299546,
        "degrees": [
          4,
          4,
          3
        ],
        "max_variance": 1.0,
        "room_count": 3,
        "mean_degree": 3.6666666666666665
      }
    },
    "door_distribution": {
      "score": 0.5208356356277233,
      "detail": {
        "cv": 0.531581484978049,
        "avg_distance": 2.827476199965119,
        "avg_entropy": 0.6812742202353532,
        "weights": [
          0.3333333333333333,
          0.3333333333333333,
          0.3333333333333333
        ],
        "normalized": [
          0.7342092575109755,
          0.3368621798626745,
          0.49143546950951983
        ],
        "score": 0.5208356356277233,
        "debug": {
          "count": 27
        }
      }
    },
    "dead_end_ratio": {
      "score": 0.6666666666666667,
      "detail": {
        "dead_end_ratio": 0.3333333333333333,
        "dead_end_count": 1,
        "total_rooms": 3,
        "dead_end_rooms": [
          "rect_8"
        ],
        "score": 0.6666666666666667
      }
    },
    "key_path_length": {
      "score": 0.6703200460356393,
      "detail": {
        "raw_length": 1,
        "diameter": 5,
        "normalized_length": 0.2,
        "score": 0.6703200460356393,
        "path": [
          "rect_2",
          "rect_4"
        ],
        "entrance": "rect_2",
        "exit": "rect_4"
      }
    },
    "loop_ratio": {
      "score": 0.7097391789118748,
      "detail": {
        "total_rooms": 17,
        "total_edges": 27,
        "connected_components": 1,
        "cyclomatic_number": 11,
        "loop_ratio": 0.6470588235294118,
        "sigmoid_loop_ratio": 0.7097391789118748,
        "algorithm": "Cyclomatic formula + Sigmoid normalization",
        "note": "Direct calculation using E - V + C formula, then sigmoid mapping to [0,1]",
        "score_breakdown": {
          "raw_loop_ratio": 0.6470588235294118,
          "sigmoid_loop_ratio": 0.7097391789118748,
          "final_score": 0.7097391789118748
        }
      }
    },
    "path_diversity": {
      "score": 0.4777343074036545,
      "detail": {
        "avg_path_diversity": 0.25071386963184017,
        "std_path_diversity": 0.1921941396867993,
        "max_path_diversity": 0.5247977081537148,
        "min_path_diversity": 0.0,
        "total_pairs_analyzed": 37,
        "rounds_completed": 4,
        "detailed_analysis": {
          "round_0": {
            "pairs_analyzed": 9,
            "avg_diversity": 0.2662678366243764
          },
          "round_1": {
            "pairs_analyzed": 9,
            "avg_diversity": 0.13243328084886094
          },
          "round_2": {
            "pairs_analyzed": 9,
            "avg_diversity": 0.3797279486672066
          },
          "round_3": {
            "pairs_analyzed": 10,
            "avg_diversity": 0.22705515811140903
          }
        },
        "adaptive_params": {
          "num_walks": 17,
          "max_walk_length": 4,
          "graph_diameter": 4,
          "avg_degree": 3.176470588235294,
          "total_nodes": 17,
          "total_edges": 27
        },
        "algorithm": "Adaptive_random_walk_sampling",
        "sampling_strategy": "Multi-round (4 rounds, 12 pairs/round)",
        "normalization": "Robust_with_predefined_bounds",
        "fusion_method": "Geometric_mean_of_normalized_metrics",
        "performance": {
          "time_taken": 0.003171205520629883,
          "timeout": false
        }
      }
    },
    "treasure_monster_distribution": {
      "score": 0.0,
      "detail": {
        "reason": "No treasures found"
      }
    },
    "geometric_balance": {
      "score": 0.8429272304235246,
      "detail": {
        "symmetry_ratio": 0.0,
        "uniformity_area": 0.7105263157894737,
        "uniformity_spacing": 1.0,
        "score": 0.8429272304235246
      }
    }
  },
  "category_scores": {
    "structural": 0.6362337256599662,
    "gameplay": 0.0,
    "aesthetic": 0.8429272304235246
  },
  "overall_score": 0.4930536520278302,
  "grade": "D",
  "details": {
    "accessibility": {
      "reachability_ratio": 1.0,
      "avg_path_length": 2.0588235294117645,
      "path_variance": 1.1141868512110726,
      "normalized": [
        1.0,
        0.4852941176470589,
        0.9303633217993079
      ],
      "score": 0.7671598565442489
    },
    "degree_variance": {
      "raw_variance": 0.22222222222222224,
      "normalized_variance": 0.22222222222222224,
      "score": 0.6411803884299546,
      "degrees": [
        4,
        4,
        3
      ],
      "max_variance": 1.0,
      "room_count": 3,
      "mean_degree": 3.6666666666666665
    },
    "door_distribution": {
      "cv": 0.531581484978049,
      "avg_distance": 2.827476199965119,
      "avg_entropy": 0.6812742202353532,
      "weights": [
        0.3333333333333333,
        0.3333333333333333,
        0.3333333333333333
      ],
      "normalized": [
        0.7342092575109755,
        0.3368621798626745,
        0.49143546950951983
      ],
      "score": 0.5208356356277233,
      "debug": {
        "count": 27
      }
    },
    "dead_end_ratio": {
      "dead_end_ratio": 0.3333333333333333,
      "dead_end_count": 1,
      "total_rooms": 3,
      "dead_end_rooms": [
        "rect_8"
      ],
      "score": 0.6666666666666667
    },
    "key_path_length": {
      "raw_length": 1,
      "diameter": 5,
      "normalized_length": 0.2,
      "score": 0.6703200460356393,
      "path": [
        "rect_2",
        "rect_4"
      ],
      "entrance": "rect_2",
      "exit": "rect_4"
    },
    "loop_ratio": {
      "total_rooms": 17,
      "total_edges": 27,
      "connected_components": 1,
      "cyclomatic_number": 11,
      "loop_ratio": 0.6470588235294118,
      "sigmoid_loop_ratio": 0.7097391789118748,
      "algorithm": "Cyclomatic formula + Sigmoid normalization",
      "note": "Direct calculation using E - V + C formula, then sigmoid mapping to [0,1]",
      "score_breakdown": {
        "raw_loop_ratio": 0.6470588235294118,
        "sigmoid_loop_ratio": 0.7097391789118748,
        "final_score": 0.7097391789118748
      }
    },
    "path_diversity": {
      "avg_path_diversity": 0.25071386963184017,
      "std_path_diversity": 0.1921941396867993,
      "max_path_diversity": 0.5247977081537148,
      "min_path_diversity": 0.0,
      "total_pairs_analyzed": 37,
      "rounds_completed": 4,
      "detailed_analysis": {
        "round_0": {
          "pairs_analyzed": 9,
          "avg_diversity": 0.2662678366243764
        },
        "round_1": {
          "pairs_analyzed": 9,
          "avg_diversity": 0.13243328084886094
        },
        "round_2": {
          "pairs_analyzed": 9,
          "avg_diversity": 0.3797279486672066
        },
        "round_3": {
          "pairs_analyzed": 10,
          "avg_diversity": 0.22705515811140903
        }
      },
      "adaptive_params": {
        "num_walks": 17,
        "max_walk_length": 4,
        "graph_diameter": 4,
        "avg_degree": 3.176470588235294,
        "total_nodes": 17,
        "total_edges": 27
      },
      "algorithm": "Adaptive_random_walk_sampling",
      "sampling_strategy": "Multi-round (4 rounds, 12 pairs/round)",
      "normalization": "Robust_with_predefined_bounds",
      "fusion_method": "Geometric_mean_of_normalized_metrics",
      "performance": {
        "time_taken": 0.003171205520629883,
        "timeout": false
      }
    },