{
  "scores": {
    "accessibility": {
      "score": 0.7975093149746366,
      "detail": {
        "reachability_ratio": 1.0,
        "avg_path_length": 4.90625,
        "path_variance": 10.2099609375,
        "normalized": [
          1.0,
          0.5539772727272727,
          0.9156201575413223
        ],
        "score": 0.7975093149746366
      }
    },
    "degree_variance": {
      "score": 1.0,
      "detail": {
        "raw_variance": 0.0,
        "normalized_variance": 0.0,
        "score": 1.0,
        "degrees": [
          4,
          4,
          4
        ],
        "max_variance": 1.0,
        "room_count": 3,
        "mean_degree": 4.0
      }
    },
    "door_distribution": {
      "score": 0.49940810099850863,
      "detail": {
        "cv": 0.2966479394838265,
        "avg_distance": 2.3394814515854137,
        "avg_entropy": 0.7231175317887836,
        "weights": [
          0.3333333333333333,
          0.3333333333333333,
          0.3333333333333333
        ],
        "normalized": [
          0.8516760302580868,
          0.12492923419166627,
          0.5216190385457727
        ],
        "score": 0.49940810099850863,
        "debug": {
          "count": 50
        }
      }
    },
    "dead_end_ratio": {
      "score": 0.6666666666666667,
      "detail": {
        "dead_end_ratio": 0.3333333333333333,
        "dead_end_count": 1,
        "total_rooms": 3,
        "dead_end_rooms": [
          "rect_16"
        ],
        "score": 0.6666666666666667
      }
    },
    "key_path_length": {
      "score": 0.29206782369141415,
      "detail": {
        "raw_length": 8,
        "diameter": 13,
        "normalized_length": 0.6153846153846154,
        "score": 0.29206782369141415,
        "path": [
          "rect_7",
          "rect_6",
          "rect_5",
          "rect_4",
          "rect_3",
          "rect_2",
          "rect_1",
          "rect_0",
          "rect_16"
        ],
        "center_node": "rect_7",
        "periphery_node": "rect_16",
        "center_eccentricity": 8,
        "graph_radius": 8,
        "fallback_method": "center_path",
        "note": "Used center path fallback due to unidentifiable entrance/exit"
      }
    },
    "loop_ratio": {
      "score": 0.6872942801972042,
      "detail": {
        "total_rooms": 32,
        "total_edges": 50,
        "connected_components": 1,
        "cyclomatic_number": 19,
        "loop_ratio": 0.59375,
        "sigmoid_loop_ratio": 0.6872942801972042,
        "algorithm": "Cyclomatic formula + Sigmoid normalization",
        "note": "Direct calculation using E - V + C formula, then sigmoid mapping to [0,1]",
        "score_breakdown": {
          "raw_loop_ratio": 0.59375,
          "sigmoid_loop_ratio": 0.6872942801972042,
          "final_score": 0.6872942801972042
        }
      }
    },
    "path_diversity": {
      "score": 0.4944198851499679,
      "detail": {
        "avg_path_diversity": 0.3375768339917893,
        "std_path_diversity": 0.17227350730301172,
        "max_path_diversity": 0.6827735779465973,
        "min_path_diversity": 0.0,
        "total_pairs_analyzed": 49,
        "rounds_completed": 14,
        "detailed_analysis": {
          "round_0": {
            "pairs_analyzed": 4,
            "avg_diversity": 0.4068808185659774
          },
          "round_1": {
            "pairs_analyzed": 4,
            "avg_diversity": 0.34745622154592004
          },
          "round_2": {
            "pairs_analyzed": 4,
            "avg_diversity": 0.35335802688007495
          },
          "round_3": {
            "pairs_analyzed": 4,
            "avg_diversity": 0.39602320194812685
          },
          "round_4": {
            "pairs_analyzed": 3,
            "avg_diversity": 0.26279721741035433
          },
          "round_5": {
            "pairs_analyzed": 3,
            "avg_diversity": 0.21214705538172854
          },
          "round_6": {
            "pairs_analyzed": 4,
            "avg_diversity": 0.44635329749335545
          },
          "round_7": {
            "pairs_analyzed": 3,
            "avg_diversity": 0.31362847190062665
          },
          "round_8": {
            "pairs_analyzed": 3,
            "avg_diversity": 0.23301643621433568
          },
          "round_9": {
            "pairs_analyzed": 3,
            "avg_diversity": 0.3918447727432635
          },
          "round_10": {
            "pairs_analyzed": 4,
            "avg_diversity": 0.4269901648037434
          },
          "round_11": {
            "pairs_analyzed": 3,
            "avg_diversity": 0.2691394736809834
          },
          "round_12": {
            "pairs_analyzed": 4,
            "avg_diversity": 0.27588789750469334
          },
          "round_13": {
            "pairs_analyzed": 3,
            "avg_diversity": 0.2939153562120776
          }
        },
        "adaptive_params": {
          "num_walks": 32,
          "max_walk_length": 13,
          "graph_diameter": 13,
          "avg_degree": 3.125,
          "total_nodes": 32,
          "total_edges": 50
        },
        "algorithm": "Adaptive_random_walk_sampling",
        "sampling_strategy": "Multi-round (14 rounds, 4 pairs/round)",
        "normalization": "Robust_with_predefined_bounds",
        "fusion_method": "Geometric_mean_of_normalized_metrics",
        "performance": {
          "time_taken": 0.0179750919342041,
          "timeout": false
        }
      }
    },
    "treasure_monster_distribution": {
      "score": 0.622305212699751,
      "detail": {
        "cv_treasure": 1.4142135623730951,
        "uniformity_treasure": 0.0,
        "score": 0.622305212699751,
        "cv_monster": 1.4142135623730951,
        "uniformity_monster": 0.0,
        "avg_t2m_dist": 10.0,
        "proximity_score": 0.622305212699751
      }
    },
    "geometric_balance": {
      "score": 0.6599596508374028,
      "detail": {
        "symmetry_ratio": 0.0,
        "uniformity_area": 0.5852438254708932,
        "uniformity_spacing": 0.7442141578904848,
        "score": 0.6599596508374028
      }
    }
  },
  "category_scores": {
    "structural": 0.6339094388111998,
    "gameplay": 0.622305212699751,
    "aesthetic": 0.6599596508374028
  },
  "overall_score": 0.6387247674494512,
  "grade": "C",
  "details": {
    "accessibility": {
      "reachability_ratio": 1.0,
      "avg_path_length": 4.90625,
      "path_variance": 10.2099609375,
      "normalized": [
        1.0,
        0.5539772727272727,
        0.9156201575413223
      ],
      "score": 0.7975093149746366
    },
    "degree_variance": {
      "raw_variance": 0.0,
      "normalized_variance": 0.0,
      "score": 1.0,
      "degrees": [
        4,
        4,
        4
      ],
      "max_variance": 1.0,
      "room_count": 3,
      "mean_degree": 4.0
    },
    "door_distribution": {
      "cv": 0.2966479394838265,
      "avg_distance": 2.3394814515854137,
      "avg_entropy": 0.7231175317887836,
      "weights": [
        0.3333333333333333,
        0.3333333333333333,
        0.3333333333333333
      ],
      "normalized": [
        0.8516760302580868,
        0.12492923419166627,
        0.5216190385457727
      ],
      "score": 0.49940810099850863,
      "debug": {
        "count": 50
      }
    },
    "dead_end_ratio": {
      "dead_end_ratio": 0.3333333333333333,
      "dead_end_count": 1,
      "total_rooms": 3,
      "dead_end_rooms": [
        "rect_16"
      ],
      "score": 0.6666666666666667
    },
    "key_path_length": {
      "raw_length": 8,
      "diameter": 13,
      "normalized_length": 0.6153846153846154,
      "score": 0.29206782369141415,
      "path": [
        "rect_7",
        "rect_6",
        "rect_5",
        "rect_4",
        "rect_3",
        "rect_2",
        "rect_1",
        "rect_0",
        "rect_16"
      ],
      "center_node": "rect_7",
      "periphery_node": "rect_16",
      "center_eccentricity": 8,
      "graph_radius": 8,
      "fallback_method": "center_path",