{
  "scores": {
    "accessibility": {
      "score": 0.7670156990885199,
      "detail": {
        "reachability_ratio": 1.0,
        "avg_path_length": 2.066666666666667,
        "path_variance": 1.0622222222222222,
        "normalized": [
          1.0,
          0.4833333333333333,
          0.9336111111111112
        ],
        "score": 0.7670156990885199
      }
    },
    "degree_variance": {
      "score": 0.1353352832366127,
      "detail": {
        "raw_variance": 6.75,
        "normalized_variance": 1.0,
        "score": 0.1353352832366127,
        "degrees": [
          8,
          2,
          2,
          2
        ],
        "max_variance": 6.75,
        "room_count": 4,
        "mean_degree": 3.5
      }
    },
    "door_distribution": {
      "score": 0.5067417897839498,
      "detail": {
        "cv": 0.5986805219371503,
        "avg_distance": 2.543658515096241,
        "avg_entropy": 0.7472433310467012,
        "weights": [
          0.3333333333333333,
          0.3333333333333333,
          0.3333333333333333
        ],
        "normalized": [
          0.7006597390314249,
          0.28054350630121166,
          0.5390221240192129
        ],
        "score": 0.5067417897839498,
        "debug": {
          "count": 56
        }
      }
    },
    "dead_end_ratio": {
      "score": 0.75,
      "detail": {
        "dead_end_ratio": 0.25,
        "dead_end_count": 1,
        "total_rooms": 4,
        "dead_end_rooms": [
          "rect_14"
        ],
        "score": 0.75
      }
    },
    "key_path_length": {
      "score": 0.31890655732397044,
      "detail": {
        "raw_length": 4,
        "diameter": 7,
        "normalized_length": 0.5714285714285714,
        "score": 0.31890655732397044,
        "path": [
          "rect_2",
          "rect_4",
          "rect_5",
          "rect_7",
          "rect_25"
        ],
        "center_node": "rect_2",
        "periphery_node": "rect_25",
        "center_eccentricity": 4,
        "graph_radius": 4,
        "fallback_method": "center_path",
        "note": "Used center path fallback due to unidentifiable entrance/exit"
      }
    },
    "loop_ratio": {
      "score": 0.8021838885585817,
      "detail": {
        "total_rooms": 30,
        "total_edges": 56,
        "connected_components": 1,
        "cyclomatic_number": 27,
        "loop_ratio": 0.9,
        "sigmoid_loop_ratio": 0.8021838885585817,
        "algorithm": "Cyclomatic formula + Sigmoid normalization",
        "note": "Direct calculation using E - V + C formula, then sigmoid mapping to [0,1]",
        "score_breakdown": {
          "raw_loop_ratio": 0.9,
          "sigmoid_loop_ratio": 0.8021838885585817,
          "final_score": 0.8021838885585817
        }
      }
    },
    "path_diversity": {
      "score": 0.5389224763387357,
      "detail": {
        "avg_path_diversity": 0.3111470363376185,
        "std_path_diversity": 0.18799416276723102,
        "max_path_diversity": 0.5773502683566853,
        "min_path_diversity": 0.0,
        "total_pairs_analyzed": 43,
        "rounds_completed": 5,
        "detailed_analysis": {
          "round_0": {
            "pairs_analyzed": 7,
            "avg_diversity": 0.37604269902583276
          },
          "round_1": {
            "pairs_analyzed": 10,
            "avg_diversity": 0.2998778476806581
          },
          "round_2": {
            "pairs_analyzed": 9,
            "avg_diversity": 0.29852853133153384
          },
          "round_3": {
            "pairs_analyzed": 8,
            "avg_diversity": 0.3636972536690096
          },
          "round_4": {
            "pairs_analyzed": 9,
            "avg_diversity": 0.239101153466034
          }
        },
        "adaptive_params": {
          "num_walks": 30,
          "max_walk_length": 6,
          "graph_diameter": 6,
          "avg_degree": 3.7333333333333334,
          "total_nodes": 30,
          "total_edges": 56
        },
        "algorithm": "Adaptive_random_walk_sampling",
        "sampling_strategy": "Multi-round (5 rounds, 10 pairs/round)",
        "normalization": "Robust_with_predefined_bounds",
        "fusion_method": "Geometric_mean_of_normalized_metrics",
        "performance": {
          "time_taken": 0.007280826568603516,
          "timeout": false
        }
      }
    },
    "treasure_monster_distribution": {
      "score": 0.42264973081037416,
      "detail": {
        "cv_treasure": 1.0,
        "uniformity_treasure": 0.42264973081037416,
        "score": 0.42264973081037416,
        "cv_monster": 0.0,
        "uniformity_monster": 0.0,
        "avg_t2m_dist": 0.0,
        "proximity_score": 0.0,
        "note": "Only treasure distribution evaluated (no monsters found)"
      }
    },
    "geometric_balance": {
      "score": 0.5344758133425329,
      "detail": {
        "symmetry_ratio": 0.25,
        "uniformity_area": 0.7537438472916258,
        "uniformity_spacing": 0.8102525038711007,
        "score": 0.5344758133425329
      }
    }
  },
  "category_scores": {
    "structural": 0.5455865277614815,
    "gameplay": 0.42264973081037416,
    "aesthetic": 0.5344758133425329
  },
  "overall_score": 0.5009040239714628,
  "grade": "C",
  "details": {
    "accessibility": {
      "reachability_ratio": 1.0,
      "avg_path_length": 2.066666666666667,
      "path_variance": 1.0622222222222222,
      "normalized": [
        1.0,
        0.4833333333333333,
        0.9336111111111112
      ],
      "score": 0.7670156990885199
    },
    "degree_variance": {
      "raw_variance": 6.75,
      "normalized_variance": 1.0,
      "score": 0.1353352832366127,
      "degrees": [
        8,
        2,
        2,
        2
      ],
      "max_variance": 6.75,
      "room_count": 4,
      "mean_degree": 3.5
    },
    "door_distribution": {
      "cv": 0.5986805219371503,
      "avg_distance": 2.543658515096241,
      "avg_entropy": 0.7472433310467012,
      "weights": [
        0.3333333333333333,
        0.3333333333333333,
        0.3333333333333333
      ],
      "normalized": [
        0.7006597390314249,
        0.28054350630121166,
        0.5390221240192129
      ],
      "score": 0.5067417897839498,
      "debug": {
        "count": 56
      }
    },
    "dead_end_ratio": {
      "dead_end_ratio": 0.25,
      "dead_end_count": 1,
      "total_rooms": 4,
      "dead_end_rooms": [
        "rect_14"
      ],
      "score": 0.75
    },
    "key_path_length": {
      "raw_length": 4,
      "diameter": 7,
      "normalized_length": 0.5714285714285714,
      "score": 0.31890655732397044,
      "path": [
        "rect_2",
        "rect_4",
        "rect_5",
        "rect_7",
        "rect_25"
      ],
      "center_node": "rect_2",
      "periphery_node": "rect_25",
      "center_eccentricity": 4,
      "graph_radius": 4,
      "fallback_method": "center_path",
      "note": "Used center path fallback due to unidentifiable entrance/exit"
    },
    "loop_ratio": {
      "total_rooms": 30,
      "total_edges": 56,
      "connected_components": 1,
      "cyclomatic_number": 27,
      "loop_ratio": 0.9,
      "sigmoid_loop_ratio": 0.8021838885585817,
      "algorithm": "Cyclomatic formula + Sigmoid normalization",
      "note": "Direct calculation using E - V + C formula, then sigmoid mapping to [0,1]",
      "score_breakdown": {
        "raw_loop_ratio": 0.9,
        "sigmoid_loop_ratio": 0.8021838885585817,
        "final_score": 0.8021838885585817
      }
    },
    "path_diversity": {
      "avg_path_diversity": 0.3111470363376185,
      "std_path_diversity": 0.18799416276723102,
      "max_path_diversity": 0.5773502683566853,
      "min_path_diversity": 0.0,
      "total_pairs_analyzed": 43,
      "rounds_completed": 5,
      "detailed_analysis": {
        "round_0": {
          "pairs_analyzed": 7,
          "avg_diversity": 0.37604269902583276
        },
        "round_1": {
          "pairs_analyzed": 10,
          "avg_diversity": 0.2998778476806581
        },