{
  "scores": {
    "accessibility": {
      "score": 0.7765778928868088,
      "detail": {
        "reachability_ratio": 1.0,
        "avg_path_length": 2.5,
        "path_variance": 1.5833333333333333,
        "normalized": [
          1.0,
          0.5,
          0.9366666666666666
        ],
        "score": 0.7765778928868088
      }
    },
    "degree_variance": {
      "score": 0.27803730045319414,
      "detail": {
        "raw_variance": 2.56,
        "normalized_variance": 0.64,
        "score": 0.27803730045319414,
        "degrees": [
          6,
          2,
          6,
          3,
          4
        ],
        "max_variance": 4.0,
        "room_count": 5,
        "mean_degree": 4.2
      }
    },
    "door_distribution": {
      "score": 0.5278175379743599,
      "detail": {
        "cv": 0.5128498209869766,
        "avg_distance": 2.979317985662149,
        "avg_entropy": 0.7572226028979195,
        "weights": [
          0.3333333333333333,
          0.3333333333333333,
          0.3333333333333333
        ],
        "normalized": [
          0.7435750895065116,
          0.2936568773916377,
          0.5462206470249307
        ],
        "score": 0.5278175379743599,
        "debug": {
          "count": 47
        }
      }
    },
    "dead_end_ratio": {
      "score": 0.8,
      "detail": {
        "dead_end_ratio": 0.2,
        "dead_end_count": 1,
        "total_rooms": 5,
        "dead_end_rooms": [
          "rect_14"
        ],
        "score": 0.8
      }
    },
    "key_path_length": {
      "score": 0.6703200460356393,
      "detail": {
        "raw_length": 1,
        "diameter": 5,
        "normalized_length": 0.2,
        "score": 0.6703200460356393,
        "path": [
          "rect_7",
          "rect_9"
        ],
        "entrance": "rect_7",
        "exit": "rect_9"
      }
    },
    "loop_ratio": {
      "score": 0.6899744811276125,
      "detail": {
        "total_rooms": 30,
        "total_edges": 47,
        "connected_components": 1,
        "cyclomatic_number": 18,
        "loop_ratio": 0.6,
        "sigmoid_loop_ratio": 0.6899744811276125,
        "algorithm": "Cyclomatic formula + Sigmoid normalization",
        "note": "Direct calculation using E - V + C formula, then sigmoid mapping to [0,1]",
        "score_breakdown": {
          "raw_loop_ratio": 0.6,
          "sigmoid_loop_ratio": 0.6899744811276125,
          "final_score": 0.6899744811276125
        }
      }
    },
    "path_diversity": {
      "score": 0.44156849680937416,
      "detail": {
        "avg_path_diversity": 0.2729464508587642,
        "std_path_diversity": 0.19486205007044846,
        "max_path_diversity": 0.6181293566705589,
        "min_path_diversity": 0.0,
        "total_pairs_analyzed": 33,
        "rounds_completed": 7,
        "detailed_analysis": {
          "round_0": {
            "pairs_analyzed": 5,
            "avg_diversity": 0.20372582351279522
          },
          "round_1": {
            "pairs_analyzed": 7,
            "avg_diversity": 0.4132298306840078
          },
          "round_2": {
            "pairs_analyzed": 6,
            "avg_diversity": 0.1870934645096817
          },
          "round_3": {
            "pairs_analyzed": 4,
            "avg_diversity": 0.2290194666865752
          },
          "round_4": {
            "pairs_analyzed": 6,
            "avg_diversity": 0.23712362286778058
          },
          "round_5": {
            "pairs_analyzed": 3,
            "avg_diversity": 0.27847575978374167
          },
          "round_6": {
            "pairs_analyzed": 2,
            "avg_diversity": 0.3995936378124432
          }
        },
        "adaptive_params": {
          "num_walks": 30,
          "max_walk_length": 5,
          "graph_diameter": 5,
          "avg_degree": 3.1333333333333333,
          "total_nodes": 30,
          "total_edges": 47
        },
        "algorithm": "Adaptive_random_walk_sampling",
        "sampling_strategy": "Multi-round (7 rounds, 7 pairs/round)",
        "normalization": "Robust_with_predefined_bounds",
        "fusion_method": "Geometric_mean_of_normalized_metrics",
        "performance": {
          "time_taken": 0.006791114807128906,
          "timeout": false
        }
      }
    },
    "treasure_monster_distribution": {
      "score": 0.4930749646243014,
      "detail": {
        "cv_treasure": 1.2247448713915892,
        "uniformity_treasure": 0.3876275643042054,
        "score": 0.4930749646243014,
        "cv_monster": 2.0,
        "uniformity_monster": 0.0,
        "avg_t2m_dist": 9.008937507978125,
        "proximity_score": 0.627207513417328
      }
    },
    "geometric_balance": {
      "score": 0.5398863574262903,
      "detail": {
        "symmetry_ratio": 0.2,
        "uniformity_area": 0.7868230319837956,
        "uniformity_spacing": 1.0,
        "score": 0.5398863574262903
      }
    }
  },
  "category_scores": {
    "structural": 0.5977565364695699,
    "gameplay": 0.4930749646243014,
    "aesthetic": 0.5398863574262903
  },
  "overall_score": 0.5435726195067205,
  "grade": "C",
  "details": {
    "accessibility": {
      "reachability_ratio": 1.0,
      "avg_path_length": 2.5,
      "path_variance": 1.5833333333333333,
      "normalized": [
        1.0,
        0.5,
        0.9366666666666666
      ],
      "score": 0.7765778928868088
    },
    "degree_variance": {
      "raw_variance": 2.56,
      "normalized_variance": 0.64,
      "score": 0.27803730045319414,
      "degrees": [
        6,
        2,
        6,
        3,
        4
      ],
      "max_variance": 4.0,
      "room_count": 5,
      "mean_degree": 4.2
    },
    "door_distribution": {
      "cv": 0.5128498209869766,
      "avg_distance": 2.979317985662149,
      "avg_entropy": 0.7572226028979195,
      "weights": [
        0.3333333333333333,
        0.3333333333333333,
        0.3333333333333333
      ],
      "normalized": [
        0.7435750895065116,
        0.2936568773916377,
        0.5462206470249307
      ],
      "score": 0.5278175379743599,
      "debug": {
        "count": 47
      }
    },
    "dead_end_ratio": {
      "dead_end_ratio": 0.2,
      "dead_end_count": 1,
      "total_rooms": 5,
      "dead_end_rooms": [
        "rect_14"
      ],
      "score": 0.8
    },
    "key_path_length": {
      "raw_length": 1,
      "diameter": 5,
      "normalized_length": 0.2,
      "score": 0.6703200460356393,
      "path": [
        "rect_7",
        "rect_9"
      ],
      "entrance": "rect_7",
      "exit": "rect_9"
    },
    "loop_ratio": {
      "total_rooms": 30,
      "total_edges": 47,
      "connected_components": 1,
      "cyclomatic_number": 18,
      "loop_ratio": 0.6,
      "sigmoid_loop_ratio": 0.6899744811276125,
      "algorithm": "Cyclomatic formula + Sigmoid normalization",
      "note": "Direct calculation using E - V + C formula, then sigmoid mapping to [0,1]",
      "score_breakdown": {
        "raw_loop_ratio": 0.6,
        "sigmoid_loop_ratio": 0.6899744811276125,
        "final_score": 0.6899744811276125
      }
    },
    "path_diversity": {
      "avg_path_diversity": 0.2729464508587642,
      "std_path_diversity": 0.19486205007044846,
      "max_path_diversity": 0.6181293566705589,
      "min_path_diversity": 0.0,
      "total_pairs_analyzed": 33,
      "rounds_completed": 7,
      "detailed_analysis": {
        "round_0": {
          "pairs_analyzed": 5,
          "avg_diversity": 0.20372582351279522
        },
        "round_1": {
          "pairs_analyzed": 7,
          "avg_diversity": 0.4132298306840078
        },
        "round_2": {
          "pairs_analyzed": 6,
          "avg_diversity": 0.1870934645096817
        },
        "round_3": {
          "pairs_analyzed": 4,
          "avg_diversity": 0.2290194666865752
        },
        "round_4": {
          "pairs_analyzed": 6,
          "avg_diversity": 0.23712362286778058
        },
        "round_5": {
          "pairs_analyzed": 3,