{
  "scores": {
    "accessibility": {
      "score": 0.7959653849405329,
      "detail": {
        "reachability_ratio": 1.0,
        "avg_path_length": 5.019607843137255,
        "path_variance": 8.764321414840447,
        "normalized": [
          1.0,
          0.5436720142602496,
          0.9275675916128888
        ],
        "score": 0.7959653849405329
      }
    },
    "degree_variance": {
      "score": 0.6703200460356393,
      "detail": {
        "raw_variance": 0.8,
        "normalized_variance": 0.2,
        "score": 0.6703200460356393,
        "degrees": [
          7,
          7,
          5,
          6,
          5
        ],
        "max_variance": 4.0,
        "room_count": 5,
        "mean_degree": 6.0
      }
    },
    "door_distribution": {
      "score": 0.5309394821903359,
      "detail": {
        "cv": 0.5118739902592045,
        "avg_distance": 2.194659477962726,
        "avg_entropy": 0.8307051050899594,
        "weights": [
          0.3333333333333333,
          0.3333333333333333,
          0.3333333333333333
        ],
        "normalized": [
          0.7440630048703978,
          0.2495283739233951,
          0.5992270677772149
        ],
        "score": 0.5309394821903359,
        "debug": {
          "count": 109
        }
      }
    },
    "dead_end_ratio": {
      "score": 0.6,
      "detail": {
        "dead_end_ratio": 0.4,
        "dead_end_count": 2,
        "total_rooms": 5,
        "dead_end_rooms": [
          "rect_23",
          "rect_46"
        ],
        "score": 0.6
      }
    },
    "key_path_length": {
      "score": 0.3359109812391624,
      "detail": {
        "raw_length": 6,
        "diameter": 11,
        "normalized_length": 0.5454545454545454,
        "score": 0.3359109812391624,
        "path": [
          "rect_10",
          "rect_7",
          "rect_4",
          "rect_0",
          "rect_18",
          "rect_12",
          "rect_9"
        ],
        "center_node": "rect_10",
        "periphery_node": "rect_9",
        "center_eccentricity": 6,
        "graph_radius": 6,
        "fallback_method": "center_path",
        "note": "Used center path fallback due to unidentifiable entrance/exit"
      }
    },
    "loop_ratio": {
      "score": 0.8714371090734646,
      "detail": {
        "total_rooms": 51,
        "total_edges": 109,
        "connected_components": 1,
        "cyclomatic_number": 59,
        "loop_ratio": 1.1568627450980393,
        "sigmoid_loop_ratio": 0.8714371090734646,
        "algorithm": "Cyclomatic formula + Sigmoid normalization",
        "note": "Direct calculation using E - V + C formula, then sigmoid mapping to [0,1]",
        "score_breakdown": {
          "raw_loop_ratio": 1.1568627450980393,
          "sigmoid_loop_ratio": 0.8714371090734646,
          "final_score": 0.8714371090734646
        }
      }
    },
    "path_diversity": {
      "score": 0.5065857879160736,
      "detail": {
        "avg_path_diversity": 0.368176796798661,
        "std_path_diversity": 0.21112857016365455,
        "max_path_diversity": 0.726780745889494,
        "min_path_diversity": 0.0,
        "total_pairs_analyzed": 59,
        "rounds_completed": 10,
        "detailed_analysis": {
          "round_0": {
            "pairs_analyzed": 5,
            "avg_diversity": 0.2639725961935648
          },
          "round_1": {
            "pairs_analyzed": 6,
            "avg_diversity": 0.4846376372154942
          },
          "round_2": {
            "pairs_analyzed": 6,
            "avg_diversity": 0.36147686540673885
          },
          "round_3": {
            "pairs_analyzed": 6,
            "avg_diversity": 0.3138145943504788
          },
          "round_4": {
            "pairs_analyzed": 7,
            "avg_diversity": 0.4153579724551809
          },
          "round_5": {
            "pairs_analyzed": 6,
            "avg_diversity": 0.3388297069236203
          },
          "round_6": {
            "pairs_analyzed": 5,
            "avg_diversity": 0.33923748761766814
          },
          "round_7": {
            "pairs_analyzed": 6,
            "avg_diversity": 0.35293787168654744
          },
          "round_8": {
            "pairs_analyzed": 5,
            "avg_diversity": 0.4573957816889716
          },
          "round_9": {
            "pairs_analyzed": 7,
            "avg_diversity": 0.34310226041949093
          }
        },
        "adaptive_params": {
          "num_walks": 51,
          "max_walk_length": 9,
          "graph_diameter": 9,
          "avg_degree": 4.2745098039215685,
          "total_nodes": 51,
          "total_edges": 109
        },
        "algorithm": "Adaptive_random_walk_sampling",
        "sampling_strategy": "Multi-round (10 rounds, 7 pairs/round)",
        "normalization": "Robust_with_predefined_bounds",
        "fusion_method": "Geometric_mean_of_normalized_metrics",
        "performance": {
          "time_taken": 0.027898073196411133,
          "timeout": false
        }
      }
    },
    "treasure_monster_distribution": {
      "score": 0.5917517095361369,
      "detail": {
        "cv_treasure": 0.8164965809277261,
        "uniformity_treasure": 0.5917517095361369,
        "score": 0.5917517095361369,
        "cv_monster": 0.0,
        "uniformity_monster": 0.0,
        "avg_t2m_dist": 0.0,
        "proximity_score": 0.0,
        "note": "Only treasure distribution evaluated (no monsters found)"
      }
    },
    "geometric_balance": {
      "score": 0.8107904680183033,
      "detail": {
        "symmetry_ratio": 0.0,
        "uniformity_area": 0.7377049180327868,
        "uniformity_spacing": 0.8911167147731046,
        "score": 0.8107904680183033
      }
    }
  },
  "category_scores": {
    "structural": 0.6158798273421727,
    "gameplay": 0.5917517095361369,
    "aesthetic": 0.8107904680183033
  },
  "overall_score": 0.6728073349655377,
  "grade": "B",
  "details": {
    "accessibility": {
      "reachability_ratio": 1.0,
      "avg_path_length": 5.019607843137255,
      "path_variance": 8.764321414840447,
      "normalized": [
        1.0,
        0.5436720142602496,
        0.9275675916128888
      ],
      "score": 0.7959653849405329
    },
    "degree_variance": {
      "raw_variance": 0.8,
      "normalized_variance": 0.2,
      "score": 0.6703200460356393,
      "degrees": [
        7,
        7,
        5,
        6,
        5
      ],
      "max_variance": 4.0,
      "room_count": 5,
      "mean_degree": 6.0
    },
    "door_distribution": {
      "cv": 0.5118739902592045,
      "avg_distance": 2.194659477962726,
      "avg_entropy": 0.8307051050899594,
      "weights": [
        0.3333333333333333,
        0.3333333333333333,
        0.3333333333333333
      ],
      "normalized": [
        0.7440630048703978,
        0.2495283739233951,
        0.5992270677772149
      ],
      "score": 0.5309394821903359,
      "debug": {
        "count": 109
      }
    },
    "dead_end_ratio": {
      "dead_end_ratio": 0.4,
      "dead_end_count": 2,
      "total_rooms": 5,
      "dead_end_rooms": [
        "rect_23",
        "rect_46"
      ],
      "score": 0.6
    },
    "key_path_length": {
      "raw_length": 6,
      "diameter": 11,
      "normalized_length": 0.5454545454545454,
      "score": 0.3359109812391624,
      "path": [
        "rect_10",
        "rect_7",
        "rect_4",
        "rect_0",
        "rect_18",
        "rect_12",
        "rect_9"
      ],
      "center_node": "rect_10",
      "periphery_node": "rect_9",
      "center_eccentricity": 6,
      "graph_radius": 6,
      "fallback_method": "center_path",
      "note": "Used center path fallback due to unidentifiable entrance/exit"
    },
    "loop_ratio": {
      "total_rooms": 51,
      "total_edges": 109,
      "connected_components": 1,
      "cyclomatic_number": 59,
      "loop_ratio": 1.1568627450980393,
      "sigmoid_loop_ratio": 0.8714371090734646,
      "algorithm": "Cyclomatic formula + Sigmoid normalization",