{
  "scores": {
    "accessibility": {
      "score": 0.763815337988109,
      "detail": {
        "reachability_ratio": 1.0,
        "avg_path_length": 1.588235294117647,
        "path_variance": 0.47750865051903113,
        "normalized": [
          1.0,
          0.4705882352941177,
          0.9469434832756632
        ],
        "score": 0.763815337988109
      }
    },
    "degree_variance": {
      "score": 0.14660696213035015,
      "detail": {
        "raw_variance": 3.84,
        "normalized_variance": 0.96,
        "score": 0.14660696213035015,
        "degrees": [
          6,
          6,
          6,
          2,
          2
        ],
        "max_variance": 4.0,
        "room_count": 5,
        "mean_degree": 4.4
      }
    },
    "door_distribution": {
      "score": 0.5283096718042312,
      "detail": {
        "cv": 0.5913682829884975,
        "avg_distance": 3.050144812512744,
        "avg_entropy": 0.7018462393164738,
        "weights": [
          0.3333333333333333,
          0.3333333333333333,
          0.3333333333333333
        ],
        "normalized": [
          0.7043158585057512,
          0.37433811244271964,
          0.5062750444642227
        ],
        "score": 0.5283096718042312,
        "debug": {
          "count": 23
        }
      }
    },
    "dead_end_ratio": {
      "score": 0.6,
      "detail": {
        "dead_end_ratio": 0.4,
        "dead_end_count": 2,
        "total_rooms": 5,
        "dead_end_rooms": [
          "rect_16",
          "rect_8"
        ],
        "score": 0.6
      }
    },
    "key_path_length": {
      "score": 0.20189651799465538,
      "detail": {
        "raw_length": 4,
        "diameter": 5,
        "normalized_length": 0.8,
        "score": 0.20189651799465538,
        "path": [
          "rect_5",
          "rect_2",
          "rect_1",
          "rect_3",
          "rect_6"
        ],
        "entrance": "rect_5",
        "exit": "rect_6"
      }
    },
    "loop_ratio": {
      "score": 0.604327497875884,
      "detail": {
        "total_rooms": 17,
        "total_edges": 23,
        "connected_components": 1,
        "cyclomatic_number": 7,
        "loop_ratio": 0.4117647058823529,
        "sigmoid_loop_ratio": 0.604327497875884,
        "algorithm": "Cyclomatic formula + Sigmoid normalization",
        "note": "Direct calculation using E - V + C formula, then sigmoid mapping to [0,1]",
        "score_breakdown": {
          "raw_loop_ratio": 0.4117647058823529,
          "sigmoid_loop_ratio": 0.604327497875884,
          "final_score": 0.604327497875884
        }
      }
    },
    "path_diversity": {
      "score": 0.4471792991402689,
      "detail": {
        "avg_path_diversity": 0.26840389137200327,
        "std_path_diversity": 0.20469242165701718,
        "max_path_diversity": 0.6002153764452584,
        "min_path_diversity": 0.0,
        "total_pairs_analyzed": 41,
        "rounds_completed": 3,
        "detailed_analysis": {
          "round_0": {
            "pairs_analyzed": 13,
            "avg_diversity": 0.276329385239137
          },
          "round_1": {
            "pairs_analyzed": 14,
            "avg_diversity": 0.23678884073222245
          },
          "round_2": {
            "pairs_analyzed": 14,
            "avg_diversity": 0.2926595548494458
          }
        },
        "adaptive_params": {
          "num_walks": 17,
          "max_walk_length": 5,
          "graph_diameter": 5,
          "avg_degree": 2.7058823529411766,
          "total_nodes": 17,
          "total_edges": 23
        },
        "algorithm": "Adaptive_random_walk_sampling",
        "sampling_strategy": "Multi-round (3 rounds, 16 pairs/round)",
        "normalization": "Robust_with_predefined_bounds",
        "fusion_method": "Geometric_mean_of_normalized_metrics",
        "performance": {
          "time_taken": 0.003573179244995117,
          "timeout": false
        }
      }
    },
    "treasure_monster_distribution": {
      "score": 0.6000185453944293,
      "detail": {
        "cv_treasure": 0.8164965809277261,
        "uniformity_treasure": 0.5917517095361369,
        "score": 0.6000185453944293,
        "cv_monster": 2.0,
        "uniformity_monster": 0.0,
        "avg_t2m_dist": 6.668692887878239,
        "proximity_score": 0.6084008698503999
      }
    },
    "geometric_balance": {
      "score": 0.691280373594936,
      "detail": {
        "symmetry_ratio": 0.4,
        "uniformity_area": 0.8445570298276335,
        "uniformity_spacing": 0.9778533050636578,
        "score": 0.691280373594936
      }
    }
  },
  "category_scores": {
    "structural": 0.47030504099049997,
    "gameplay": 0.6000185453944293,
    "aesthetic": 0.691280373594936
  },
  "overall_score": 0.5872013199932884,
  "grade": "C",
  "details": {
    "accessibility": {
      "reachability_ratio": 1.0,
      "avg_path_length": 1.588235294117647,
      "path_variance": 0.47750865051903113,
      "normalized": [
        1.0,
        0.4705882352941177,
        0.9469434832756632
      ],
      "score": 0.763815337988109
    },
    "degree_variance": {
      "raw_variance": 3.84,
      "normalized_variance": 0.96,
      "score": 0.14660696213035015,
      "degrees": [
        6,
        6,
        6,
        2,
        2
      ],
      "max_variance": 4.0,
      "room_count": 5,
      "mean_degree": 4.4
    },
    "door_distribution": {
      "cv": 0.5913682829884975,
      "avg_distance": 3.050144812512744,
      "avg_entropy": 0.7018462393164738,
      "weights": [
        0.3333333333333333,
        0.3333333333333333,
        0.3333333333333333
      ],
      "normalized": [
        0.7043158585057512,
        0.37433811244271964,
        0.5062750444642227
      ],
      "score": 0.5283096718042312,
      "debug": {
        "count": 23
      }
    },
    "dead_end_ratio": {
      "dead_end_ratio": 0.4,
      "dead_end_count": 2,
      "total_rooms": 5,
      "dead_end_rooms": [
        "rect_16",
        "rect_8"
      ],
      "score": 0.6
    },
    "key_path_length": {
      "raw_length": 4,
      "diameter": 5,
      "normalized_length": 0.8,
      "score": 0.20189651799465538,
      "path": [
        "rect_5",
        "rect_2",
        "rect_1",
        "rect_3",
        "rect_6"
      ],
      "entrance": "rect_5",
      "exit": "rect_6"
    },
    "loop_ratio": {
      "total_rooms": 17,
      "total_edges": 23,
      "connected_components": 1,
      "cyclomatic_number": 7,
      "loop_ratio": 0.4117647058823529,
      "sigmoid_loop_ratio": 0.604327497875884,
      "algorithm": "Cyclomatic formula + Sigmoid normalization",
      "note": "Direct calculation using E - V + C formula, then sigmoid mapping to [0,1]",
      "score_breakdown": {
        "raw_loop_ratio": 0.4117647058823529,
        "sigmoid_loop_ratio": 0.604327497875884,
        "final_score": 0.604327497875884
      }
    },
    "path_diversity": {
      "avg_path_diversity": 0.26840389137200327,
      "std_path_diversity": 0.20469242165701718,
      "max_path_diversity": 0.6002153764452584,
      "min_path_diversity": 0.0,
      "total_pairs_analyzed": 41,
      "rounds_completed": 3,
      "detailed_analysis": {
        "round_0": {
          "pairs_analyzed": 13,
          "avg_diversity": 0.276329385239137
        },
        "round_1": {
          "pairs_analyzed": 14,
          "avg_diversity": 0.23678884073222245
        },
        "round_2": {
          "pairs_analyzed": 14,
          "avg_diversity": 0.2926595548494458
        }
      },
      "adaptive_params": {
        "num_walks": 17,
        "max_walk_length": 5,
        "graph_diameter": 5,
        "avg_degree": 2.7058823529411766,
        "total_nodes": 17,
        "total_edges": 23
      },
      "algorithm": "Adaptive_random_walk_sampling",
      "sampling_strategy": "Multi-round (3 rounds, 16 pairs/round)",
      "normalization": "Robust_with_predefined_bounds",
      "fusion_method": "Geometric_mean_of_normalized_metrics",