{
  "scores": {
    "accessibility": {
      "score": 0.7566721643499669,
      "detail": {
        "reachability_ratio": 1.0,
        "avg_path_length": 1.5833333333333333,
        "path_variance": 0.7430555555555555,
        "normalized": [
          1.0,
          0.47222222222222227,
          0.9174382716049383
        ],
        "score": 0.7566721643499669
      }
    },
    "degree_variance": {
      "score": 0.9206782722788244,
      "detail": {
        "raw_variance": 1.25,
        "normalized_variance": 0.04132231404958678,
        "score": 0.9206782722788244,
        "degrees": [
          5,
          2,
          2,
          3,
          1,
          2,
          2,
          4,
          2,
          3,
          1,
          3
        ],
        "max_variance": 30.25,
        "room_count": 12,
        "mean_degree": 2.5
      }
    },
    "door_distribution": {
      "score": 0.6424876601017907,
      "detail": {
        "cv": 0.447213595499958,
        "avg_distance": 6.888797068763997,
        "avg_entropy": 0.65263780738674,
        "weights": [
          0.3333333333333333,
          0.3333333333333333,
          0.3333333333333333
        ],
        "normalized": [
          0.7763932022500211,
          0.680291113948603,
          0.4707786641067482
        ],
        "score": 0.6424876601017907,
        "debug": {
          "count": 15
        }
      }
    },
    "dead_end_ratio": {
      "score": 0.8333333333333334,
      "detail": {
        "dead_end_ratio": 0.16666666666666666,
        "dead_end_count": 2,
        "total_rooms": 12,
        "dead_end_rooms": [
          "space_4",
          "space_10"
        ],
        "score": 0.8333333333333334
      }
    },
    "key_path_length": {
      "score": 0.36787944117144233,
      "detail": {
        "raw_length": 2,
        "diameter": 4,
        "normalized_length": 0.5,
        "score": 0.36787944117144233,
        "path": [
          "space_4",
          "space_0",
          "space_10"
        ],
        "entrance": "space_4",
        "exit": "space_10"
      }
    },
    "loop_ratio": {
      "score": 0.5662743941954392,
      "detail": {
        "total_rooms": 12,
        "total_edges": 15,
        "connected_components": 1,
        "cyclomatic_number": 4,
        "loop_ratio": 0.3333333333333333,
        "sigmoid_loop_ratio": 0.5662743941954392,
        "algorithm": "Cyclomatic formula + Sigmoid normalization",
        "note": "Direct calculation using E - V + C formula, then sigmoid mapping to [0,1]",
        "score_breakdown": {
          "raw_loop_ratio": 0.3333333333333333,
          "sigmoid_loop_ratio": 0.5662743941954392,
          "final_score": 0.5662743941954392
        }
      }
    },
    "path_diversity": {
      "score": 0.3990444587638114,
      "detail": {
        "avg_path_diversity": 0.17845810691063815,
        "std_path_diversity": 0.18003498076287303,
        "max_path_diversity": 0.4472135948547651,
        "min_path_diversity": 0.0,
        "total_pairs_analyzed": 41,
        "rounds_completed": 4,
        "detailed_analysis": {
          "round_0": {
            "pairs_analyzed": 11,
            "avg_diversity": 0.16310386771610605
          },
          "round_1": {
            "pairs_analyzed": 10,
            "avg_diversity": 0.13629315869616135
          },
          "round_2": {
            "pairs_analyzed": 11,
            "avg_diversity": 0.21561106852007272
          },
          "round_3": {
            "pairs_analyzed": 9,
            "avg_diversity": 0.1986651664196206
          }
        },
        "adaptive_params": {
          "num_walks": 12,
          "max_walk_length": 3,
          "graph_diameter": 3,
          "avg_degree": 2.5,
          "total_nodes": 12,
          "total_edges": 15
        },
        "algorithm": "Adaptive_random_walk_sampling",
        "sampling_strategy": "Multi-round (4 rounds, 12 pairs/round)",
        "normalization": "Robust_with_predefined_bounds",
        "fusion_method": "Geometric_mean_of_normalized_metrics",
        "performance": {
          "time_taken": 0.002268075942993164,
          "timeout": false
        }
      }
    },
    "treasure_monster_distribution": {
      "score": 0.0,
      "detail": {
        "reason": "Insufficient rooms or entities"
      }
    },
    "geometric_balance": {
      "score": 0.8920959234236867,
      "detail": {
        "symmetry_ratio": 0.0,
        "uniformity_area": 0.8295270587176504,
        "uniformity_spacing": 0.9593841794858703,
        "score": 0.8920959234236867
      }
    }
  },
  "category_scores": {
    "structural": 0.6409099605992298,
    "gameplay": 0.0,
    "aesthetic": 0.8920959234236867
  },
  "overall_score": 0.5110019613409722,
  "grade": "C",
  "details": {
    "accessibility": {
      "reachability_ratio": 1.0,
      "avg_path_length": 1.5833333333333333,
      "path_variance": 0.7430555555555555,
      "normalized": [
        1.0,
        0.47222222222222227,
        0.9174382716049383
      ],
      "score": 0.7566721643499669
    },
    "degree_variance": {
      "raw_variance": 1.25,
      "normalized_variance": 0.04132231404958678,
      "score": 0.9206782722788244,
      "degrees": [
        5,
        2,
        2,
        3,
        1,
        2,
        2,
        4,
        2,
        3,
        1,
        3
      ],
      "max_variance": 30.25,
      "room_count": 12,
      "mean_degree": 2.5
    },
    "door_distribution": {
      "cv": 0.447213595499958,
      "avg_distance": 6.888797068763997,
      "avg_entropy": 0.65263780738674,
      "weights": [
        0.3333333333333333,
        0.3333333333333333,
        0.3333333333333333
      ],
      "normalized": [
        0.7763932022500211,
        0.680291113948603,
        0.4707786641067482
      ],
      "score": 0.6424876601017907,
      "debug": {
        "count": 15
      }
    },
    "dead_end_ratio": {
      "dead_end_ratio": 0.16666666666666666,
      "dead_end_count": 2,
      "total_rooms": 12,
      "dead_end_rooms": [
        "space_4",
        "space_10"
      ],
      "score": 0.8333333333333334
    },
    "key_path_length": {
      "raw_length": 2,
      "diameter": 4,
      "normalized_length": 0.5,
      "score": 0.36787944117144233,
      "path": [
        "space_4",
        "space_0",
        "space_10"
      ],
      "entrance": "space_4",
      "exit": "space_10"
    },
    "loop_ratio": {
      "total_rooms": 12,
      "total_edges": 15,
      "connected_components": 1,
      "cyclomatic_number": 4,
      "loop_ratio": 0.3333333333333333,
      "sigmoid_loop_ratio": 0.5662743941954392,
      "algorithm": "Cyclomatic formula + Sigmoid normalization",
      "note": "Direct calculation using E - V + C formula, then sigmoid mapping to [0,1]",
      "score_breakdown": {
        "raw_loop_ratio": 0.3333333333333333,
        "sigmoid_loop_ratio": 0.5662743941954392,
        "final_score": 0.5662743941954392
      }
    },
    "path_diversity": {
      "avg_path_diversity": 0.17845810691063815,
      "std_path_diversity": 0.18003498076287303,
      "max_path_diversity": 0.4472135948547651,
      "min_path_diversity": 0.0,
      "total_pairs_analyzed": 41,
      "rounds_completed": 4,
      "detailed_analysis": {
        "round_0": {
          "pairs_analyzed": 11,
          "avg_diversity": 0.16310386771610605
        },
        "round_1": {
          "pairs_analyzed": 10,
          "avg_diversity": 0.13629315869616135
        },
        "round_2": {
          "pairs_analyzed": 11,
          "avg_diversity": 0.21561106852007272
        },
        "round_3": {
          "pairs_analyzed": 9,
          "avg_diversity": 0.1986651664196206
        }
      },
      "adaptive_params": {
        "num_walks": 12,
        "max_walk_length": 3,
        "graph_diameter": 3,
        "avg_degree": 2.5,
        "total_nodes": 12,
        "total_edges": 15
      },
      "algorithm": "Adaptive_random_walk_sampling",