{
  "scores": {
    "accessibility": {
      "score": 0.4455988507842667,
      "detail": {
        "reachability_ratio": 0.75,
        "avg_path_length": 1.5555555555555556,
        "path_variance": 0.46913580246913583,
        "normalized": [
          0.75,
          0.2222222222222222,
          0.5308641975308641
        ],
        "score": 0.4455988507842667
      }
    },
    "degree_variance": {
      "score": 0.844540699085618,
      "detail": {
        "raw_variance": 2.555555555555555,
        "normalized_variance": 0.08448117539026628,
        "score": 0.844540699085618,
        "degrees": [
          2,
          1,
          2,
          3,
          1,
          3,
          7,
          2,
          3,
          1,
          2,
          1
        ],
        "max_variance": 30.25,
        "room_count": 12,
        "mean_degree": 2.3333333333333335
      }
    },
    "door_distribution": {
      "score": 0.6005718567626019,
      "detail": {
        "cv": 0.685118789044674,
        "avg_distance": 7.632241651553682,
        "avg_entropy": 0.3833677521633663,
        "weights": [
          0.3333333333333333,
          0.3333333333333333,
          0.3333333333333333
        ],
        "normalized": [
          0.6574406054776629,
          0.8677335873687244,
          0.2765413774414189
        ],
        "score": 0.6005718567626019,
        "debug": {
          "count": 14
        }
      }
    },
    "dead_end_ratio": {
      "score": 0.6666666666666667,
      "detail": {
        "dead_end_ratio": 0.3333333333333333,
        "dead_end_count": 4,
        "total_rooms": 12,
        "dead_end_rooms": [
          "space_1",
          "space_4",
          "space_11",
          "space_9"
        ],
        "score": 0.6666666666666667
      }
    },
    "key_path_length": {
      "score": 0.26359713811572677,
      "detail": {
        "raw_length": 2,
        "diameter": 3,
        "normalized_length": 0.6666666666666666,
        "score": 0.26359713811572677,
        "path": [
          "space_1",
          "space_6",
          "space_11"
        ],
        "entrance": "space_1",
        "exit": "space_11"
      }
    },
    "loop_ratio": {
      "score": 0.5662743941954392,
      "detail": {
        "total_rooms": 12,
        "total_edges": 14,
        "connected_components": 2,
        "cyclomatic_number": 4,
        "loop_ratio": 0.3333333333333333,
        "sigmoid_loop_ratio": 0.5662743941954392,
        "algorithm": "Cyclomatic formula + Sigmoid normalization",
        "note": "Direct calculation using E - V + C formula, then sigmoid mapping to [0,1]",
        "score_breakdown": {
          "raw_loop_ratio": 0.3333333333333333,
          "sigmoid_loop_ratio": 0.5662743941954392,
          "final_score": 0.5662743941954392
        }
      }
    },
    "path_diversity": {
      "score": 0.3449113397959053,
      "detail": {
        "avg_path_diversity": 0.16862332167799818,
        "std_path_diversity": 0.18756295208201104,
        "max_path_diversity": 0.48888888888888893,
        "min_path_diversity": 0.0,
        "total_pairs_analyzed": 22,
        "rounds_completed": 2,
        "detailed_analysis": {
          "round_0": {
            "pairs_analyzed": 11,
            "avg_diversity": 0.13433273599749415
          },
          "round_1": {
            "pairs_analyzed": 11,
            "avg_diversity": 0.2029139073585022
          }
        },
        "adaptive_params": {
          "num_walks": 12,
          "max_walk_length": 3,
          "graph_diameter": 3,
          "avg_degree": 2.3333333333333335,
          "total_nodes": 12,
          "total_edges": 14
        },
        "algorithm": "Adaptive_random_walk_sampling",
        "sampling_strategy": "Multi-round (2 rounds, 25 pairs/round)",
        "normalization": "Robust_with_predefined_bounds",
        "fusion_method": "Geometric_mean_of_normalized_metrics",
        "performance": {
          "time_taken": 0.0017011165618896484,
          "timeout": false
        }
      }
    },
    "treasure_monster_distribution": {
      "score": 0.0,
      "detail": {
        "reason": "Insufficient rooms or entities"
      }
    },
    "geometric_balance": {
      "score": 0.8893949290161022,
      "detail": {
        "symmetry_ratio": 0.0,
        "uniformity_area": 0.8295270587176504,
        "uniformity_spacing": 0.9535835286462925,
        "score": 0.8893949290161022
      }
    }
  },
  "category_scores": {
    "structural": 0.5331658493437464,
    "gameplay": 0.0,
    "aesthetic": 0.8893949290161022
  },
  "overall_score": 0.4741869261199495,
  "grade": "D",
  "details": {
    "accessibility": {
      "reachability_ratio": 0.75,
      "avg_path_length": 1.5555555555555556,
      "path_variance": 0.46913580246913583,
      "normalized": [
        0.75,
        0.2222222222222222,
        0.5308641975308641
      ],
      "score": 0.4455988507842667
    },
    "degree_variance": {
      "raw_variance": 2.555555555555555,
      "normalized_variance": 0.08448117539026628,
      "score": 0.844540699085618,
      "degrees": [
        2,
        1,
        2,
        3,
        1,
        3,
        7,
        2,
        3,
        1,
        2,
        1
      ],
      "max_variance": 30.25,
      "room_count": 12,
      "mean_degree": 2.3333333333333335
    },
    "door_distribution": {
      "cv": 0.685118789044674,
      "avg_distance": 7.632241651553682,
      "avg_entropy": 0.3833677521633663,
      "weights": [
        0.3333333333333333,
        0.3333333333333333,
        0.3333333333333333
      ],
      "normalized": [
        0.6574406054776629,
        0.8677335873687244,
        0.2765413774414189
      ],
      "score": 0.6005718567626019,
      "debug": {
        "count": 14
      }
    },
    "dead_end_ratio": {
      "dead_end_ratio": 0.3333333333333333,
      "dead_end_count": 4,
      "total_rooms": 12,
      "dead_end_rooms": [
        "space_1",
        "space_4",
        "space_11",
        "space_9"
      ],
      "score": 0.6666666666666667
    },
    "key_path_length": {
      "raw_length": 2,
      "diameter": 3,
      "normalized_length": 0.6666666666666666,
      "score": 0.26359713811572677,
      "path": [
        "space_1",
        "space_6",
        "space_11"
      ],
      "entrance": "space_1",
      "exit": "space_11"
    },
    "loop_ratio": {
      "total_rooms": 12,
      "total_edges": 14,
      "connected_components": 2,
      "cyclomatic_number": 4,
      "loop_ratio": 0.3333333333333333,
      "sigmoid_loop_ratio": 0.5662743941954392,
      "algorithm": "Cyclomatic formula + Sigmoid normalization",
      "note": "Direct calculation using E - V + C formula, then sigmoid mapping to [0,1]",
      "score_breakdown": {
        "raw_loop_ratio": 0.3333333333333333,
        "sigmoid_loop_ratio": 0.5662743941954392,
        "final_score": 0.5662743941954392
      }
    },
    "path_diversity": {
      "avg_path_diversity": 0.16862332167799818,
      "std_path_diversity": 0.18756295208201104,
      "max_path_diversity": 0.48888888888888893,
      "min_path_diversity": 0.0,
      "total_pairs_analyzed": 22,
      "rounds_completed": 2,
      "detailed_analysis": {
        "round_0": {
          "pairs_analyzed": 11,
          "avg_diversity": 0.13433273599749415
        },
        "round_1": {
          "pairs_analyzed": 11,
          "avg_diversity": 0.2029139073585022
        }
      },
      "adaptive_params": {
        "num_walks": 12,
        "max_walk_length": 3,
        "graph_diameter": 3,
        "avg_degree": 2.3333333333333335,
        "total_nodes": 12,
        "total_edges": 14
      },
      "algorithm": "Adaptive_random_walk_sampling",
      "sampling_strategy": "Multi-round (2 rounds, 25 pairs/round)",
      "normalization": "Robust_with_predefined_bounds",
      "fusion_method": "Geometric_mean_of_normalized_metrics",
      "performance": {
        "time_taken": 0.0017011165618896484,
        "timeout": false
      }
    },