{
  "scores": {
    "accessibility": {
      "score": 0.6025355660438075,
      "detail": {
        "reachability_ratio": 0.5,
        "avg_path_length": 2.0,
        "path_variance": 2.0,
        "normalized": [
          0.5,
          0.5,
          0.875
        ],
        "score": 0.6025355660438075
      }
    },
    "degree_variance": {
      "score": 0.9692610480421496,
      "detail": {
        "raw_variance": 0.47222222222222227,
        "normalized_variance": 0.015610651974288339,
        "score": 0.9692610480421496,
        "degrees": [
          1,
          1,
          1,
          2,
          0,
          0,
          2,
          2,
          2,
          1,
          1,
          1
        ],
        "max_variance": 30.25,
        "room_count": 12,
        "mean_degree": 1.1666666666666667
      }
    },
    "door_distribution": {
      "score": 0.5601967136619446,
      "detail": {
        "cv": 0.3499271061118826,
        "avg_distance": 6.889834669028526,
        "avg_entropy": 0.12931471805599454,
        "weights": [
          0.3333333333333333,
          0.3333333333333333,
          0.3333333333333333
        ],
        "normalized": [
          0.8250364469440588,
          0.762272842815106,
          0.0932808512266689
        ],
        "score": 0.5601967136619446,
        "debug": {
          "count": 7
        }
      }
    },
    "dead_end_ratio": {
      "score": 0.5,
      "detail": {
        "dead_end_ratio": 0.5,
        "dead_end_count": 6,
        "total_rooms": 12,
        "dead_end_rooms": [
          "space_0",
          "space_1",
          "space_2",
          "space_9",
          "space_11",
          "space_10"
        ],
        "score": 0.5
      }
    },
    "key_path_length": {
      "score": 0.1353352832366127,
      "detail": {
        "raw_length": 4,
        "diameter": 4,
        "normalized_length": 1.0,
        "score": 0.1353352832366127,
        "path": [
          "space_0",
          "space_6",
          "space_3",
          "space_8",
          "space_10"
        ],
        "entrance": "space_0",
        "exit": "space_10"
      }
    },
    "loop_ratio": {
      "score": 0.45016600268752216,
      "detail": {
        "total_rooms": 10,
        "total_edges": 7,
        "connected_components": 3,
        "cyclomatic_number": 0,
        "loop_ratio": 0.1,
        "sigmoid_loop_ratio": 0.45016600268752216,
        "algorithm": "Cyclomatic formula + Sigmoid normalization",
        "note": "Direct calculation using E - V + C formula, then sigmoid mapping to [0,1]",
        "score_breakdown": {
          "raw_loop_ratio": 0.1,
          "sigmoid_loop_ratio": 0.45016600268752216,
          "final_score": 0.45016600268752216
        }
      }
    },
    "path_diversity": {
      "score": 0.0,
      "detail": {
        "avg_path_diversity": 0.0,
        "std_path_diversity": 0.0,
        "max_path_diversity": 0.0,
        "min_path_diversity": 0.0,
        "total_pairs_analyzed": 7,
        "rounds_completed": 2,
        "detailed_analysis": {
          "round_0": {
            "pairs_analyzed": 3,
            "avg_diversity": 0.0
          },
          "round_1": {
            "pairs_analyzed": 4,
            "avg_diversity": 0.0
          }
        },
        "adaptive_params": {
          "num_walks": 7,
          "max_walk_length": 1,
          "graph_diameter": 1,
          "avg_degree": 1.4,
          "total_nodes": 10,
          "total_edges": 7
        },
        "algorithm": "Adaptive_random_walk_sampling",
        "sampling_strategy": "Multi-round (2 rounds, 22 pairs/round)",
        "normalization": "Robust_with_predefined_bounds",
        "fusion_method": "Geometric_mean_of_normalized_metrics",
        "performance": {
          "time_taken": 0.0005998611450195312,
          "timeout": false
        }
      }
    },
    "treasure_monster_distribution": {
      "score": 0.0,
      "detail": {
        "reason": "Insufficient rooms or entities"
      }
    },
    "geometric_balance": {
      "score": 0.8782513337522021,
      "detail": {
        "symmetry_ratio": 0.0,
        "uniformity_area": 0.8295270587176504,
        "uniformity_spacing": 0.9298375467460924,
        "score": 0.8782513337522021
      }
    }
  },
  "category_scores": {
    "structural": 0.4596420876674339,
    "gameplay": 0.0,
    "aesthetic": 0.8782513337522021
  },
  "overall_score": 0.4459644738065453,
  "grade": "D",
  "details": {
    "accessibility": {
      "reachability_ratio": 0.5,
      "avg_path_length": 2.0,
      "path_variance": 2.0,
      "normalized": [
        0.5,
        0.5,
        0.875
      ],
      "score": 0.6025355660438075
    },
    "degree_variance": {
      "raw_variance": 0.47222222222222227,
      "normalized_variance": 0.015610651974288339,
      "score": 0.9692610480421496,
      "degrees": [
        1,
        1,
        1,
        2,
        0,
        0,
        2,
        2,
        2,
        1,
        1,
        1
      ],
      "max_variance": 30.25,
      "room_count": 12,
      "mean_degree": 1.1666666666666667
    },
    "door_distribution": {
      "cv": 0.3499271061118826,
      "avg_distance": 6.889834669028526,
      "avg_entropy": 0.12931471805599454,
      "weights": [
        0.3333333333333333,
        0.3333333333333333,
        0.3333333333333333
      ],
      "normalized": [
        0.8250364469440588,
        0.762272842815106,
        0.0932808512266689
      ],
      "score": 0.5601967136619446,
      "debug": {
        "count": 7
      }
    },
    "dead_end_ratio": {
      "dead_end_ratio": 0.5,
      "dead_end_count": 6,
      "total_rooms": 12,
      "dead_end_rooms": [
        "space_0",
        "space_1",
        "space_2",
        "space_9",
        "space_11",
        "space_10"
      ],
      "score": 0.5
    },
    "key_path_length": {
      "raw_length": 4,
      "diameter": 4,
      "normalized_length": 1.0,
      "score": 0.1353352832366127,
      "path": [
        "space_0",
        "space_6",
        "space_3",
        "space_8",
        "space_10"
      ],
      "entrance": "space_0",
      "exit": "space_10"
    },
    "loop_ratio": {
      "total_rooms": 10,
      "total_edges": 7,
      "connected_components": 3,
      "cyclomatic_number": 0,
      "loop_ratio": 0.1,
      "sigmoid_loop_ratio": 0.45016600268752216,
      "algorithm": "Cyclomatic formula + Sigmoid normalization",
      "note": "Direct calculation using E - V + C formula, then sigmoid mapping to [0,1]",
      "score_breakdown": {
        "raw_loop_ratio": 0.1,
        "sigmoid_loop_ratio": 0.45016600268752216,
        "final_score": 0.45016600268752216
      }
    },
    "path_diversity": {
      "avg_path_diversity": 0.0,
      "std_path_diversity": 0.0,
      "max_path_diversity": 0.0,
      "min_path_diversity": 0.0,
      "total_pairs_analyzed": 7,
      "rounds_completed": 2,
      "detailed_analysis": {
        "round_0": {
          "pairs_analyzed": 3,
          "avg_diversity": 0.0
        },
        "round_1": {
          "pairs_analyzed": 4,
          "avg_diversity": 0.0
        }
      },
      "adaptive_params": {
        "num_walks": 7,
        "max_walk_length": 1,
        "graph_diameter": 1,
        "avg_degree": 1.4,
        "total_nodes": 10,
        "total_edges": 7
      },
      "algorithm": "Adaptive_random_walk_sampling",
      "sampling_strategy": "Multi-round (2 rounds, 22 pairs/round)",
      "normalization": "Robust_with_predefined_bounds",
      "fusion_method": "Geometric_mean_of_normalized_metrics",
      "performance": {
        "time_taken": 0.0005998611450195312,
        "timeout": false
      }
    },
    "treasure_monster_distribution": {
      "reason": "Insufficient rooms or entities"
    },
    "geometric_balance": {
      "symmetry_ratio": 0.0,
      "uniformity_area": 0.8295270587176504,
      "uniformity_spacing": 0.9298375467460924,
      "score": 0.8782513337522021
    }
  },