{
  "scores": {
    "accessibility": {
      "score": 0.6499846621465825,
      "detail": {
        "reachability_ratio": 1.0,
        "avg_path_length": 2.4545454545454546,
        "path_variance": 1.1570247933884297,
        "normalized": [
          1.0,
          0.38636363636363635,
          0.7107438016528926
        ],
        "score": 0.6499846621465825
      }
    },
    "degree_variance": {
      "score": 0.8445406990856179,
      "detail": {
        "raw_variance": 2.555555555555556,
        "normalized_variance": 0.08448117539026631,
        "score": 0.8445406990856179,
        "degrees": [
          1,
          3,
          3,
          3,
          2,
          7,
          0,
          3,
          2,
          3,
          3,
          2
        ],
        "max_variance": 30.25,
        "room_count": 12,
        "mean_degree": 2.6666666666666665
      }
    },
    "door_distribution": {
      "score": 0.6306714527480312,
      "detail": {
        "cv": 0.4960783708246107,
        "avg_distance": 5.941485807045883,
        "avg_entropy": 0.48517118375042795,
        "weights": [
          0.3333333333333333,
          0.3333333333333333,
          0.3333333333333333
        ],
        "normalized": [
          0.7519608145876946,
          0.790076513266914,
          0.34997703038948524
        ],
        "score": 0.6306714527480312,
        "debug": {
          "count": 16
        }
      }
    },
    "dead_end_ratio": {
      "score": 0.9166666666666666,
      "detail": {
        "dead_end_ratio": 0.08333333333333333,
        "dead_end_count": 1,
        "total_rooms": 12,
        "dead_end_rooms": [
          "space_0"
        ],
        "score": 0.9166666666666666
      }
    },
    "key_path_length": {
      "score": 0.22313016014842982,
      "detail": {
        "raw_length": 3,
        "diameter": 4,
        "normalized_length": 0.75,
        "score": 0.22313016014842982,
        "path": [
          "space_0",
          "space_7",
          "space_5",
          "space_4"
        ],
        "entrance": "space_0",
        "exit": "space_4"
      }
    },
    "loop_ratio": {
      "score": 0.6661691280292581,
      "detail": {
        "total_rooms": 11,
        "total_edges": 16,
        "connected_components": 1,
        "cyclomatic_number": 6,
        "loop_ratio": 0.5454545454545454,
        "sigmoid_loop_ratio": 0.6661691280292581,
        "algorithm": "Cyclomatic formula + Sigmoid normalization",
        "note": "Direct calculation using E - V + C formula, then sigmoid mapping to [0,1]",
        "score_breakdown": {
          "raw_loop_ratio": 0.5454545454545454,
          "sigmoid_loop_ratio": 0.6661691280292581,
          "final_score": 0.6661691280292581
        }
      }
    },
    "path_diversity": {
      "score": 0.4851069003051916,
      "detail": {
        "avg_path_diversity": 0.2739018423641516,
        "std_path_diversity": 0.17007571637102223,
        "max_path_diversity": 0.5646216167855659,
        "min_path_diversity": 0.0,
        "total_pairs_analyzed": 46,
        "rounds_completed": 4,
        "detailed_analysis": {
          "round_0": {
            "pairs_analyzed": 12,
            "avg_diversity": 0.1822580077028698
          },
          "round_1": {
            "pairs_analyzed": 11,
            "avg_diversity": 0.336213051152099
          },
          "round_2": {
            "pairs_analyzed": 12,
            "avg_diversity": 0.3295017779793777
          },
          "round_3": {
            "pairs_analyzed": 11,
            "avg_diversity": 0.2509112507173559
          }
        },
        "adaptive_params": {
          "num_walks": 11,
          "max_walk_length": 4,
          "graph_diameter": 4,
          "avg_degree": 2.909090909090909,
          "total_nodes": 11,
          "total_edges": 16
        },
        "algorithm": "Adaptive_random_walk_sampling",
        "sampling_strategy": "Multi-round (4 rounds, 12 pairs/round)",
        "normalization": "Robust_with_predefined_bounds",
        "fusion_method": "Geometric_mean_of_normalized_metrics",
        "performance": {
          "time_taken": 0.002772092819213867,
          "timeout": false
        }
      }
    },
    "treasure_monster_distribution": {
      "score": 0.0,
      "detail": {
        "reason": "Insufficient rooms or entities"
      }
    },
    "geometric_balance": {
      "score": 0.8949283158127457,
      "detail": {
        "symmetry_ratio": 0.0,
        "uniformity_area": 0.8295270587176504,
        "uniformity_spacing": 0.9654859139634673,
        "score": 0.8949283158127457
      }
    }
  },
  "category_scores": {
    "structural": 0.6308956670185398,
    "gameplay": 0.0,
    "aesthetic": 0.8949283158127457
  },
  "overall_score": 0.5086079942770951,
  "grade": "C",
  "details": {
    "accessibility": {
      "reachability_ratio": 1.0,
      "avg_path_length": 2.4545454545454546,
      "path_variance": 1.1570247933884297,
      "normalized": [
        1.0,
        0.38636363636363635,
        0.7107438016528926
      ],
      "score": 0.6499846621465825
    },
    "degree_variance": {
      "raw_variance": 2.555555555555556,
      "normalized_variance": 0.08448117539026631,
      "score": 0.8445406990856179,
      "degrees": [
        1,
        3,
        3,
        3,
        2,
        7,
        0,
        3,
        2,
        3,
        3,
        2
      ],
      "max_variance": 30.25,
      "room_count": 12,
      "mean_degree": 2.6666666666666665
    },
    "door_distribution": {
      "cv": 0.4960783708246107,
      "avg_distance": 5.941485807045883,
      "avg_entropy": 0.48517118375042795,
      "weights": [
        0.3333333333333333,
        0.3333333333333333,
        0.3333333333333333
      ],
      "normalized": [
        0.7519608145876946,
        0.790076513266914,
        0.34997703038948524
      ],
      "score": 0.6306714527480312,
      "debug": {
        "count": 16
      }
    },
    "dead_end_ratio": {
      "dead_end_ratio": 0.08333333333333333,
      "dead_end_count": 1,
      "total_rooms": 12,
      "dead_end_rooms": [
        "space_0"
      ],
      "score": 0.9166666666666666
    },
    "key_path_length": {
      "raw_length": 3,
      "diameter": 4,
      "normalized_length": 0.75,
      "score": 0.22313016014842982,
      "path": [
        "space_0",
        "space_7",
        "space_5",
        "space_4"
      ],
      "entrance": "space_0",
      "exit": "space_4"
    },
    "loop_ratio": {
      "total_rooms": 11,
      "total_edges": 16,
      "connected_components": 1,
      "cyclomatic_number": 6,
      "loop_ratio": 0.5454545454545454,
      "sigmoid_loop_ratio": 0.6661691280292581,
      "algorithm": "Cyclomatic formula + Sigmoid normalization",
      "note": "Direct calculation using E - V + C formula, then sigmoid mapping to [0,1]",
      "score_breakdown": {
        "raw_loop_ratio": 0.5454545454545454,
        "sigmoid_loop_ratio": 0.6661691280292581,
        "final_score": 0.6661691280292581
      }
    },
    "path_diversity": {
      "avg_path_diversity": 0.2739018423641516,
      "std_path_diversity": 0.17007571637102223,
      "max_path_diversity": 0.5646216167855659,
      "min_path_diversity": 0.0,
      "total_pairs_analyzed": 46,
      "rounds_completed": 4,
      "detailed_analysis": {
        "round_0": {
          "pairs_analyzed": 12,
          "avg_diversity": 0.1822580077028698
        },
        "round_1": {
          "pairs_analyzed": 11,
          "avg_diversity": 0.336213051152099
        },
        "round_2": {
          "pairs_analyzed": 12,
          "avg_diversity": 0.3295017779793777
        },
        "round_3": {
          "pairs_analyzed": 11,
          "avg_diversity": 0.2509112507173559
        }
      },
      "adaptive_params": {
        "num_walks": 11,
        "max_walk_length": 4,
        "graph_diameter": 4,
        "avg_degree": 2.909090909090909,
        "total_nodes": 11,
        "total_edges": 16
      },