{
  "scores": {
    "accessibility": {
      "score": 0.7087341061500754,
      "detail": {
        "reachability_ratio": 0.8,
        "avg_path_length": 2.5,
        "path_variance": 2.75,
        "normalized": [
          0.8,
          0.5,
          0.89
        ],
        "score": 0.7087341061500754
      }
    },
    "degree_variance": {
      "score": 0.9411939401248325,
      "detail": {
        "raw_variance": 0.9166666666666666,
        "normalized_variance": 0.0303030303030303,
        "score": 0.9411939401248325,
        "degrees": [
          2,
          2,
          0,
          2,
          0,
          2,
          1,
          3,
          1,
          3,
          1,
          1
        ],
        "max_variance": 30.25,
        "room_count": 12,
        "mean_degree": 1.5
      }
    },
    "door_distribution": {
      "score": 0.6161012087390206,
      "detail": {
        "cv": 0.41573970964154905,
        "avg_distance": 7.065551147742869,
        "avg_entropy": 0.3115955709974648,
        "weights": [
          0.3333333333333333,
          0.3333333333333333,
          0.3333333333333333
        ],
        "normalized": [
          0.7921301451792255,
          0.8314047885173327,
          0.22476869252050372
        ],
        "score": 0.6161012087390206,
        "debug": {
          "count": 9
        }
      }
    },
    "dead_end_ratio": {
      "score": 0.6666666666666667,
      "detail": {
        "dead_end_ratio": 0.3333333333333333,
        "dead_end_count": 4,
        "total_rooms": 12,
        "dead_end_rooms": [
          "space_6",
          "space_11",
          "space_8",
          "space_10"
        ],
        "score": 0.6666666666666667
      }
    },
    "key_path_length": {
      "score": 0.1353352832366127,
      "detail": {
        "raw_length": 6,
        "diameter": 6,
        "normalized_length": 1.0,
        "score": 0.1353352832366127,
        "path": [
          "space_6",
          "space_0",
          "space_3",
          "space_5",
          "space_9",
          "space_7",
          "space_11"
        ],
        "entrance": "space_6",
        "exit": "space_11"
      }
    },
    "loop_ratio": {
      "score": 0.45016600268752216,
      "detail": {
        "total_rooms": 10,
        "total_edges": 9,
        "connected_components": 2,
        "cyclomatic_number": 1,
        "loop_ratio": 0.1,
        "sigmoid_loop_ratio": 0.45016600268752216,
        "algorithm": "Cyclomatic formula + Sigmoid normalization",
        "note": "Direct calculation using E - V + C formula, then sigmoid mapping to [0,1]",
        "score_breakdown": {
          "raw_loop_ratio": 0.1,
          "sigmoid_loop_ratio": 0.45016600268752216,
          "final_score": 0.45016600268752216
        }
      }
    },
    "path_diversity": {
      "score": 0.3841636887054614,
      "detail": {
        "avg_path_diversity": 0.2514941686009176,
        "std_path_diversity": 0.26074086841813726,
        "max_path_diversity": 0.6546536697635116,
        "min_path_diversity": 0.0,
        "total_pairs_analyzed": 14,
        "rounds_completed": 5,
        "detailed_analysis": {
          "round_0": {
            "pairs_analyzed": 2,
            "avg_diversity": 0.0
          },
          "round_1": {
            "pairs_analyzed": 3,
            "avg_diversity": 0.5045337974420276
          },
          "round_2": {
            "pairs_analyzed": 4,
            "avg_diversity": 0.2394426537136334
          },
          "round_3": {
            "pairs_analyzed": 3,
            "avg_diversity": 0.19476568112897572
          },
          "round_4": {
            "pairs_analyzed": 2,
            "avg_diversity": 0.23262465492265122
          }
        },
        "adaptive_params": {
          "num_walks": 9,
          "max_walk_length": 4,
          "graph_diameter": 4,
          "avg_degree": 1.8,
          "total_nodes": 10,
          "total_edges": 9
        },
        "algorithm": "Adaptive_random_walk_sampling",
        "sampling_strategy": "Multi-round (5 rounds, 9 pairs/round)",
        "normalization": "Robust_with_predefined_bounds",
        "fusion_method": "Geometric_mean_of_normalized_metrics",
        "performance": {
          "time_taken": 0.0017688274383544922,
          "timeout": false
        }
      }
    },
    "treasure_monster_distribution": {
      "score": 0.0,
      "detail": {
        "reason": "Insufficient rooms or entities"
      }
    },
    "geometric_balance": {
      "score": 0.8911495825790382,
      "detail": {
        "symmetry_ratio": 0.0,
        "uniformity_area": 0.8295270587176504,
        "uniformity_spacing": 0.9573498178087779,
        "score": 0.8911495825790382
      }
    }
  },
  "category_scores": {
    "structural": 0.5574801280443132,
    "gameplay": 0.0,
    "aesthetic": 0.8911495825790382
  },
  "overall_score": 0.4828765702077838,
  "grade": "D",
  "details": {
    "accessibility": {
      "reachability_ratio": 0.8,
      "avg_path_length": 2.5,
      "path_variance": 2.75,
      "normalized": [
        0.8,
        0.5,
        0.89
      ],
      "score": 0.7087341061500754
    },
    "degree_variance": {
      "raw_variance": 0.9166666666666666,
      "normalized_variance": 0.0303030303030303,
      "score": 0.9411939401248325,
      "degrees": [
        2,
        2,
        0,
        2,
        0,
        2,
        1,
        3,
        1,
        3,
        1,
        1
      ],
      "max_variance": 30.25,
      "room_count": 12,
      "mean_degree": 1.5
    },
    "door_distribution": {
      "cv": 0.41573970964154905,
      "avg_distance": 7.065551147742869,
      "avg_entropy": 0.3115955709974648,
      "weights": [
        0.3333333333333333,
        0.3333333333333333,
        0.3333333333333333
      ],
      "normalized": [
        0.7921301451792255,
        0.8314047885173327,
        0.22476869252050372
      ],
      "score": 0.6161012087390206,
      "debug": {
        "count": 9
      }
    },
    "dead_end_ratio": {
      "dead_end_ratio": 0.3333333333333333,
      "dead_end_count": 4,
      "total_rooms": 12,
      "dead_end_rooms": [
        "space_6",
        "space_11",
        "space_8",
        "space_10"
      ],
      "score": 0.6666666666666667
    },
    "key_path_length": {
      "raw_length": 6,
      "diameter": 6,
      "normalized_length": 1.0,
      "score": 0.1353352832366127,
      "path": [
        "space_6",
        "space_0",
        "space_3",
        "space_5",
        "space_9",
        "space_7",
        "space_11"
      ],
      "entrance": "space_6",
      "exit": "space_11"
    },
    "loop_ratio": {
      "total_rooms": 10,
      "total_edges": 9,
      "connected_components": 2,
      "cyclomatic_number": 1,
      "loop_ratio": 0.1,
      "sigmoid_loop_ratio": 0.45016600268752216,
      "algorithm": "Cyclomatic formula + Sigmoid normalization",
      "note": "Direct calculation using E - V + C formula, then sigmoid mapping to [0,1]",
      "score_breakdown": {
        "raw_loop_ratio": 0.1,
        "sigmoid_loop_ratio": 0.45016600268752216,
        "final_score": 0.45016600268752216
      }
    },
    "path_diversity": {
      "avg_path_diversity": 0.2514941686009176,
      "std_path_diversity": 0.26074086841813726,
      "max_path_diversity": 0.6546536697635116,
      "min_path_diversity": 0.0,
      "total_pairs_analyzed": 14,
      "rounds_completed": 5,
      "detailed_analysis": {
        "round_0": {
          "pairs_analyzed": 2,
          "avg_diversity": 0.0
        },
        "round_1": {
          "pairs_analyzed": 3,
          "avg_diversity": 0.5045337974420276
        },
        "round_2": {
          "pairs_analyzed": 4,
          "avg_diversity": 0.2394426537136334
        },
        "round_3": {
          "pairs_analyzed": 3,
          "avg_diversity": 0.19476568112897572
        },
        "round_4": {
          "pairs_analyzed": 2,
          "avg_diversity": 0.23262465492265122
        }
      },