{
  "scores": {
    "accessibility": {
      "score": 0.6928739621513758,
      "detail": {
        "reachability_ratio": 1.0,
        "avg_path_length": 3.111111111111111,
        "path_variance": 2.9876543209876543,
        "normalized": [
          1.0,
          0.37777777777777777,
          0.8804938271604938
        ],
        "score": 0.6928739621513758
      }
    },
    "degree_variance": {
      "score": 0.7669753086419753,
      "detail": {
        "raw_variance": 3.728395061728395,
        "normalized_variance": 0.2330246913580247,
        "score": 0.7669753086419753,
        "degrees": [
          2,
          5,
          8,
          2,
          4,
          2,
          2,
          5,
          4
        ],
        "max_variance": 16.0,
        "room_count": 9,
        "mean_degree": 3.7777777777777777
      }
    },
    "door_distribution": {
      "score": 0.38666662801179735,
      "detail": {
        "cv": 0.5111219763818461,
        "avg_distance": 18.270711942733172,
        "avg_entropy": 0.24814115277089455,
        "weights": [
          0.3333333333333333,
          0.3333333333333333,
          0.3333333333333333
        ],
        "normalized": [
          0.7444390118090769,
          0.23656486695479512,
          0.17899600527152013
        ],
        "score": 0.38666662801179735,
        "debug": {
          "count": 17
        }
      }
    },
    "dead_end_ratio": {
      "score": 1.0,
      "detail": {
        "dead_end_ratio": 0.0,
        "dead_end_count": 0,
        "total_rooms": 9,
        "dead_end_rooms": [],
        "score": 1.0
      }
    },
    "key_path_length": {
      "score": 1.0,
      "detail": {
        "raw_length": 5,
        "diameter": 5,
        "normalized_length": 1.0,
        "path": [
          "room_8",
          "room_7",
          "room_6",
          "room_0",
          "room_1",
          "room_2"
        ],
        "entrance": "room_8",
        "exit": "room_2"
      }
    },
    "loop_ratio": {
      "score": 0.5,
      "detail": {
        "total_rooms": 9,
        "total_edges": 17,
        "connected_components": 1,
        "cyclomatic_number": 9,
        "loop_ratio": 1.0,
        "sigmoid_loop_ratio": 0.5,
        "algorithm": "Cyclomatic formula + Sigmoid normalization",
        "note": "Direct calculation using E - V + C formula, then sigmoid mapping to [0,1]",
        "score_breakdown": {
          "raw_loop_ratio": 1.0,
          "sigmoid_loop_ratio": 0.5,
          "final_score": 0.5
        }
      }
    },
    "path_diversity": {
      "score": 0.14285714285714285,
      "detail": {
        "avg_path_diversity": 0.044405313084597074,
        "std_path_diversity": 0.1087703589257962,
        "max_path_diversity": 0.31083719159217954,
        "min_path_diversity": 0.0,
        "total_pairs_analyzed": 7,
        "rounds_completed": 3,
        "detailed_analysis": {
          "round_0": {
            "pairs_analyzed": 2,
            "avg_diversity": 0.0
          },
          "round_1": {
            "pairs_analyzed": 2,
            "avg_diversity": 0.15541859579608977
          },
          "round_2": {
            "pairs_analyzed": 3,
            "avg_diversity": 0.0
          }
        },
        "adaptive_params": {
          "num_walks": 9,
          "max_walk_length": 2,
          "graph_diameter": 2,
          "avg_degree": 3.7777777777777777,
          "total_nodes": 9,
          "total_edges": 17
        },
        "algorithm": "Adaptive_random_walk_sampling",
        "sampling_strategy": "Multi-round (4 rounds, 4 pairs/round)",
        "normalization": "Robust_with_predefined_bounds",
        "fusion_method": "Geometric_mean_of_normalized_metrics",
        "performance": {
          "time_taken": 0.002092123031616211,
          "timeout": false
        }
      }
    },
    "treasure_monster_distribution": {
      "score": 0.0,
      "detail": {
        "reason": "Insufficient rooms or entities"
      }
    },
    "geometric_balance": {
      "score": 0.7433989670988772,
      "detail": {
        "symmetry_ratio": 0.0,
        "uniformity_area": 0.6303047221652655,
        "uniformity_spacing": 0.8767854735170065,
        "score": 0.7433989670988772
      }
    }
  },
  "category_scores": {
    "structural": 0.641339005951756,
    "gameplay": 0.0,
    "aesthetic": 0.7433989670988772
  },
  "overall_score": 0.46157932435021104,
  "grade": "D",
  "details": {
    "accessibility": {
      "reachability_ratio": 1.0,
      "avg_path_length": 3.111111111111111,
      "path_variance": 2.9876543209876543,
      "normalized": [
        1.0,
        0.37777777777777777,
        0.8804938271604938
      ],
      "score": 0.6928739621513758
    },
    "degree_variance": {
      "raw_variance": 3.728395061728395,
      "normalized_variance": 0.2330246913580247,
      "score": 0.7669753086419753,
      "degrees": [
        2,
        5,
        8,
        2,
        4,
        2,
        2,
        5,
        4
      ],
      "max_variance": 16.0,
      "room_count": 9,
      "mean_degree": 3.7777777777777777
    },
    "door_distribution": {
      "cv": 0.5111219763818461,
      "avg_distance": 18.270711942733172,
      "avg_entropy": 0.24814115277089455,
      "weights": [
        0.3333333333333333,
        0.3333333333333333,
        0.3333333333333333
      ],
      "normalized": [
        0.7444390118090769,
        0.23656486695479512,
        0.17899600527152013
      ],
      "score": 0.38666662801179735,
      "debug": {
        "count": 17
      }
    },
    "dead_end_ratio": {
      "dead_end_ratio": 0.0,
      "dead_end_count": 0,
      "total_rooms": 9,
      "dead_end_rooms": [],
      "score": 1.0
    },
    "key_path_length": {
      "raw_length": 5,
      "diameter": 5,
      "normalized_length": 1.0,
      "path": [
        "room_8",
        "room_7",
        "room_6",
        "room_0",
        "room_1",
        "room_2"
      ],
      "entrance": "room_8",
      "exit": "room_2"
    },
    "loop_ratio": {
      "total_rooms": 9,
      "total_edges": 17,
      "connected_components": 1,
      "cyclomatic_number": 9,
      "loop_ratio": 1.0,
      "sigmoid_loop_ratio": 0.5,
      "algorithm": "Cyclomatic formula + Sigmoid normalization",
      "note": "Direct calculation using E - V + C formula, then sigmoid mapping to [0,1]",
      "score_breakdown": {
        "raw_loop_ratio": 1.0,
        "sigmoid_loop_ratio": 0.5,
        "final_score": 0.5
      }
    },
    "path_diversity": {
      "avg_path_diversity": 0.044405313084597074,
      "std_path_diversity": 0.1087703589257962,
      "max_path_diversity": 0.31083719159217954,
      "min_path_diversity": 0.0,
      "total_pairs_analyzed": 7,
      "rounds_completed": 3,
      "detailed_analysis": {
        "round_0": {
          "pairs_analyzed": 2,
          "avg_diversity": 0.0
        },
        "round_1": {
          "pairs_analyzed": 2,
          "avg_diversity": 0.15541859579608977
        },
        "round_2": {
          "pairs_analyzed": 3,
          "avg_diversity": 0.0
        }
      },
      "adaptive_params": {
        "num_walks": 9,
        "max_walk_length": 2,
        "graph_diameter": 2,
        "avg_degree": 3.7777777777777777,
        "total_nodes": 9,
        "total_edges": 17
      },
      "algorithm": "Adaptive_random_walk_sampling",
      "sampling_strategy": "Multi-round (4 rounds, 4 pairs/round)",
      "normalization": "Robust_with_predefined_bounds",
      "fusion_method": "Geometric_mean_of_normalized_metrics",
      "performance": {
        "time_taken": 0.002092123031616211,
        "timeout": false
      }
    },
    "treasure_monster_distribution": {
      "reason": "Insufficient rooms or entities"
    },
    "geometric_balance": {
      "symmetry_ratio": 0.0,
      "uniformity_area": 0.6303047221652655,
      "uniformity_spacing": 0.8767854735170065,
      "score": 0.7433989670988772
    }
  },