{
  "scores": {
    "accessibility": {
      "score": 0.6969097561846236,
      "detail": {
        "reachability_ratio": 1.0,
        "avg_path_length": 3.6666666666666665,
        "path_variance": 4.666666666666667,
        "normalized": [
          1.0,
          0.3888888888888889,
          0.8703703703703703
        ],
        "score": 0.6969097561846236
      }
    },
    "degree_variance": {
      "score": 0.7901234567901234,
      "detail": {
        "raw_variance": 3.3580246913580245,
        "normalized_variance": 0.20987654320987653,
        "score": 0.7901234567901234,
        "degrees": [
          2,
          4,
          8,
          2,
          4,
          2,
          2,
          4,
          4
        ],
        "max_variance": 16.0,
        "room_count": 9,
        "mean_degree": 3.5555555555555554
      }
    },
    "door_distribution": {
      "score": 0.374698764785905,
      "detail": {
        "cv": 0.5153882032022076,
        "avg_distance": 18.760112282347084,
        "avg_entropy": 0.19254088348887366,
        "weights": [
          0.3333333333333333,
          0.3333333333333333,
          0.3333333333333333
        ],
        "normalized": [
          0.7423058983988962,
          0.24290150706993,
          0.13888888888888887
        ],
        "score": 0.374698764785905,
        "debug": {
          "count": 16
        }
      }
    },
    "dead_end_ratio": {
      "score": 1.0,
      "detail": {
        "dead_end_ratio": 0.0,
        "dead_end_count": 0,
        "total_rooms": 9,
        "dead_end_rooms": [],
        "score": 1.0
      }
    },
    "key_path_length": {
      "score": 1.0,
      "detail": {
        "raw_length": 6,
        "diameter": 6,
        "normalized_length": 1.0,
        "path": [
          "room_8",
          "room_7",
          "room_6",
          "room_3",
          "room_0",
          "room_1",
          "room_2"
        ],
        "entrance": "room_8",
        "exit": "room_2"
      }
    },
    "loop_ratio": {
      "score": 0.47225076494548685,
      "detail": {
        "total_rooms": 9,
        "total_edges": 16,
        "connected_components": 1,
        "cyclomatic_number": 8,
        "loop_ratio": 0.8888888888888888,
        "sigmoid_loop_ratio": 0.47225076494548685,
        "algorithm": "Cyclomatic formula + Sigmoid normalization",
        "note": "Direct calculation using E - V + C formula, then sigmoid mapping to [0,1]",
        "score_breakdown": {
          "raw_loop_ratio": 0.8888888888888888,
          "sigmoid_loop_ratio": 0.47225076494548685,
          "final_score": 0.47225076494548685
        }
      }
    },
    "path_diversity": {
      "score": 0.4499047199793543,
      "detail": {
        "avg_path_diversity": 0.2948258905516422,
        "std_path_diversity": 0.26663799403361205,
        "max_path_diversity": 0.6553073961197196,
        "min_path_diversity": 0.0,
        "total_pairs_analyzed": 16,
        "rounds_completed": 4,
        "detailed_analysis": {
          "round_0": {
            "pairs_analyzed": 4,
            "avg_diversity": 0.26769198859085475
          },
          "round_1": {
            "pairs_analyzed": 4,
            "avg_diversity": 0.31421455712154367
          },
          "round_2": {
            "pairs_analyzed": 4,
            "avg_diversity": 0.3907876243544005
          },
          "round_3": {
            "pairs_analyzed": 4,
            "avg_diversity": 0.20660939213976987
          }
        },
        "adaptive_params": {
          "num_walks": 9,
          "max_walk_length": 5,
          "graph_diameter": 5,
          "avg_degree": 3.5555555555555554,
          "total_nodes": 9,
          "total_edges": 16
        },
        "algorithm": "Adaptive_random_walk_sampling",
        "sampling_strategy": "Multi-round (4 rounds, 4 pairs/round)",
        "normalization": "Robust_with_predefined_bounds",
        "fusion_method": "Geometric_mean_of_normalized_metrics",
        "performance": {
          "time_taken": 0.0021390914916992188,
          "timeout": false
        }
      }
    },
    "treasure_monster_distribution": {
      "score": 0.0,
      "detail": {
        "reason": "Insufficient rooms or entities"
      }
    },
    "geometric_balance": {
      "score": 0.728594743754224,
      "detail": {
        "symmetry_ratio": 0.0,
        "uniformity_area": 0.6040142253466538,
        "uniformity_spacing": 0.8788705271330645,
        "score": 0.728594743754224
      }
    }
  },
  "category_scores": {
    "structural": 0.6834124946693564,
    "gameplay": 0.0,
    "aesthetic": 0.728594743754224
  },
  "overall_score": 0.47066907947452674,
  "grade": "D",
  "details": {
    "accessibility": {
      "reachability_ratio": 1.0,
      "avg_path_length": 3.6666666666666665,
      "path_variance": 4.666666666666667,
      "normalized": [
        1.0,
        0.3888888888888889,
        0.8703703703703703
      ],
      "score": 0.6969097561846236
    },
    "degree_variance": {
      "raw_variance": 3.3580246913580245,
      "normalized_variance": 0.20987654320987653,
      "score": 0.7901234567901234,
      "degrees": [
        2,
        4,
        8,
        2,
        4,
        2,
        2,
        4,
        4
      ],
      "max_variance": 16.0,
      "room_count": 9,
      "mean_degree": 3.5555555555555554
    },
    "door_distribution": {
      "cv": 0.5153882032022076,
      "avg_distance": 18.760112282347084,
      "avg_entropy": 0.19254088348887366,
      "weights": [
        0.3333333333333333,
        0.3333333333333333,
        0.3333333333333333
      ],
      "normalized": [
        0.7423058983988962,
        0.24290150706993,
        0.13888888888888887
      ],
      "score": 0.374698764785905,
      "debug": {
        "count": 16
      }
    },
    "dead_end_ratio": {
      "dead_end_ratio": 0.0,
      "dead_end_count": 0,
      "total_rooms": 9,
      "dead_end_rooms": [],
      "score": 1.0
    },
    "key_path_length": {
      "raw_length": 6,
      "diameter": 6,
      "normalized_length": 1.0,
      "path": [
        "room_8",
        "room_7",
        "room_6",
        "room_3",
        "room_0",
        "room_1",
        "room_2"
      ],
      "entrance": "room_8",
      "exit": "room_2"
    },
    "loop_ratio": {
      "total_rooms": 9,
      "total_edges": 16,
      "connected_components": 1,
      "cyclomatic_number": 8,
      "loop_ratio": 0.8888888888888888,
      "sigmoid_loop_ratio": 0.47225076494548685,
      "algorithm": "Cyclomatic formula + Sigmoid normalization",
      "note": "Direct calculation using E - V + C formula, then sigmoid mapping to [0,1]",
      "score_breakdown": {
        "raw_loop_ratio": 0.8888888888888888,
        "sigmoid_loop_ratio": 0.47225076494548685,
        "final_score": 0.47225076494548685
      }
    },
    "path_diversity": {
      "avg_path_diversity": 0.2948258905516422,
      "std_path_diversity": 0.26663799403361205,
      "max_path_diversity": 0.6553073961197196,
      "min_path_diversity": 0.0,
      "total_pairs_analyzed": 16,
      "rounds_completed": 4,
      "detailed_analysis": {
        "round_0": {
          "pairs_analyzed": 4,
          "avg_diversity": 0.26769198859085475
        },
        "round_1": {
          "pairs_analyzed": 4,
          "avg_diversity": 0.31421455712154367
        },
        "round_2": {
          "pairs_analyzed": 4,
          "avg_diversity": 0.3907876243544005
        },
        "round_3": {
          "pairs_analyzed": 4,
          "avg_diversity": 0.20660939213976987
        }
      },
      "adaptive_params": {
        "num_walks": 9,
        "max_walk_length": 5,
        "graph_diameter": 5,
        "avg_degree": 3.5555555555555554,
        "total_nodes": 9,
        "total_edges": 16
      },
      "algorithm": "Adaptive_random_walk_sampling",
      "sampling_strategy": "Multi-round (4 rounds, 4 pairs/round)",
      "normalization": "Robust_with_predefined_bounds",