{
  "scores": {
    "accessibility": {
      "score": 0.7629116041593336,
      "detail": {
        "reachability_ratio": 1.0,
        "avg_path_length": 4.518518518518518,
        "path_variance": 8.768175582990397,
        "normalized": [
          1.0,
          0.4979423868312758,
          0.8917509187285136
        ],
        "score": 0.7629116041593336
      }
    },
    "degree_variance": {
      "score": 0.1353352832366127,
      "detail": {
        "raw_variance": 1.5555555555555554,
        "normalized_variance": 1.0,
        "score": 0.1353352832366127,
        "degrees": [
          4,
          7,
          5
        ],
        "max_variance": 1.5555555555555554,
        "room_count": 3,
        "mean_degree": 5.333333333333333
      }
    },
    "door_distribution": {
      "score": 0.5216610921266738,
      "detail": {
        "cv": 0.385275875185561,
        "avg_distance": 2.1393830498082216,
        "avg_entropy": 0.7415225973810841,
        "weights": [
          0.3333333333333333,
          0.3333333333333333,
          0.3333333333333333
        ],
        "normalized": [
          0.8073620624072195,
          0.22272572699840532,
          0.5348954869743967
        ],
        "score": 0.5216610921266738,
        "debug": {
          "count": 48
        }
      }
    },
    "dead_end_ratio": {
      "score": 0.6666666666666667,
      "detail": {
        "dead_end_ratio": 0.3333333333333333,
        "dead_end_count": 1,
        "total_rooms": 3,
        "dead_end_rooms": [
          "rect_13"
        ],
        "score": 0.6666666666666667
      }
    },
    "key_path_length": {
      "score": 0.8187307530779818,
      "detail": {
        "raw_length": 1,
        "diameter": 10,
        "normalized_length": 0.1,
        "score": 0.8187307530779818,
        "path": [
          "rect_10",
          "rect_11"
        ],
        "entrance": "rect_10",
        "exit": "rect_11"
      }
    },
    "loop_ratio": {
      "score": 0.7737537442183218,
      "detail": {
        "total_rooms": 27,
        "total_edges": 48,
        "connected_components": 1,
        "cyclomatic_number": 22,
        "loop_ratio": 0.8148148148148148,
        "sigmoid_loop_ratio": 0.7737537442183218,
        "algorithm": "Cyclomatic formula + Sigmoid normalization",
        "note": "Direct calculation using E - V + C formula, then sigmoid mapping to [0,1]",
        "score_breakdown": {
          "raw_loop_ratio": 0.8148148148148148,
          "sigmoid_loop_ratio": 0.7737537442183218,
          "final_score": 0.7737537442183218
        }
      }
    },
    "path_diversity": {
      "score": 0.50320072219782,
      "detail": {
        "avg_path_diversity": 0.33016026420905925,
        "std_path_diversity": 0.185492383864752,
        "max_path_diversity": 0.6561204100960442,
        "min_path_diversity": 0.0,
        "total_pairs_analyzed": 36,
        "rounds_completed": 11,
        "detailed_analysis": {
          "round_0": {
            "pairs_analyzed": 3,
            "avg_diversity": 0.32678142772333235
          },
          "round_1": {
            "pairs_analyzed": 3,
            "avg_diversity": 0.11463568431322069
          },
          "round_2": {
            "pairs_analyzed": 4,
            "avg_diversity": 0.268376059045607
          },
          "round_3": {
            "pairs_analyzed": 4,
            "avg_diversity": 0.33919322521833967
          },
          "round_4": {
            "pairs_analyzed": 4,
            "avg_diversity": 0.2362040319173982
          },
          "round_5": {
            "pairs_analyzed": 3,
            "avg_diversity": 0.28730076704668145
          },
          "round_6": {
            "pairs_analyzed": 3,
            "avg_diversity": 0.4771284625847994
          },
          "round_7": {
            "pairs_analyzed": 4,
            "avg_diversity": 0.3282800042913054
          },
          "round_8": {
            "pairs_analyzed": 3,
            "avg_diversity": 0.37287234025441346
          },
          "round_9": {
            "pairs_analyzed": 3,
            "avg_diversity": 0.4882874756401252
          },
          "round_10": {
            "pairs_analyzed": 2,
            "avg_diversity": 0.49826887847390694
          }
        },
        "adaptive_params": {
          "num_walks": 27,
          "max_walk_length": 8,
          "graph_diameter": 8,
          "avg_degree": 3.5555555555555554,
          "total_nodes": 27,
          "total_edges": 48
        },
        "algorithm": "Adaptive_random_walk_sampling",
        "sampling_strategy": "Multi-round (11 rounds, 4 pairs/round)",
        "normalization": "Robust_with_predefined_bounds",
        "fusion_method": "Geometric_mean_of_normalized_metrics",
        "performance": {
          "time_taken": 0.009490013122558594,
          "timeout": false
        }
      }
    },
    "treasure_monster_distribution": {
      "score": 0.6978541166398908,
      "detail": {
        "cv_treasure": 1.4142135623730951,
        "uniformity_treasure": 0.0,
        "score": 0.6978541166398908,
        "cv_monster": 1.4142135623730951,
        "uniformity_monster": 0.0,
        "avg_t2m_dist": 5.70087712549569,
        "proximity_score": 0.6978541166398908
      }
    },
    "geometric_balance": {
      "score": 0.75,
      "detail": {
        "symmetry_ratio": 0.0,
        "uniformity_area": 0.5625,
        "uniformity_spacing": 1.0,
        "score": 0.75
      }
    }
  },
  "category_scores": {
    "structural": 0.5974656950976301,
    "gameplay": 0.6978541166398908,
    "aesthetic": 0.75
  },
  "overall_score": 0.6817732705791737,
  "grade": "B",
  "details": {
    "accessibility": {
      "reachability_ratio": 1.0,
      "avg_path_length": 4.518518518518518,
      "path_variance": 8.768175582990397,
      "normalized": [
        1.0,
        0.4979423868312758,
        0.8917509187285136
      ],
      "score": 0.7629116041593336
    },
    "degree_variance": {
      "raw_variance": 1.5555555555555554,
      "normalized_variance": 1.0,
      "score": 0.1353352832366127,
      "degrees": [
        4,
        7,
        5
      ],
      "max_variance": 1.5555555555555554,
      "room_count": 3,
      "mean_degree": 5.333333333333333
    },
    "door_distribution": {
      "cv": 0.385275875185561,
      "avg_distance": 2.1393830498082216,
      "avg_entropy": 0.7415225973810841,
      "weights": [
        0.3333333333333333,
        0.3333333333333333,
        0.3333333333333333
      ],
      "normalized": [
        0.8073620624072195,
        0.22272572699840532,
        0.5348954869743967
      ],
      "score": 0.5216610921266738,
      "debug": {
        "count": 48
      }
    },
    "dead_end_ratio": {
      "dead_end_ratio": 0.3333333333333333,
      "dead_end_count": 1,
      "total_rooms": 3,
      "dead_end_rooms": [
        "rect_13"
      ],
      "score": 0.6666666666666667
    },
    "key_path_length": {
      "raw_length": 1,
      "diameter": 10,
      "normalized_length": 0.1,
      "score": 0.8187307530779818,
      "path": [
        "rect_10",
        "rect_11"
      ],
      "entrance": "rect_10",
      "exit": "rect_11"
    },
    "loop_ratio": {
      "total_rooms": 27,
      "total_edges": 48,
      "connected_components": 1,
      "cyclomatic_number": 22,
      "loop_ratio": 0.8148148148148148,
      "sigmoid_loop_ratio": 0.7737537442183218,
      "algorithm": "Cyclomatic formula + Sigmoid normalization",
      "note": "Direct calculation using E - V + C formula, then sigmoid mapping to [0,1]",
      "score_breakdown": {
        "raw_loop_ratio": 0.8148148148148148,
        "sigmoid_loop_ratio": 0.7737537442183218,
        "final_score": 0.7737537442183218
      }
    },
    "path_diversity": {
      "avg_path_diversity": 0.33016026420905925,
      "std_path_diversity": 0.185492383864752,
      "max_path_diversity": 0.6561204100960442,
      "min_path_diversity": 0.0,
      "total_pairs_analyzed": 36,
      "rounds_completed": 11,