{
  "scores": {
    "accessibility": {
      "score": 0.8086451888483647,
      "detail": {
        "reachability_ratio": 1.0,
        "avg_path_length": 4.831460674157303,
        "path_variance": 6.90417876530741,
        "normalized": [
          1.0,
          0.5607763023493361,
          0.9429406713610958
        ],
        "score": 0.8086451888483647
      }
    },
    "degree_variance": {
      "score": 0.34603183835322576,
      "detail": {
        "raw_variance": 4.775510204081633,
        "normalized_variance": 0.5306122448979592,
        "score": 0.34603183835322576,
        "degrees": [
          8,
          3,
          6,
          2,
          8,
          4,
          6
        ],
        "max_variance": 9.0,
        "room_count": 7,
        "mean_degree": 5.285714285714286
      }
    },
    "door_distribution": {
      "score": 0.5189481176430373,
      "detail": {
        "cv": 0.41791669519123265,
        "avg_distance": 2.1365469334477685,
        "avg_entropy": 0.8606982013004464,
        "weights": [
          0.3333333333333333,
          0.3333333333333333,
          0.3333333333333333
        ],
        "normalized": [
          0.7910416524043837,
          0.14494018716562568,
          0.6208625133591024
        ],
        "score": 0.5189481176430373,
        "debug": {
          "count": 183
        }
      }
    },
    "dead_end_ratio": {
      "score": 0.7142857142857143,
      "detail": {
        "dead_end_ratio": 0.2857142857142857,
        "dead_end_count": 2,
        "total_rooms": 7,
        "dead_end_rooms": [
          "rect_42",
          "rect_84"
        ],
        "score": 0.7142857142857143
      }
    },
    "key_path_length": {
      "score": 0.8187307530779818,
      "detail": {
        "raw_length": 1,
        "diameter": 10,
        "normalized_length": 0.1,
        "score": 0.8187307530779818,
        "path": [
          "rect_16",
          "rect_38"
        ],
        "entrance": "rect_16",
        "exit": "rect_38"
      }
    },
    "loop_ratio": {
      "score": 0.8500293743050432,
      "detail": {
        "total_rooms": 89,
        "total_edges": 183,
        "connected_components": 1,
        "cyclomatic_number": 95,
        "loop_ratio": 1.0674157303370786,
        "sigmoid_loop_ratio": 0.8500293743050432,
        "algorithm": "Cyclomatic formula + Sigmoid normalization",
        "note": "Direct calculation using E - V + C formula, then sigmoid mapping to [0,1]",
        "score_breakdown": {
          "raw_loop_ratio": 1.0674157303370786,
          "sigmoid_loop_ratio": 0.8500293743050432,
          "final_score": 0.8500293743050432
        }
      }
    },
    "path_diversity": {
      "score": 0.4445455651467519,
      "detail": {
        "avg_path_diversity": 0.28306279600850703,
        "std_path_diversity": 0.21273178849377716,
        "max_path_diversity": 0.636746417468057,
        "min_path_diversity": 0.0,
        "total_pairs_analyzed": 60,
        "rounds_completed": 14,
        "detailed_analysis": {
          "round_0": {
            "pairs_analyzed": 5,
            "avg_diversity": 0.38242755085789937
          },
          "round_1": {
            "pairs_analyzed": 2,
            "avg_diversity": 0.3048575260231222
          },
          "round_2": {
            "pairs_analyzed": 3,
            "avg_diversity": 0.40145660001929345
          },
          "round_3": {
            "pairs_analyzed": 5,
            "avg_diversity": 0.2694889961606816
          },
          "round_4": {
            "pairs_analyzed": 6,
            "avg_diversity": 0.15359941188742
          },
          "round_5": {
            "pairs_analyzed": 4,
            "avg_diversity": 0.14304231903428374
          },
          "round_6": {
            "pairs_analyzed": 6,
            "avg_diversity": 0.34010683980989104
          },
          "round_7": {
            "pairs_analyzed": 5,
            "avg_diversity": 0.3072601106415541
          },
          "round_8": {
            "pairs_analyzed": 5,
            "avg_diversity": 0.13336976652793814
          },
          "round_9": {
            "pairs_analyzed": 4,
            "avg_diversity": 0.31191728010772957
          },
          "round_10": {
            "pairs_analyzed": 5,
            "avg_diversity": 0.24783345702409534
          },
          "round_11": {
            "pairs_analyzed": 4,
            "avg_diversity": 0.3691115362941796
          },
          "round_12": {
            "pairs_analyzed": 2,
            "avg_diversity": 0.3705331631245502
          },
          "round_13": {
            "pairs_analyzed": 4,
            "avg_diversity": 0.36704878104192895
          }
        },
        "adaptive_params": {
          "num_walks": 89,
          "max_walk_length": 12,
          "graph_diameter": 12,
          "avg_degree": 4.112359550561798,
          "total_nodes": 89,
          "total_edges": 183
        },
        "algorithm": "Adaptive_random_walk_sampling",
        "sampling_strategy": "Multi-round (14 rounds, 6 pairs/round)",
        "normalization": "Robust_with_predefined_bounds",
        "fusion_method": "Geometric_mean_of_normalized_metrics",
        "performance": {
          "time_taken": 0.09719300270080566,
          "timeout": false
        }
      }
    },
    "treasure_monster_distribution": {
      "score": 0.8333333333333333,
      "detail": {
        "cv_treasure": 0.4082482904638631,
        "uniformity_treasure": 0.8333333333333333,
        "score": 0.8333333333333333,
        "cv_monster": 0.0,
        "uniformity_monster": 0.0,
        "avg_t2m_dist": 0.0,
        "proximity_score": 0.0,
        "note": "Only treasure distribution evaluated (no monsters found)"
      }
    },
    "geometric_balance": {
      "score": 0.8839907930395562,
      "detail": {
        "symmetry_ratio": 0.0,
        "uniformity_area": 0.7814397221787035,
        "uniformity_spacing": 1.0,
        "score": 0.8839907930395562
      }
    }
  },
  "category_scores": {
    "structural": 0.6430309359514456,
    "gameplay": 0.8333333333333333,
    "aesthetic": 0.8839907930395562
  },
  "overall_score": 0.7867850207747783,
  "grade": "B",
  "details": {
    "accessibility": {
      "reachability_ratio": 1.0,
      "avg_path_length": 4.831460674157303,
      "path_variance": 6.90417876530741,
      "normalized": [
        1.0,
        0.5607763023493361,
        0.9429406713610958
      ],
      "score": 0.8086451888483647
    },
    "degree_variance": {
      "raw_variance": 4.775510204081633,
      "normalized_variance": 0.5306122448979592,
      "score": 0.34603183835322576,
      "degrees": [
        8,
        3,
        6,
        2,
        8,
        4,
        6
      ],
      "max_variance": 9.0,
      "room_count": 7,
      "mean_degree": 5.285714285714286
    },
    "door_distribution": {
      "cv": 0.41791669519123265,
      "avg_distance": 2.1365469334477685,
      "avg_entropy": 0.8606982013004464,
      "weights": [
        0.3333333333333333,
        0.3333333333333333,
        0.3333333333333333
      ],
      "normalized": [
        0.7910416524043837,
        0.14494018716562568,
        0.6208625133591024
      ],
      "score": 0.5189481176430373,
      "debug": {
        "count": 183
      }
    },
    "dead_end_ratio": {
      "dead_end_ratio": 0.2857142857142857,
      "dead_end_count": 2,
      "total_rooms": 7,
      "dead_end_rooms": [
        "rect_42",
        "rect_84"
      ],
      "score": 0.7142857142857143
    },
    "key_path_length": {
      "raw_length": 1,
      "diameter": 10,
      "normalized_length": 0.1,
      "score": 0.8187307530779818,
      "path": [
        "rect_16",
        "rect_38"
      ],
      "entrance": "rect_16",
      "exit": "rect_38"
    },
    "loop_ratio": {
      "total_rooms": 89,
      "total_edges": 183,
      "connected_components": 1,
      "cyclomatic_number": 95,
      "loop_ratio": 1.0674157303370786,
      "sigmoid_loop_ratio": 0.8500293743050432,