{
  "scores": {
    "accessibility": {
      "score": 0.760023821856477,
      "detail": {
        "reachability_ratio": 1.0,
        "avg_path_length": 3.72972972972973,
        "path_variance": 2.953981008035062,
        "normalized": [
          1.0,
          0.4671814671814672,
          0.9397146733054069
        ],
        "score": 0.760023821856477
      }
    },
    "degree_variance": {
      "score": 0.1353352832366127,
      "detail": {
        "raw_variance": 6.222222222222222,
        "normalized_variance": 1.0,
        "score": 0.1353352832366127,
        "degrees": [
          4,
          8,
          2
        ],
        "max_variance": 6.222222222222222,
        "room_count": 3,
        "mean_degree": 4.666666666666667
      }
    },
    "door_distribution": {
      "score": 0.5461986002536476,
      "detail": {
        "cv": 0.5061351988413499,
        "avg_distance": 2.2996179729017796,
        "avg_entropy": 0.8650707273987844,
        "weights": [
          0.3333333333333333,
          0.3333333333333333,
          0.3333333333333333
        ],
        "normalized": [
          0.746932400579325,
          0.2676467759634006,
          0.6240166242182174
        ],
        "score": 0.5461986002536476,
        "debug": {
          "count": 72
        }
      }
    },
    "dead_end_ratio": {
      "score": 0.6666666666666667,
      "detail": {
        "dead_end_ratio": 0.3333333333333333,
        "dead_end_count": 1,
        "total_rooms": 3,
        "dead_end_rooms": [
          "rect_17"
        ],
        "score": 0.6666666666666667
      }
    },
    "key_path_length": {
      "score": 0.751477293075286,
      "detail": {
        "raw_length": 1,
        "diameter": 7,
        "normalized_length": 0.14285714285714285,
        "score": 0.751477293075286,
        "path": [
          "rect_2",
          "rect_4"
        ],
        "entrance": "rect_2",
        "exit": "rect_4"
      }
    },
    "loop_ratio": {
      "score": 0.8243274289982622,
      "detail": {
        "total_rooms": 37,
        "total_edges": 72,
        "connected_components": 1,
        "cyclomatic_number": 36,
        "loop_ratio": 0.972972972972973,
        "sigmoid_loop_ratio": 0.8243274289982622,
        "algorithm": "Cyclomatic formula + Sigmoid normalization",
        "note": "Direct calculation using E - V + C formula, then sigmoid mapping to [0,1]",
        "score_breakdown": {
          "raw_loop_ratio": 0.972972972972973,
          "sigmoid_loop_ratio": 0.8243274289982622,
          "final_score": 0.8243274289982622
        }
      }
    },
    "path_diversity": {
      "score": 0.3877628802948682,
      "detail": {
        "avg_path_diversity": 0.2460198443248547,
        "std_path_diversity": 0.20316505507857582,
        "max_path_diversity": 0.6344595030286879,
        "min_path_diversity": 0.0,
        "total_pairs_analyzed": 43,
        "rounds_completed": 7,
        "detailed_analysis": {
          "round_0": {
            "pairs_analyzed": 5,
            "avg_diversity": 0.21689613601320853
          },
          "round_1": {
            "pairs_analyzed": 6,
            "avg_diversity": 0.19788474112393248
          },
          "round_2": {
            "pairs_analyzed": 6,
            "avg_diversity": 0.32606504045408413
          },
          "round_3": {
            "pairs_analyzed": 7,
            "avg_diversity": 0.2121081915954777
          },
          "round_4": {
            "pairs_analyzed": 7,
            "avg_diversity": 0.275165295900408
          },
          "round_5": {
            "pairs_analyzed": 5,
            "avg_diversity": 0.2263450148111375
          },
          "round_6": {
            "pairs_analyzed": 7,
            "avg_diversity": 0.2582906357011029
          }
        },
        "adaptive_params": {
          "num_walks": 37,
          "max_walk_length": 6,
          "graph_diameter": 6,
          "avg_degree": 3.891891891891892,
          "total_nodes": 37,
          "total_edges": 72
        },
        "algorithm": "Adaptive_random_walk_sampling",
        "sampling_strategy": "Multi-round (7 rounds, 8 pairs/round)",
        "normalization": "Robust_with_predefined_bounds",
        "fusion_method": "Geometric_mean_of_normalized_metrics",
        "performance": {
          "time_taken": 0.012711763381958008,
          "timeout": false
        }
      }
    },
    "treasure_monster_distribution": {
      "score": 0.0,
      "detail": {
        "reason": "No treasures found"
      }
    },
    "geometric_balance": {
      "score": 1.0,
      "detail": {
        "symmetry_ratio": 0.0,
        "uniformity_area": 1.0,
        "uniformity_spacing": 1.0,
        "score": 1.0
      }
    }
  },
  "category_scores": {
    "structural": 0.5816845677688315,
    "gameplay": 0.0,
    "aesthetic": 1.0
  },
  "overall_score": 0.5272281892562771,
  "grade": "C",
  "details": {
    "accessibility": {
      "reachability_ratio": 1.0,
      "avg_path_length": 3.72972972972973,
      "path_variance": 2.953981008035062,
      "normalized": [
        1.0,
        0.4671814671814672,
        0.9397146733054069
      ],
      "score": 0.760023821856477
    },
    "degree_variance": {
      "raw_variance": 6.222222222222222,
      "normalized_variance": 1.0,
      "score": 0.1353352832366127,
      "degrees": [
        4,
        8,
        2
      ],
      "max_variance": 6.222222222222222,
      "room_count": 3,
      "mean_degree": 4.666666666666667
    },
    "door_distribution": {
      "cv": 0.5061351988413499,
      "avg_distance": 2.2996179729017796,
      "avg_entropy": 0.8650707273987844,
      "weights": [
        0.3333333333333333,
        0.3333333333333333,
        0.3333333333333333
      ],
      "normalized": [
        0.746932400579325,
        0.2676467759634006,
        0.6240166242182174
      ],
      "score": 0.5461986002536476,
      "debug": {
        "count": 72
      }
    },
    "dead_end_ratio": {
      "dead_end_ratio": 0.3333333333333333,
      "dead_end_count": 1,
      "total_rooms": 3,
      "dead_end_rooms": [
        "rect_17"
      ],
      "score": 0.6666666666666667
    },
    "key_path_length": {
      "raw_length": 1,
      "diameter": 7,
      "normalized_length": 0.14285714285714285,
      "score": 0.751477293075286,
      "path": [
        "rect_2",
        "rect_4"
      ],
      "entrance": "rect_2",
      "exit": "rect_4"
    },
    "loop_ratio": {
      "total_rooms": 37,
      "total_edges": 72,
      "connected_components": 1,
      "cyclomatic_number": 36,
      "loop_ratio": 0.972972972972973,
      "sigmoid_loop_ratio": 0.8243274289982622,
      "algorithm": "Cyclomatic formula + Sigmoid normalization",
      "note": "Direct calculation using E - V + C formula, then sigmoid mapping to [0,1]",
      "score_breakdown": {
        "raw_loop_ratio": 0.972972972972973,
        "sigmoid_loop_ratio": 0.8243274289982622,
        "final_score": 0.8243274289982622
      }
    },
    "path_diversity": {
      "avg_path_diversity": 0.2460198443248547,
      "std_path_diversity": 0.20316505507857582,
      "max_path_diversity": 0.6344595030286879,
      "min_path_diversity": 0.0,
      "total_pairs_analyzed": 43,
      "rounds_completed": 7,
      "detailed_analysis": {
        "round_0": {
          "pairs_analyzed": 5,
          "avg_diversity": 0.21689613601320853
        },
        "round_1": {
          "pairs_analyzed": 6,
          "avg_diversity": 0.19788474112393248
        },
        "round_2": {
          "pairs_analyzed": 6,
          "avg_diversity": 0.32606504045408413
        },
        "round_3": {
          "pairs_analyzed": 7,
          "avg_diversity": 0.2121081915954777
        },
        "round_4": {
          "pairs_analyzed": 7,
          "avg_diversity": 0.275165295900408
        },
        "round_5": {
          "pairs_analyzed": 5,
          "avg_diversity": 0.2263450148111375
        },
        "round_6": {
          "pairs_analyzed": 7,