{
  "scores": {
    "accessibility": {
      "score": 0.7448773402981814,
      "detail": {
        "reachability_ratio": 1.0,
        "avg_path_length": 2.8135593220338984,
        "path_variance": 1.3720195346164896,
        "normalized": [
          1.0,
          0.43728813559322033,
          0.9451192186153404
        ],
        "score": 0.7448773402981814
      }
    },
    "degree_variance": {
      "score": 0.7524321560893033,
      "detail": {
        "raw_variance": 0.888888888888889,
        "normalized_variance": 0.14222222222222222,
        "score": 0.7524321560893033,
        "degrees": [
          6,
          6,
          4,
          4,
          4,
          4
        ],
        "max_variance": 6.25,
        "room_count": 6,
        "mean_degree": 4.666666666666667
      }
    },
    "door_distribution": {
      "score": 0.5033370353425382,
      "detail": {
        "cv": 0.5838742081211423,
        "avg_distance": 3.1551102084006173,
        "avg_entropy": 0.8350964649767552,
        "weights": [
          0.3333333333333333,
          0.3333333333333333,
          0.3333333333333333
        ],
        "normalized": [
          0.7080628959394288,
          0.19955344574525172,
          0.6023947643429343
        ],
        "score": 0.5033370353425382,
        "debug": {
          "count": 110
        }
      }
    },
    "dead_end_ratio": {
      "score": 0.8333333333333334,
      "detail": {
        "dead_end_ratio": 0.16666666666666666,
        "dead_end_count": 1,
        "total_rooms": 6,
        "dead_end_rooms": [
          "rect_25"
        ],
        "score": 0.8333333333333334
      }
    },
    "key_path_length": {
      "score": 0.7788007830714049,
      "detail": {
        "raw_length": 1,
        "diameter": 8,
        "normalized_length": 0.125,
        "score": 0.7788007830714049,
        "path": [
          "rect_23",
          "rect_24"
        ],
        "entrance": "rect_23",
        "exit": "rect_24"
      }
    },
    "loop_ratio": {
      "score": 0.796200093242511,
      "detail": {
        "total_rooms": 59,
        "total_edges": 110,
        "connected_components": 1,
        "cyclomatic_number": 52,
        "loop_ratio": 0.8813559322033898,
        "sigmoid_loop_ratio": 0.796200093242511,
        "algorithm": "Cyclomatic formula + Sigmoid normalization",
        "note": "Direct calculation using E - V + C formula, then sigmoid mapping to [0,1]",
        "score_breakdown": {
          "raw_loop_ratio": 0.8813559322033898,
          "sigmoid_loop_ratio": 0.796200093242511,
          "final_score": 0.796200093242511
        }
      }
    },
    "path_diversity": {
      "score": 0.38766224589681963,
      "detail": {
        "avg_path_diversity": 0.2638834089070476,
        "std_path_diversity": 0.2311362125892173,
        "max_path_diversity": 0.6807044320154997,
        "min_path_diversity": 0.0,
        "total_pairs_analyzed": 43,
        "rounds_completed": 7,
        "detailed_analysis": {
          "round_0": {
            "pairs_analyzed": 6,
            "avg_diversity": 0.29896773947954947
          },
          "round_1": {
            "pairs_analyzed": 6,
            "avg_diversity": 0.21999198155689428
          },
          "round_2": {
            "pairs_analyzed": 7,
            "avg_diversity": 0.2272266048907819
          },
          "round_3": {
            "pairs_analyzed": 7,
            "avg_diversity": 0.3993474080177154
          },
          "round_4": {
            "pairs_analyzed": 5,
            "avg_diversity": 0.27698441505995997
          },
          "round_5": {
            "pairs_analyzed": 5,
            "avg_diversity": 0.2231219798011963
          },
          "round_6": {
            "pairs_analyzed": 7,
            "avg_diversity": 0.19238259887416018
          }
        },
        "adaptive_params": {
          "num_walks": 59,
          "max_walk_length": 7,
          "graph_diameter": 7,
          "avg_degree": 3.7288135593220337,
          "total_nodes": 59,
          "total_edges": 110
        },
        "algorithm": "Adaptive_random_walk_sampling",
        "sampling_strategy": "Multi-round (7 rounds, 10 pairs/round)",
        "normalization": "Robust_with_predefined_bounds",
        "fusion_method": "Geometric_mean_of_normalized_metrics",
        "performance": {
          "time_taken": 0.025004863739013672,
          "timeout": false
        }
      }
    },
    "treasure_monster_distribution": {
      "score": 0.8,
      "detail": {
        "cv_treasure": 0.4472135954999579,
        "uniformity_treasure": 0.8,
        "score": 0.8,
        "cv_monster": 0.0,
        "uniformity_monster": 0.0,
        "avg_t2m_dist": 0.0,
        "proximity_score": 0.0,
        "note": "Only treasure distribution evaluated (no monsters found)"
      }
    },
    "geometric_balance": {
      "score": 0.9138457987793402,
      "detail": {
        "symmetry_ratio": 0.0,
        "uniformity_area": 0.8351141439466505,
        "uniformity_spacing": 1.0,
        "score": 0.9138457987793402
      }
    }
  },
  "category_scores": {
    "structural": 0.6852347124677275,
    "gameplay": 0.8,
    "aesthetic": 0.9138457987793402
  },
  "overall_score": 0.7996935037490226,
  "grade": "B",
  "details": {
    "accessibility": {
      "reachability_ratio": 1.0,
      "avg_path_length": 2.8135593220338984,
      "path_variance": 1.3720195346164896,
      "normalized": [
        1.0,
        0.43728813559322033,
        0.9451192186153404
      ],
      "score": 0.7448773402981814
    },
    "degree_variance": {
      "raw_variance": 0.888888888888889,
      "normalized_variance": 0.14222222222222222,
      "score": 0.7524321560893033,
      "degrees": [
        6,
        6,
        4,
        4,
        4,
        4
      ],
      "max_variance": 6.25,
      "room_count": 6,
      "mean_degree": 4.666666666666667
    },
    "door_distribution": {
      "cv": 0.5838742081211423,
      "avg_distance": 3.1551102084006173,
      "avg_entropy": 0.8350964649767552,
      "weights": [
        0.3333333333333333,
        0.3333333333333333,
        0.3333333333333333
      ],
      "normalized": [
        0.7080628959394288,
        0.19955344574525172,
        0.6023947643429343
      ],
      "score": 0.5033370353425382,
      "debug": {
        "count": 110
      }
    },
    "dead_end_ratio": {
      "dead_end_ratio": 0.16666666666666666,
      "dead_end_count": 1,
      "total_rooms": 6,
      "dead_end_rooms": [
        "rect_25"
      ],
      "score": 0.8333333333333334
    },
    "key_path_length": {
      "raw_length": 1,
      "diameter": 8,
      "normalized_length": 0.125,
      "score": 0.7788007830714049,
      "path": [
        "rect_23",
        "rect_24"
      ],
      "entrance": "rect_23",
      "exit": "rect_24"
    },
    "loop_ratio": {
      "total_rooms": 59,
      "total_edges": 110,
      "connected_components": 1,
      "cyclomatic_number": 52,
      "loop_ratio": 0.8813559322033898,
      "sigmoid_loop_ratio": 0.796200093242511,
      "algorithm": "Cyclomatic formula + Sigmoid normalization",
      "note": "Direct calculation using E - V + C formula, then sigmoid mapping to [0,1]",
      "score_breakdown": {
        "raw_loop_ratio": 0.8813559322033898,
        "sigmoid_loop_ratio": 0.796200093242511,
        "final_score": 0.796200093242511
      }
    },
    "path_diversity": {
      "avg_path_diversity": 0.2638834089070476,
      "std_path_diversity": 0.2311362125892173,
      "max_path_diversity": 0.6807044320154997,
      "min_path_diversity": 0.0,
      "total_pairs_analyzed": 43,
      "rounds_completed": 7,
      "detailed_analysis": {
        "round_0": {
          "pairs_analyzed": 6,
          "avg_diversity": 0.29896773947954947
        },
        "round_1": {
          "pairs_analyzed": 6,
          "avg_diversity": 0.21999198155689428
        },
        "round_2": {
          "pairs_analyzed": 7,
          "avg_diversity": 0.2272266048907819
        },