{
  "scores": {
    "accessibility": {
      "score": 0.7762935230698201,
      "detail": {
        "reachability_ratio": 1.0,
        "avg_path_length": 12.644295302013424,
        "path_variance": 33.39696410071618,
        "normalized": [
          1.0,
          0.49422818791946305,
          0.9465648574388541
        ],
        "score": 0.7762935230698201
      }
    },
    "degree_variance": {
      "score": 0.1353352832366127,
      "detail": {
        "raw_variance": 7.805555555555556,
        "normalized_variance": 1.0,
        "score": 0.1353352832366127,
        "degrees": [
          4,
          8,
          5,
          4,
          3,
          11
        ],
        "max_variance": 7.805555555555556,
        "room_count": 6,
        "mean_degree": 5.833333333333333
      }
    },
    "door_distribution": {
      "score": 0.525531634893858,
      "detail": {
        "cv": 0.391456736792759,
        "avg_distance": 2.0281430414509556,
        "avg_entropy": 0.8649530086929986,
        "weights": [
          0.3333333333333333,
          0.3333333333333333,
          0.3333333333333333
        ],
        "normalized": [
          0.8042716316036205,
          0.14839156495626474,
          0.6239317081216889
        ],
        "score": 0.525531634893858,
        "debug": {
          "count": 305
        }
      }
    },
    "dead_end_ratio": {
      "score": 0.5,
      "detail": {
        "dead_end_ratio": 0.5,
        "dead_end_count": 3,
        "total_rooms": 6,
        "dead_end_rooms": [
          "rect_143",
          "rect_142",
          "rect_71"
        ],
        "score": 0.5
      }
    },
    "key_path_length": {
      "score": 0.3554101662347746,
      "detail": {
        "raw_length": 15,
        "diameter": 29,
        "normalized_length": 0.5172413793103449,
        "score": 0.3554101662347746,
        "path": [
          "rect_25",
          "rect_16",
          "rect_14",
          "rect_12",
          "rect_10",
          "rect_8",
          "rect_6",
          "rect_5",
          "rect_7",
          "rect_9",
          "rect_11",
          "rect_13",
          "rect_15",
          "rect_18",
          "rect_22",
          "rect_98"
        ],
        "center_node": "rect_25",
        "periphery_node": "rect_98",
        "center_eccentricity": 15,
        "graph_radius": 15,
        "fallback_method": "center_path",
        "note": "Used center path fallback due to unidentifiable entrance/exit"
      }
    },
    "loop_ratio": {
      "score": 0.8464964807056171,
      "detail": {
        "total_rooms": 149,
        "total_edges": 305,
        "connected_components": 1,
        "cyclomatic_number": 157,
        "loop_ratio": 1.0536912751677852,
        "sigmoid_loop_ratio": 0.8464964807056171,
        "algorithm": "Cyclomatic formula + Sigmoid normalization",
        "note": "Direct calculation using E - V + C formula, then sigmoid mapping to [0,1]",
        "score_breakdown": {
          "raw_loop_ratio": 1.0536912751677852,
          "sigmoid_loop_ratio": 0.8464964807056171,
          "final_score": 0.8464964807056171
        }
      }
    },
    "path_diversity": {
      "score": 0.46467588533564735,
      "detail": {
        "avg_path_diversity": 0.37271531283180304,
        "std_path_diversity": 0.21664724740123512,
        "max_path_diversity": 0.8020973857134445,
        "min_path_diversity": 0.0,
        "total_pairs_analyzed": 102,
        "rounds_completed": 24,
        "detailed_analysis": {
          "round_0": {
            "pairs_analyzed": 4,
            "avg_diversity": 0.32420037431803106
          },
          "round_1": {
            "pairs_analyzed": 5,
            "avg_diversity": 0.37476192143334547
          },
          "round_2": {
            "pairs_analyzed": 5,
            "avg_diversity": 0.4273273316918472
          },
          "round_3": {
            "pairs_analyzed": 3,
            "avg_diversity": 0.24107824503364808
          },
          "round_4": {
            "pairs_analyzed": 6,
            "avg_diversity": 0.39491664431138
          },
          "round_5": {
            "pairs_analyzed": 4,
            "avg_diversity": 0.38652572056168355
          },
          "round_6": {
            "pairs_analyzed": 5,
            "avg_diversity": 0.3602871795087973
          },
          "round_7": {
            "pairs_analyzed": 3,
            "avg_diversity": 0.3767258544620152
          },
          "round_8": {
            "pairs_analyzed": 4,
            "avg_diversity": 0.35306132684864555
          },
          "round_9": {
            "pairs_analyzed": 6,
            "avg_diversity": 0.37092028833813523
          },
          "round_10": {
            "pairs_analyzed": 3,
            "avg_diversity": 0.37737029970742403
          },
          "round_11": {
            "pairs_analyzed": 5,
            "avg_diversity": 0.38225377564176094
          },
          "round_12": {
            "pairs_analyzed": 5,
            "avg_diversity": 0.33493402400416483
          },
          "round_13": {
            "pairs_analyzed": 6,
            "avg_diversity": 0.42524834275916673
          },
          "round_14": {
            "pairs_analyzed": 5,
            "avg_diversity": 0.500104126162227
          },
          "round_15": {
            "pairs_analyzed": 3,
            "avg_diversity": 0.36095871246589883
          },
          "round_16": {
            "pairs_analyzed": 2,
            "avg_diversity": 0.38633276096085967
          },
          "round_17": {
            "pairs_analyzed": 4,
            "avg_diversity": 0.5237240942157155
          },
          "round_18": {
            "pairs_analyzed": 3,
            "avg_diversity": 0.4105592719871267
          },
          "round_19": {
            "pairs_analyzed": 5,
            "avg_diversity": 0.4039538382495243
          },
          "round_20": {
            "pairs_analyzed": 3,
            "avg_diversity": 0.22996495364227662
          },
          "round_21": {
            "pairs_analyzed": 2,
            "avg_diversity": 0.07142857132552177
          },
          "round_22": {
            "pairs_analyzed": 5,
            "avg_diversity": 0.36451003376266916
          },
          "round_23": {
            "pairs_analyzed": 6,
            "avg_diversity": 0.312374727312651
          }
        },
        "adaptive_params": {
          "num_walks": 149,
          "max_walk_length": 25,
          "graph_diameter": 25,
          "avg_degree": 4.093959731543624,
          "total_nodes": 149,
          "total_edges": 305
        },
        "algorithm": "Adaptive_random_walk_sampling",
        "sampling_strategy": "Multi-round (24 rounds, 6 pairs/round)",
        "normalization": "Robust_with_predefined_bounds",
        "fusion_method": "Geometric_mean_of_normalized_metrics",
        "performance": {
          "time_taken": 0.5054841041564941,
          "timeout": false
        }
      }
    },
    "treasure_monster_distribution": {
      "score": 0.0,
      "detail": {
        "cv_treasure": 2.23606797749979,
        "uniformity_treasure": 0.0,
        "score": 0.0,
        "cv_monster": 0.0,
        "uniformity_monster": 0.0,
        "avg_t2m_dist": 0.0,
        "proximity_score": 0.0,
        "note": "Only treasure distribution evaluated (no monsters found)"
      }
    },
    "geometric_balance": {
      "score": 0.8615020833747815,
      "detail": {
        "symmetry_ratio": 0.0,
        "uniformity_area": 0.8374572729544838,
        "uniformity_spacing": 0.8862372608464135,
        "score": 0.8615020833747815
      }
    }
  },
  "category_scores": {
    "structural": 0.5148204247823329,
    "gameplay": 0.0,
    "aesthetic": 0.8615020833747815
  },
  "overall_score": 0.45877416938570476,
  "grade": "D",
  "details": {
    "accessibility": {
      "reachability_ratio": 1.0,
      "avg_path_length": 12.644295302013424,
      "path_variance": 33.39696410071618,