{
  "scores": {
    "accessibility": {
      "score": 0.7832788599433704,
      "detail": {
        "reachability_ratio": 1.0,
        "avg_path_length": 3.95,
        "path_variance": 3.2475,
        "normalized": [
          1.0,
          0.50625,
          0.9492578125
        ],
        "score": 0.7832788599433704
      }
    },
    "degree_variance": {
      "score": 0.723265002739486,
      "detail": {
        "raw_variance": 1.984375,
        "normalized_variance": 0.16198979591836735,
        "score": 0.723265002739486,
        "degrees": [
          4,
          3,
          6,
          4,
          6,
          4,
          6,
          2
        ],
        "max_variance": 12.25,
        "room_count": 8,
        "mean_degree": 4.375
      }
    },
    "door_distribution": {
      "score": 0.5140372955638484,
      "detail": {
        "cv": 0.5204948763824047,
        "avg_distance": 3.253113205009196,
        "avg_entropy": 0.7859150955320489,
        "weights": [
          0.3333333333333333,
          0.3333333333333333,
          0.3333333333333333
        ],
        "normalized": [
          0.7397525618087977,
          0.2354414194408161,
          0.5669179054419314
        ],
        "score": 0.5140372955638484,
        "debug": {
          "count": 106
        }
      }
    },
    "dead_end_ratio": {
      "score": 0.875,
      "detail": {
        "dead_end_ratio": 0.125,
        "dead_end_count": 1,
        "total_rooms": 8,
        "dead_end_rooms": [
          "rect_28"
        ],
        "score": 0.875
      }
    },
    "key_path_length": {
      "score": 0.7788007830714049,
      "detail": {
        "raw_length": 1,
        "diameter": 8,
        "normalized_length": 0.125,
        "score": 0.7788007830714049,
        "path": [
          "rect_4",
          "rect_8"
        ],
        "entrance": "rect_4",
        "exit": "rect_8"
      }
    },
    "loop_ratio": {
      "score": 0.7625419716560974,
      "detail": {
        "total_rooms": 60,
        "total_edges": 106,
        "connected_components": 1,
        "cyclomatic_number": 47,
        "loop_ratio": 0.7833333333333333,
        "sigmoid_loop_ratio": 0.7625419716560974,
        "algorithm": "Cyclomatic formula + Sigmoid normalization",
        "note": "Direct calculation using E - V + C formula, then sigmoid mapping to [0,1]",
        "score_breakdown": {
          "raw_loop_ratio": 0.7833333333333333,
          "sigmoid_loop_ratio": 0.7625419716560974,
          "final_score": 0.7625419716560974
        }
      }
    },
    "path_diversity": {
      "score": 0.47530407332143026,
      "detail": {
        "avg_path_diversity": 0.3625534872153632,
        "std_path_diversity": 0.21898837966012036,
        "max_path_diversity": 0.7627822010483422,
        "min_path_diversity": 0.0,
        "total_pairs_analyzed": 52,
        "rounds_completed": 10,
        "detailed_analysis": {
          "round_0": {
            "pairs_analyzed": 5,
            "avg_diversity": 0.2701965680980363
          },
          "round_1": {
            "pairs_analyzed": 5,
            "avg_diversity": 0.3979239452103191
          },
          "round_2": {
            "pairs_analyzed": 6,
            "avg_diversity": 0.4247337341172446
          },
          "round_3": {
            "pairs_analyzed": 5,
            "avg_diversity": 0.30422738200771365
          },
          "round_4": {
            "pairs_analyzed": 6,
            "avg_diversity": 0.37474807012183814
          },
          "round_5": {
            "pairs_analyzed": 4,
            "avg_diversity": 0.2767682690347842
          },
          "round_6": {
            "pairs_analyzed": 6,
            "avg_diversity": 0.1776220566193177
          },
          "round_7": {
            "pairs_analyzed": 5,
            "avg_diversity": 0.5191546588556
          },
          "round_8": {
            "pairs_analyzed": 6,
            "avg_diversity": 0.4100472383833884
          },
          "round_9": {
            "pairs_analyzed": 4,
            "avg_diversity": 0.4913222231876673
          }
        },
        "adaptive_params": {
          "num_walks": 60,
          "max_walk_length": 9,
          "graph_diameter": 9,
          "avg_degree": 3.533333333333333,
          "total_nodes": 60,
          "total_edges": 106
        },
        "algorithm": "Adaptive_random_walk_sampling",
        "sampling_strategy": "Multi-round (10 rounds, 7 pairs/round)",
        "normalization": "Robust_with_predefined_bounds",
        "fusion_method": "Geometric_mean_of_normalized_metrics",
        "performance": {
          "time_taken": 0.036273956298828125,
          "timeout": false
        }
      }
    },
    "treasure_monster_distribution": {
      "score": 0.5296669721701858,
      "detail": {
        "cv_treasure": 1.0,
        "uniformity_treasure": 0.6220355269907728,
        "score": 0.5296669721701858,
        "cv_monster": 1.7320508075688772,
        "uniformity_monster": 0.3453463292920229,
        "avg_t2m_dist": 10.247261941498577,
        "proximity_score": 0.6917332393129103
      }
    },
    "geometric_balance": {
      "score": 0.8407395741048163,
      "detail": {
        "symmetry_ratio": 0.0,
        "uniformity_area": 0.7446674612723367,
        "uniformity_spacing": 0.9492062809596082,
        "score": 0.8407395741048163
      }
    }
  },
  "category_scores": {
    "structural": 0.7017468551850912,
    "gameplay": 0.5296669721701858,
    "aesthetic": 0.8407395741048163
  },
  "overall_score": 0.6907178004866976,
  "grade": "B",
  "details": {
    "accessibility": {
      "reachability_ratio": 1.0,
      "avg_path_length": 3.95,
      "path_variance": 3.2475,
      "normalized": [
        1.0,
        0.50625,
        0.9492578125
      ],
      "score": 0.7832788599433704
    },
    "degree_variance": {
      "raw_variance": 1.984375,
      "normalized_variance": 0.16198979591836735,
      "score": 0.723265002739486,
      "degrees": [
        4,
        3,
        6,
        4,
        6,
        4,
        6,
        2
      ],
      "max_variance": 12.25,
      "room_count": 8,
      "mean_degree": 4.375
    },
    "door_distribution": {
      "cv": 0.5204948763824047,
      "avg_distance": 3.253113205009196,
      "avg_entropy": 0.7859150955320489,
      "weights": [
        0.3333333333333333,
        0.3333333333333333,
        0.3333333333333333
      ],
      "normalized": [
        0.7397525618087977,
        0.2354414194408161,
        0.5669179054419314
      ],
      "score": 0.5140372955638484,
      "debug": {
        "count": 106
      }
    },
    "dead_end_ratio": {
      "dead_end_ratio": 0.125,
      "dead_end_count": 1,
      "total_rooms": 8,
      "dead_end_rooms": [
        "rect_28"
      ],
      "score": 0.875
    },
    "key_path_length": {
      "raw_length": 1,
      "diameter": 8,
      "normalized_length": 0.125,
      "score": 0.7788007830714049,
      "path": [
        "rect_4",
        "rect_8"
      ],
      "entrance": "rect_4",
      "exit": "rect_8"
    },
    "loop_ratio": {
      "total_rooms": 60,
      "total_edges": 106,
      "connected_components": 1,
      "cyclomatic_number": 47,
      "loop_ratio": 0.7833333333333333,
      "sigmoid_loop_ratio": 0.7625419716560974,
      "algorithm": "Cyclomatic formula + Sigmoid normalization",
      "note": "Direct calculation using E - V + C formula, then sigmoid mapping to [0,1]",
      "score_breakdown": {
        "raw_loop_ratio": 0.7833333333333333,
        "sigmoid_loop_ratio": 0.7625419716560974,
        "final_score": 0.7625419716560974
      }
    },
    "path_diversity": {
      "avg_path_diversity": 0.3625534872153632,
      "std_path_diversity": 0.21898837966012036,
      "max_path_diversity": 0.7627822010483422,
      "min_path_diversity": 0.0,
      "total_pairs_analyzed": 52,
      "rounds_completed": 10,
      "detailed_analysis": {
        "round_0": {
          "pairs_analyzed": 5,