{
  "scores": {
    "accessibility": {
      "score": 0.7324576390735493,
      "detail": {
        "reachability_ratio": 1.0,
        "avg_path_length": 5.262295081967213,
        "path_variance": 4.357430798172534,
        "normalized": [
          1.0,
          0.4153005464480874,
          0.9462045580472527
        ],
        "score": 0.7324576390735493
      }
    },
    "degree_variance": {
      "score": 0.8007374029168081,
      "detail": {
        "raw_variance": 0.25,
        "normalized_variance": 0.1111111111111111,
        "score": 0.8007374029168081,
        "degrees": [
          4,
          4,
          3,
          3
        ],
        "max_variance": 2.25,
        "room_count": 4,
        "mean_degree": 3.5
      }
    },
    "door_distribution": {
      "score": 0.5316527004186469,
      "detail": {
        "cv": 0.4214722872133931,
        "avg_distance": 2.043027064440439,
        "avg_entropy": 0.8330693300493007,
        "weights": [
          0.3333333333333333,
          0.3333333333333333,
          0.3333333333333333
        ],
        "normalized": [
          0.7892638563933034,
          0.20476174927322852,
          0.6009324955894086
        ],
        "score": 0.5316527004186469,
        "debug": {
          "count": 120
        }
      }
    },
    "dead_end_ratio": {
      "score": 0.5,
      "detail": {
        "dead_end_ratio": 0.5,
        "dead_end_count": 2,
        "total_rooms": 4,
        "dead_end_rooms": [
          "rect_29",
          "rect_58"
        ],
        "score": 0.5
      }
    },
    "key_path_length": {
      "score": 0.22313016014842982,
      "detail": {
        "raw_length": 9,
        "diameter": 12,
        "normalized_length": 0.75,
        "score": 0.22313016014842982,
        "path": [
          "rect_18",
          "rect_11",
          "rect_6",
          "rect_0",
          "rect_1",
          "rect_3",
          "rect_7",
          "rect_12",
          "rect_19",
          "rect_59"
        ],
        "center_node": "rect_18",
        "periphery_node": "rect_59",
        "center_eccentricity": 9,
        "graph_radius": 9,
        "fallback_method": "center_path",
        "note": "Used center path fallback due to unidentifiable entrance/exit"
      }
    },
    "loop_ratio": {
      "score": 0.8273859527417007,
      "detail": {
        "total_rooms": 61,
        "total_edges": 120,
        "connected_components": 1,
        "cyclomatic_number": 60,
        "loop_ratio": 0.9836065573770492,
        "sigmoid_loop_ratio": 0.8273859527417007,
        "algorithm": "Cyclomatic formula + Sigmoid normalization",
        "note": "Direct calculation using E - V + C formula, then sigmoid mapping to [0,1]",
        "score_breakdown": {
          "raw_loop_ratio": 0.9836065573770492,
          "sigmoid_loop_ratio": 0.8273859527417007,
          "final_score": 0.8273859527417007
        }
      }
    },
    "path_diversity": {
      "score": 0.4781721385309838,
      "detail": {
        "avg_path_diversity": 0.36405499232767646,
        "std_path_diversity": 0.18495857215031597,
        "max_path_diversity": 0.7613471446623966,
        "min_path_diversity": 0.0,
        "total_pairs_analyzed": 65,
        "rounds_completed": 11,
        "detailed_analysis": {
          "round_0": {
            "pairs_analyzed": 6,
            "avg_diversity": 0.25779650711349084
          },
          "round_1": {
            "pairs_analyzed": 7,
            "avg_diversity": 0.3345667366370318
          },
          "round_2": {
            "pairs_analyzed": 6,
            "avg_diversity": 0.40718798537124196
          },
          "round_3": {
            "pairs_analyzed": 7,
            "avg_diversity": 0.35742116455207434
          },
          "round_4": {
            "pairs_analyzed": 5,
            "avg_diversity": 0.34434986482445784
          },
          "round_5": {
            "pairs_analyzed": 5,
            "avg_diversity": 0.35612133998085116
          },
          "round_6": {
            "pairs_analyzed": 6,
            "avg_diversity": 0.34090119923610374
          },
          "round_7": {
            "pairs_analyzed": 6,
            "avg_diversity": 0.4407922017476044
          },
          "round_8": {
            "pairs_analyzed": 5,
            "avg_diversity": 0.358437400587878
          },
          "round_9": {
            "pairs_analyzed": 5,
            "avg_diversity": 0.41442960978118853
          },
          "round_10": {
            "pairs_analyzed": 7,
            "avg_diversity": 0.39612867947038627
          }
        },
        "adaptive_params": {
          "num_walks": 61,
          "max_walk_length": 11,
          "graph_diameter": 11,
          "avg_degree": 3.9344262295081966,
          "total_nodes": 61,
          "total_edges": 120
        },
        "algorithm": "Adaptive_random_walk_sampling",
        "sampling_strategy": "Multi-round (11 rounds, 7 pairs/round)",
        "normalization": "Robust_with_predefined_bounds",
        "fusion_method": "Geometric_mean_of_normalized_metrics",
        "performance": {
          "time_taken": 0.04577374458312988,
          "timeout": false
        }
      }
    },
    "treasure_monster_distribution": {
      "score": 0.0,
      "detail": {
        "reason": "No treasures found"
      }
    },
    "geometric_balance": {
      "score": 0.7633466705520543,
      "detail": {
        "symmetry_ratio": 0.0,
        "uniformity_area": 0.6849456249164927,
        "uniformity_spacing": 0.8507217481883296,
        "score": 0.7633466705520543
      }
    }
  },
  "category_scores": {
    "structural": 0.5847908562614456,
    "gameplay": 0.0,
    "aesthetic": 0.7633466705520543
  },
  "overall_score": 0.4493791756044999,
  "grade": "D",
  "details": {
    "accessibility": {
      "reachability_ratio": 1.0,
      "avg_path_length": 5.262295081967213,
      "path_variance": 4.357430798172534,
      "normalized": [
        1.0,
        0.4153005464480874,
        0.9462045580472527
      ],
      "score": 0.7324576390735493
    },
    "degree_variance": {
      "raw_variance": 0.25,
      "normalized_variance": 0.1111111111111111,
      "score": 0.8007374029168081,
      "degrees": [
        4,
        4,
        3,
        3
      ],
      "max_variance": 2.25,
      "room_count": 4,
      "mean_degree": 3.5
    },
    "door_distribution": {
      "cv": 0.4214722872133931,
      "avg_distance": 2.043027064440439,
      "avg_entropy": 0.8330693300493007,
      "weights": [
        0.3333333333333333,
        0.3333333333333333,
        0.3333333333333333
      ],
      "normalized": [
        0.7892638563933034,
        0.20476174927322852,
        0.6009324955894086
      ],
      "score": 0.5316527004186469,
      "debug": {
        "count": 120
      }
    },
    "dead_end_ratio": {
      "dead_end_ratio": 0.5,
      "dead_end_count": 2,
      "total_rooms": 4,
      "dead_end_rooms": [
        "rect_29",
        "rect_58"
      ],
      "score": 0.5
    },
    "key_path_length": {
      "raw_length": 9,
      "diameter": 12,
      "normalized_length": 0.75,
      "score": 0.22313016014842982,
      "path": [
        "rect_18",
        "rect_11",
        "rect_6",
        "rect_0",
        "rect_1",
        "rect_3",
        "rect_7",
        "rect_12",
        "rect_19",
        "rect_59"
      ],
      "center_node": "rect_18",
      "periphery_node": "rect_59",
      "center_eccentricity": 9,
      "graph_radius": 9,
      "fallback_method": "center_path",
      "note": "Used center path fallback due to unidentifiable entrance/exit"
    },
    "loop_ratio": {
      "total_rooms": 61,
      "total_edges": 120,
      "connected_components": 1,
      "cyclomatic_number": 60,
      "loop_ratio": 0.9836065573770492,
      "sigmoid_loop_ratio": 0.8273859527417007,
      "algorithm": "Cyclomatic formula + Sigmoid normalization",
      "note": "Direct calculation using E - V + C formula, then sigmoid mapping to [0,1]",