{
  "scores": {
    "accessibility": {
      "score": 0.73622701654455,
      "detail": {
        "reachability_ratio": 1.0,
        "avg_path_length": 3.45,
        "path_variance": 2.1975000000000002,
        "normalized": [
          1.0,
          0.425,
          0.9389583333333333
        ],
        "score": 0.73622701654455
      }
    },
    "degree_variance": {
      "score": 0.7591846852720217,
      "detail": {
        "raw_variance": 1.6875,
        "normalized_variance": 0.1377551020408163,
        "score": 0.7591846852720217,
        "degrees": [
          5,
          4,
          4,
          6,
          2,
          3,
          4,
          2
        ],
        "max_variance": 12.25,
        "room_count": 8,
        "mean_degree": 3.75
      }
    },
    "door_distribution": {
      "score": 0.4944087308717754,
      "detail": {
        "cv": 0.5248766971932889,
        "avg_distance": 3.5766552058841286,
        "avg_entropy": 0.7626823776047778,
        "weights": [
          0.3333333333333333,
          0.3333333333333333,
          0.3333333333333333
        ],
        "normalized": [
          0.7375616514033556,
          0.19550549924006236,
          0.5501590419719083
        ],
        "score": 0.4944087308717754,
        "debug": {
          "count": 59
        }
      }
    },
    "dead_end_ratio": {
      "score": 0.75,
      "detail": {
        "dead_end_ratio": 0.25,
        "dead_end_count": 2,
        "total_rooms": 8,
        "dead_end_rooms": [
          "rect_38",
          "rect_19"
        ],
        "score": 0.75
      }
    },
    "key_path_length": {
      "score": 0.8007374029168081,
      "detail": {
        "raw_length": 1,
        "diameter": 9,
        "normalized_length": 0.1111111111111111,
        "score": 0.8007374029168081,
        "path": [
          "rect_7",
          "rect_11"
        ],
        "entrance": "rect_7",
        "exit": "rect_11"
      }
    },
    "loop_ratio": {
      "score": 0.6456563062257954,
      "detail": {
        "total_rooms": 40,
        "total_edges": 59,
        "connected_components": 1,
        "cyclomatic_number": 20,
        "loop_ratio": 0.5,
        "sigmoid_loop_ratio": 0.6456563062257954,
        "algorithm": "Cyclomatic formula + Sigmoid normalization",
        "note": "Direct calculation using E - V + C formula, then sigmoid mapping to [0,1]",
        "score_breakdown": {
          "raw_loop_ratio": 0.5,
          "sigmoid_loop_ratio": 0.6456563062257954,
          "final_score": 0.6456563062257954
        }
      }
    },
    "path_diversity": {
      "score": 0.4813169207393891,
      "detail": {
        "avg_path_diversity": 0.3446636353269611,
        "std_path_diversity": 0.1917899059516746,
        "max_path_diversity": 0.7160846013838366,
        "min_path_diversity": 0.0,
        "total_pairs_analyzed": 52,
        "rounds_completed": 10,
        "detailed_analysis": {
          "round_0": {
            "pairs_analyzed": 6,
            "avg_diversity": 0.27718093258071475
          },
          "round_1": {
            "pairs_analyzed": 5,
            "avg_diversity": 0.41916970115784613
          },
          "round_2": {
            "pairs_analyzed": 6,
            "avg_diversity": 0.2612508096477551
          },
          "round_3": {
            "pairs_analyzed": 5,
            "avg_diversity": 0.45131061297954844
          },
          "round_4": {
            "pairs_analyzed": 6,
            "avg_diversity": 0.39663434233320755
          },
          "round_5": {
            "pairs_analyzed": 5,
            "avg_diversity": 0.2890726024284972
          },
          "round_6": {
            "pairs_analyzed": 4,
            "avg_diversity": 0.32596774075796864
          },
          "round_7": {
            "pairs_analyzed": 4,
            "avg_diversity": 0.3707867543063647
          },
          "round_8": {
            "pairs_analyzed": 5,
            "avg_diversity": 0.38271821537996714
          },
          "round_9": {
            "pairs_analyzed": 6,
            "avg_diversity": 0.30228981494088086
          }
        },
        "adaptive_params": {
          "num_walks": 40,
          "max_walk_length": 11,
          "graph_diameter": 11,
          "avg_degree": 2.95,
          "total_nodes": 40,
          "total_edges": 59
        },
        "algorithm": "Adaptive_random_walk_sampling",
        "sampling_strategy": "Multi-round (10 rounds, 6 pairs/round)",
        "normalization": "Robust_with_predefined_bounds",
        "fusion_method": "Geometric_mean_of_normalized_metrics",
        "performance": {
          "time_taken": 0.019958972930908203,
          "timeout": false
        }
      }
    },
    "treasure_monster_distribution": {
      "score": 0.7072299781154401,
      "detail": {
        "cv_treasure": 0.7745966692414834,
        "uniformity_treasure": 0.7072299781154401,
        "score": 0.7072299781154401,
        "cv_monster": 0.0,
        "uniformity_monster": 0.0,
        "avg_t2m_dist": 0.0,
        "proximity_score": 0.0,
        "note": "Only treasure distribution evaluated (no monsters found)"
      }
    },
    "geometric_balance": {
      "score": 0.7060139068005973,
      "detail": {
        "symmetry_ratio": 0.5,
        "uniformity_area": 0.703833222719619,
        "uniformity_spacing": 1.0,
        "score": 0.7060139068005973
      }
    }
  },
  "category_scores": {
    "structural": 0.6667901517957628,
    "gameplay": 0.7072299781154401,
    "aesthetic": 0.7060139068005973
  },
  "overall_score": 0.6933446789039334,
  "grade": "B",
  "details": {
    "accessibility": {
      "reachability_ratio": 1.0,
      "avg_path_length": 3.45,
      "path_variance": 2.1975000000000002,
      "normalized": [
        1.0,
        0.425,
        0.9389583333333333
      ],
      "score": 0.73622701654455
    },
    "degree_variance": {
      "raw_variance": 1.6875,
      "normalized_variance": 0.1377551020408163,
      "score": 0.7591846852720217,
      "degrees": [
        5,
        4,
        4,
        6,
        2,
        3,
        4,
        2
      ],
      "max_variance": 12.25,
      "room_count": 8,
      "mean_degree": 3.75
    },
    "door_distribution": {
      "cv": 0.5248766971932889,
      "avg_distance": 3.5766552058841286,
      "avg_entropy": 0.7626823776047778,
      "weights": [
        0.3333333333333333,
        0.3333333333333333,
        0.3333333333333333
      ],
      "normalized": [
        0.7375616514033556,
        0.19550549924006236,
        0.5501590419719083
      ],
      "score": 0.4944087308717754,
      "debug": {
        "count": 59
      }
    },
    "dead_end_ratio": {
      "dead_end_ratio": 0.25,
      "dead_end_count": 2,
      "total_rooms": 8,
      "dead_end_rooms": [
        "rect_38",
        "rect_19"
      ],
      "score": 0.75
    },
    "key_path_length": {
      "raw_length": 1,
      "diameter": 9,
      "normalized_length": 0.1111111111111111,
      "score": 0.8007374029168081,
      "path": [
        "rect_7",
        "rect_11"
      ],
      "entrance": "rect_7",
      "exit": "rect_11"
    },
    "loop_ratio": {
      "total_rooms": 40,
      "total_edges": 59,
      "connected_components": 1,
      "cyclomatic_number": 20,
      "loop_ratio": 0.5,
      "sigmoid_loop_ratio": 0.6456563062257954,
      "algorithm": "Cyclomatic formula + Sigmoid normalization",
      "note": "Direct calculation using E - V + C formula, then sigmoid mapping to [0,1]",
      "score_breakdown": {
        "raw_loop_ratio": 0.5,
        "sigmoid_loop_ratio": 0.6456563062257954,
        "final_score": 0.6456563062257954
      }
    },
    "path_diversity": {
      "avg_path_diversity": 0.3446636353269611,
      "std_path_diversity": 0.1917899059516746,
      "max_path_diversity": 0.7160846013838366,
      "min_path_diversity": 0.0,
      "total_pairs_analyzed": 52,
      "rounds_completed": 10,
      "detailed_analysis": {
        "round_0": {
          "pairs_analyzed": 6,