{
  "scores": {
    "accessibility": {
      "score": 0.6086221958406373,
      "detail": {
        "reachability_ratio": 1.0,
        "avg_path_length": 1.5,
        "path_variance": 0.39285714285714285,
        "normalized": [
          1.0,
          0.25,
          0.9017857142857143
        ],
        "score": 0.6086221958406373
      }
    },
    "degree_variance": {
      "score": 0.1353352832366127,
      "detail": {
        "raw_variance": 2.888888888888889,
        "normalized_variance": 1.0,
        "score": 0.1353352832366127,
        "degrees": [
          5,
          6,
          2
        ],
        "max_variance": 2.888888888888889,
        "room_count": 3,
        "mean_degree": 4.333333333333333
      }
    },
    "door_distribution": {
      "score": 0.5471659504210612,
      "detail": {
        "cv": 0.5813347903782767,
        "avg_distance": 4.14964390804833,
        "avg_entropy": 0.7213412359123212,
        "weights": [
          0.3333333333333333,
          0.3333333333333333,
          0.3333333333333333
        ],
        "normalized": [
          0.7093326048108617,
          0.4118275345326111,
          0.5203377119197109
        ],
        "score": 0.5471659504210612,
        "debug": {
          "count": 19
        }
      }
    },
    "dead_end_ratio": {
      "score": 0.6666666666666667,
      "detail": {
        "dead_end_ratio": 0.3333333333333333,
        "dead_end_count": 1,
        "total_rooms": 3,
        "dead_end_rooms": [
          "rect_7"
        ],
        "score": 0.6666666666666667
      }
    },
    "key_path_length": {
      "score": 0.36787944117144233,
      "detail": {
        "raw_length": 1,
        "diameter": 2,
        "normalized_length": 0.5,
        "score": 0.36787944117144233,
        "path": [
          "rect_0",
          "rect_2"
        ],
        "entrance": "rect_0",
        "exit": "rect_2"
      }
    },
    "loop_ratio": {
      "score": 0.6123361639692014,
      "detail": {
        "total_rooms": 14,
        "total_edges": 19,
        "connected_components": 1,
        "cyclomatic_number": 6,
        "loop_ratio": 0.42857142857142855,
        "sigmoid_loop_ratio": 0.6123361639692014,
        "algorithm": "Cyclomatic formula + Sigmoid normalization",
        "note": "Direct calculation using E - V + C formula, then sigmoid mapping to [0,1]",
        "score_breakdown": {
          "raw_loop_ratio": 0.42857142857142855,
          "sigmoid_loop_ratio": 0.6123361639692014,
          "final_score": 0.6123361639692014
        }
      }
    },
    "path_diversity": {
      "score": 0.5003843997318174,
      "detail": {
        "avg_path_diversity": 0.28751886022626105,
        "std_path_diversity": 0.1934307173474548,
        "max_path_diversity": 0.5745959713779201,
        "min_path_diversity": 0.0,
        "total_pairs_analyzed": 43,
        "rounds_completed": 3,
        "detailed_analysis": {
          "round_0": {
            "pairs_analyzed": 14,
            "avg_diversity": 0.25013656485339514
          },
          "round_1": {
            "pairs_analyzed": 14,
            "avg_diversity": 0.3473676281776368
          },
          "round_2": {
            "pairs_analyzed": 15,
            "avg_diversity": 0.2665501524863185
          }
        },
        "adaptive_params": {
          "num_walks": 14,
          "max_walk_length": 4,
          "graph_diameter": 4,
          "avg_degree": 2.7142857142857144,
          "total_nodes": 14,
          "total_edges": 19
        },
        "algorithm": "Adaptive_random_walk_sampling",
        "sampling_strategy": "Multi-round (3 rounds, 16 pairs/round)",
        "normalization": "Robust_with_predefined_bounds",
        "fusion_method": "Geometric_mean_of_normalized_metrics",
        "performance": {
          "time_taken": 0.003427743911743164,
          "timeout": false
        }
      }
    },
    "treasure_monster_distribution": {
      "score": 0.4484986305595769,
      "detail": {
        "cv_treasure": 0.7071067811865476,
        "uniformity_treasure": 0.5,
        "score": 0.4484986305595769,
        "cv_monster": 1.4142135623730951,
        "uniformity_monster": 0.0,
        "avg_t2m_dist": 8.129571132170799,
        "proximity_score": 0.40230204322763174
      }
    },
    "geometric_balance": {
      "score": 0.776140539403046,
      "detail": {
        "symmetry_ratio": 0.0,
        "uniformity_area": 0.6023941369048511,
        "uniformity_spacing": 1.0,
        "score": 0.776140539403046
      }
    }
  },
  "category_scores": {
    "structural": 0.4911985858624914,
    "gameplay": 0.4484986305595769,
    "aesthetic": 0.776140539403046
  },
  "overall_score": 0.5719459186083714,
  "grade": "C",
  "details": {
    "accessibility": {
      "reachability_ratio": 1.0,
      "avg_path_length": 1.5,
      "path_variance": 0.39285714285714285,
      "normalized": [
        1.0,
        0.25,
        0.9017857142857143
      ],
      "score": 0.6086221958406373
    },
    "degree_variance": {
      "raw_variance": 2.888888888888889,
      "normalized_variance": 1.0,
      "score": 0.1353352832366127,
      "degrees": [
        5,
        6,
        2
      ],
      "max_variance": 2.888888888888889,
      "room_count": 3,
      "mean_degree": 4.333333333333333
    },
    "door_distribution": {
      "cv": 0.5813347903782767,
      "avg_distance": 4.14964390804833,
      "avg_entropy": 0.7213412359123212,
      "weights": [
        0.3333333333333333,
        0.3333333333333333,
        0.3333333333333333
      ],
      "normalized": [
        0.7093326048108617,
        0.4118275345326111,
        0.5203377119197109
      ],
      "score": 0.5471659504210612,
      "debug": {
        "count": 19
      }
    },
    "dead_end_ratio": {
      "dead_end_ratio": 0.3333333333333333,
      "dead_end_count": 1,
      "total_rooms": 3,
      "dead_end_rooms": [
        "rect_7"
      ],
      "score": 0.6666666666666667
    },
    "key_path_length": {
      "raw_length": 1,
      "diameter": 2,
      "normalized_length": 0.5,
      "score": 0.36787944117144233,
      "path": [
        "rect_0",
        "rect_2"
      ],
      "entrance": "rect_0",
      "exit": "rect_2"
    },
    "loop_ratio": {
      "total_rooms": 14,
      "total_edges": 19,
      "connected_components": 1,
      "cyclomatic_number": 6,
      "loop_ratio": 0.42857142857142855,
      "sigmoid_loop_ratio": 0.6123361639692014,
      "algorithm": "Cyclomatic formula + Sigmoid normalization",
      "note": "Direct calculation using E - V + C formula, then sigmoid mapping to [0,1]",
      "score_breakdown": {
        "raw_loop_ratio": 0.42857142857142855,
        "sigmoid_loop_ratio": 0.6123361639692014,
        "final_score": 0.6123361639692014
      }
    },
    "path_diversity": {
      "avg_path_diversity": 0.28751886022626105,
      "std_path_diversity": 0.1934307173474548,
      "max_path_diversity": 0.5745959713779201,
      "min_path_diversity": 0.0,
      "total_pairs_analyzed": 43,
      "rounds_completed": 3,
      "detailed_analysis": {
        "round_0": {
          "pairs_analyzed": 14,
          "avg_diversity": 0.25013656485339514
        },
        "round_1": {
          "pairs_analyzed": 14,
          "avg_diversity": 0.3473676281776368
        },
        "round_2": {
          "pairs_analyzed": 15,
          "avg_diversity": 0.2665501524863185
        }
      },
      "adaptive_params": {
        "num_walks": 14,
        "max_walk_length": 4,
        "graph_diameter": 4,
        "avg_degree": 2.7142857142857144,
        "total_nodes": 14,
        "total_edges": 19
      },
      "algorithm": "Adaptive_random_walk_sampling",
      "sampling_strategy": "Multi-round (3 rounds, 16 pairs/round)",
      "normalization": "Robust_with_predefined_bounds",
      "fusion_method": "Geometric_mean_of_normalized_metrics",
      "performance": {
        "time_taken": 0.003427743911743164,
        "timeout": false
      }
    },