{
  "scores": {
    "accessibility": {
      "score": 0.8090223928095804,
      "detail": {
        "reachability_ratio": 1.0,
        "avg_path_length": 4.25,
        "path_variance": 7.909722222222222,
        "normalized": [
          1.0,
          0.575,
          0.9209027777777777
        ],
        "score": 0.8090223928095804
      }
    },
    "degree_variance": {
      "score": 0.37707595413388073,
      "detail": {
        "raw_variance": 7.80246913580247,
        "normalized_variance": 0.4876543209876544,
        "score": 0.37707595413388073,
        "degrees": [
          10,
          9,
          2,
          3,
          3,
          4,
          4,
          3,
          2
        ],
        "max_variance": 16.0,
        "room_count": 9,
        "mean_degree": 4.444444444444445
      }
    },
    "door_distribution": {
      "score": 0.4989266381674696,
      "detail": {
        "cv": 0.5291502622129182,
        "avg_distance": 2.4440021114221704,
        "avg_entropy": 0.7910515962125626,
        "weights": [
          0.3333333333333333,
          0.3333333333333333,
          0.3333333333333333
        ],
        "normalized": [
          0.735424868893541,
          0.19073193813728648,
          0.5706231074715814
        ],
        "score": 0.4989266381674696,
        "debug": {
          "count": 135
        }
      }
    },
    "dead_end_ratio": {
      "score": 0.7777777777777778,
      "detail": {
        "dead_end_ratio": 0.2222222222222222,
        "dead_end_count": 2,
        "total_rooms": 9,
        "dead_end_rooms": [
          "rect_68",
          "rect_34"
        ],
        "score": 0.7777777777777778
      }
    },
    "key_path_length": {
      "score": 0.8187307530779818,
      "detail": {
        "raw_length": 1,
        "diameter": 10,
        "normalized_length": 0.1,
        "score": 0.8187307530779818,
        "path": [
          "rect_4",
          "rect_8"
        ],
        "entrance": "rect_4",
        "exit": "rect_8"
      }
    },
    "loop_ratio": {
      "score": 0.79863386448055,
      "detail": {
        "total_rooms": 72,
        "total_edges": 135,
        "connected_components": 1,
        "cyclomatic_number": 64,
        "loop_ratio": 0.8888888888888888,
        "sigmoid_loop_ratio": 0.79863386448055,
        "algorithm": "Cyclomatic formula + Sigmoid normalization",
        "note": "Direct calculation using E - V + C formula, then sigmoid mapping to [0,1]",
        "score_breakdown": {
          "raw_loop_ratio": 0.8888888888888888,
          "sigmoid_loop_ratio": 0.79863386448055,
          "final_score": 0.79863386448055
        }
      }
    },
    "path_diversity": {
      "score": 0.5065541237276392,
      "detail": {
        "avg_path_diversity": 0.35082335367483347,
        "std_path_diversity": 0.17016880962902423,
        "max_path_diversity": 0.6925683500376791,
        "min_path_diversity": 0.0,
        "total_pairs_analyzed": 66,
        "rounds_completed": 11,
        "detailed_analysis": {
          "round_0": {
            "pairs_analyzed": 4,
            "avg_diversity": 0.3081515037704806
          },
          "round_1": {
            "pairs_analyzed": 7,
            "avg_diversity": 0.3817024644076118
          },
          "round_2": {
            "pairs_analyzed": 5,
            "avg_diversity": 0.3367715900593038
          },
          "round_3": {
            "pairs_analyzed": 4,
            "avg_diversity": 0.31630018154710793
          },
          "round_4": {
            "pairs_analyzed": 7,
            "avg_diversity": 0.38551703916133545
          },
          "round_5": {
            "pairs_analyzed": 7,
            "avg_diversity": 0.35399412495263977
          },
          "round_6": {
            "pairs_analyzed": 6,
            "avg_diversity": 0.38667442259489837
          },
          "round_7": {
            "pairs_analyzed": 7,
            "avg_diversity": 0.3552264047066497
          },
          "round_8": {
            "pairs_analyzed": 7,
            "avg_diversity": 0.286113871770412
          },
          "round_9": {
            "pairs_analyzed": 6,
            "avg_diversity": 0.39470636303976314
          },
          "round_10": {
            "pairs_analyzed": 6,
            "avg_diversity": 0.32441910036227134
          }
        },
        "adaptive_params": {
          "num_walks": 72,
          "max_walk_length": 12,
          "graph_diameter": 12,
          "avg_degree": 3.75,
          "total_nodes": 72,
          "total_edges": 135
        },
        "algorithm": "Adaptive_random_walk_sampling",
        "sampling_strategy": "Multi-round (11 rounds, 7 pairs/round)",
        "normalization": "Robust_with_predefined_bounds",
        "fusion_method": "Geometric_mean_of_normalized_metrics",
        "performance": {
          "time_taken": 0.06005382537841797,
          "timeout": false
        }
      }
    },
    "treasure_monster_distribution": {
      "score": 0.5,
      "detail": {
        "cv_treasure": 1.4142135623730951,
        "uniformity_treasure": 0.5,
        "score": 0.5,
        "cv_monster": 0.0,
        "uniformity_monster": 0.0,
        "avg_t2m_dist": 0.0,
        "proximity_score": 0.0,
        "note": "Only treasure distribution evaluated (no monsters found)"
      }
    },
    "geometric_balance": {
      "score": 0.7997774619824535,
      "detail": {
        "symmetry_ratio": 0.0,
        "uniformity_area": 0.7385363702483486,
        "uniformity_spacing": 0.8660968023551783,
        "score": 0.7997774619824535
      }
    }
  },
  "category_scores": {
    "structural": 0.65524592916784,
    "gameplay": 0.5,
    "aesthetic": 0.7997774619824535
  },
  "overall_score": 0.6516744637167644,
  "grade": "B",
  "details": {
    "accessibility": {
      "reachability_ratio": 1.0,
      "avg_path_length": 4.25,
      "path_variance": 7.909722222222222,
      "normalized": [
        1.0,
        0.575,
        0.9209027777777777
      ],
      "score": 0.8090223928095804
    },
    "degree_variance": {
      "raw_variance": 7.80246913580247,
      "normalized_variance": 0.4876543209876544,
      "score": 0.37707595413388073,
      "degrees": [
        10,
        9,
        2,
        3,
        3,
        4,
        4,
        3,
        2
      ],
      "max_variance": 16.0,
      "room_count": 9,
      "mean_degree": 4.444444444444445
    },
    "door_distribution": {
      "cv": 0.5291502622129182,
      "avg_distance": 2.4440021114221704,
      "avg_entropy": 0.7910515962125626,
      "weights": [
        0.3333333333333333,
        0.3333333333333333,
        0.3333333333333333
      ],
      "normalized": [
        0.735424868893541,
        0.19073193813728648,
        0.5706231074715814
      ],
      "score": 0.4989266381674696,
      "debug": {
        "count": 135
      }
    },
    "dead_end_ratio": {
      "dead_end_ratio": 0.2222222222222222,
      "dead_end_count": 2,
      "total_rooms": 9,
      "dead_end_rooms": [
        "rect_68",
        "rect_34"
      ],
      "score": 0.7777777777777778
    },
    "key_path_length": {
      "raw_length": 1,
      "diameter": 10,
      "normalized_length": 0.1,
      "score": 0.8187307530779818,
      "path": [
        "rect_4",
        "rect_8"
      ],
      "entrance": "rect_4",
      "exit": "rect_8"
    },
    "loop_ratio": {
      "total_rooms": 72,
      "total_edges": 135,
      "connected_components": 1,
      "cyclomatic_number": 64,
      "loop_ratio": 0.8888888888888888,
      "sigmoid_loop_ratio": 0.79863386448055,
      "algorithm": "Cyclomatic formula + Sigmoid normalization",
      "note": "Direct calculation using E - V + C formula, then sigmoid mapping to [0,1]",
      "score_breakdown": {
        "raw_loop_ratio": 0.8888888888888888,
        "sigmoid_loop_ratio": 0.79863386448055,
        "final_score": 0.79863386448055
      }
    },
    "path_diversity": {
      "avg_path_diversity": 0.35082335367483347,