{
  "scores": {
    "accessibility": {
      "score": 0.8098097369584601,
      "detail": {
        "reachability_ratio": 1.0,
        "avg_path_length": 4.785714285714286,
        "path_variance": 7.254081632653061,
        "normalized": [
          1.0,
          0.564935064935065,
          0.9400489121268342
        ],
        "score": 0.8098097369584601
      }
    },
    "degree_variance": {
      "score": 0.607880004339628,
      "detail": {
        "raw_variance": 1.5555555555555556,
        "normalized_variance": 0.24888888888888888,
        "score": 0.607880004339628,
        "degrees": [
          5,
          2,
          4,
          5,
          2,
          4
        ],
        "max_variance": 6.25,
        "room_count": 6,
        "mean_degree": 3.6666666666666665
      }
    },
    "door_distribution": {
      "score": 0.5120612778226222,
      "detail": {
        "cv": 0.4741017374566751,
        "avg_distance": 2.3782639962108543,
        "avg_entropy": 0.8198994367697291,
        "weights": [
          0.3333333333333333,
          0.3333333333333333,
          0.3333333333333333
        ],
        "normalized": [
          0.7629491312716624,
          0.1818022764685334,
          0.5914324257276712
        ],
        "score": 0.5120612778226222,
        "debug": {
          "count": 133
        }
      }
    },
    "dead_end_ratio": {
      "score": 0.8333333333333334,
      "detail": {
        "dead_end_ratio": 0.16666666666666666,
        "dead_end_count": 1,
        "total_rooms": 6,
        "dead_end_rooms": [
          "rect_33"
        ],
        "score": 0.8333333333333334
      }
    },
    "key_path_length": {
      "score": 0.6951439283988787,
      "detail": {
        "raw_length": 2,
        "diameter": 11,
        "normalized_length": 0.18181818181818182,
        "score": 0.6951439283988787,
        "path": [
          "rect_15",
          "rect_22",
          "rect_25"
        ],
        "entrance": "rect_15",
        "exit": "rect_25"
      }
    },
    "loop_ratio": {
      "score": 0.8066786301976913,
      "detail": {
        "total_rooms": 70,
        "total_edges": 133,
        "connected_components": 1,
        "cyclomatic_number": 64,
        "loop_ratio": 0.9142857142857143,
        "sigmoid_loop_ratio": 0.8066786301976913,
        "algorithm": "Cyclomatic formula + Sigmoid normalization",
        "note": "Direct calculation using E - V + C formula, then sigmoid mapping to [0,1]",
        "score_breakdown": {
          "raw_loop_ratio": 0.9142857142857143,
          "sigmoid_loop_ratio": 0.8066786301976913,
          "final_score": 0.8066786301976913
        }
      }
    },
    "path_diversity": {
      "score": 0.4898554956884291,
      "detail": {
        "avg_path_diversity": 0.34477958421841026,
        "std_path_diversity": 0.2228827943581968,
        "max_path_diversity": 0.7038393715147908,
        "min_path_diversity": 0.0,
        "total_pairs_analyzed": 59,
        "rounds_completed": 12,
        "detailed_analysis": {
          "round_0": {
            "pairs_analyzed": 5,
            "avg_diversity": 0.29745149902648615
          },
          "round_1": {
            "pairs_analyzed": 6,
            "avg_diversity": 0.3768555033401337
          },
          "round_2": {
            "pairs_analyzed": 6,
            "avg_diversity": 0.3530092283650019
          },
          "round_3": {
            "pairs_analyzed": 6,
            "avg_diversity": 0.3521218767042218
          },
          "round_4": {
            "pairs_analyzed": 5,
            "avg_diversity": 0.47943476311485983
          },
          "round_5": {
            "pairs_analyzed": 6,
            "avg_diversity": 0.4210509338257829
          },
          "round_6": {
            "pairs_analyzed": 3,
            "avg_diversity": 0.126620442635874
          },
          "round_7": {
            "pairs_analyzed": 4,
            "avg_diversity": 0.27742414236085744
          },
          "round_8": {
            "pairs_analyzed": 5,
            "avg_diversity": 0.30981810926700987
          },
          "round_9": {
            "pairs_analyzed": 5,
            "avg_diversity": 0.3945004897863318
          },
          "round_10": {
            "pairs_analyzed": 4,
            "avg_diversity": 0.228031937292013
          },
          "round_11": {
            "pairs_analyzed": 4,
            "avg_diversity": 0.37901506574570626
          }
        },
        "adaptive_params": {
          "num_walks": 70,
          "max_walk_length": 13,
          "graph_diameter": 13,
          "avg_degree": 3.8,
          "total_nodes": 70,
          "total_edges": 133
        },
        "algorithm": "Adaptive_random_walk_sampling",
        "sampling_strategy": "Multi-round (12 rounds, 6 pairs/round)",
        "normalization": "Robust_with_predefined_bounds",
        "fusion_method": "Geometric_mean_of_normalized_metrics",
        "performance": {
          "time_taken": 0.062348127365112305,
          "timeout": false
        }
      }
    },
    "treasure_monster_distribution": {
      "score": 0.36754446796632406,
      "detail": {
        "cv_treasure": 1.4142135623730951,
        "uniformity_treasure": 0.3675444679663241,
        "score": 0.36754446796632406,
        "cv_monster": 0.0,
        "uniformity_monster": 0.0,
        "avg_t2m_dist": 0.0,
        "proximity_score": 0.0,
        "note": "Only treasure distribution evaluated (no monsters found)"
      }
    },
    "geometric_balance": {
      "score": 0.8843076640846993,
      "detail": {
        "symmetry_ratio": 0.0,
        "uniformity_area": 0.8148041019321512,
        "uniformity_spacing": 0.9597399459631766,
        "score": 0.8843076640846993
      }
    }
  },
  "category_scores": {
    "structural": 0.679251772391292,
    "gameplay": 0.36754446796632406,
    "aesthetic": 0.8843076640846993
  },
  "overall_score": 0.6437013014807718,
  "grade": "C",
  "details": {
    "accessibility": {
      "reachability_ratio": 1.0,
      "avg_path_length": 4.785714285714286,
      "path_variance": 7.254081632653061,
      "normalized": [
        1.0,
        0.564935064935065,
        0.9400489121268342
      ],
      "score": 0.8098097369584601
    },
    "degree_variance": {
      "raw_variance": 1.5555555555555556,
      "normalized_variance": 0.24888888888888888,
      "score": 0.607880004339628,
      "degrees": [
        5,
        2,
        4,
        5,
        2,
        4
      ],
      "max_variance": 6.25,
      "room_count": 6,
      "mean_degree": 3.6666666666666665
    },
    "door_distribution": {
      "cv": 0.4741017374566751,
      "avg_distance": 2.3782639962108543,
      "avg_entropy": 0.8198994367697291,
      "weights": [
        0.3333333333333333,
        0.3333333333333333,
        0.3333333333333333
      ],
      "normalized": [
        0.7629491312716624,
        0.1818022764685334,
        0.5914324257276712
      ],
      "score": 0.5120612778226222,
      "debug": {
        "count": 133
      }
    },
    "dead_end_ratio": {
      "dead_end_ratio": 0.16666666666666666,
      "dead_end_count": 1,
      "total_rooms": 6,
      "dead_end_rooms": [
        "rect_33"
      ],
      "score": 0.8333333333333334
    },
    "key_path_length": {
      "raw_length": 2,
      "diameter": 11,
      "normalized_length": 0.18181818181818182,
      "score": 0.6951439283988787,
      "path": [
        "rect_15",
        "rect_22",
        "rect_25"
      ],
      "entrance": "rect_15",
      "exit": "rect_25"
    },
    "loop_ratio": {
      "total_rooms": 70,
      "total_edges": 133,
      "connected_components": 1,
      "cyclomatic_number": 64,
      "loop_ratio": 0.9142857142857143,
      "sigmoid_loop_ratio": 0.8066786301976913,
      "algorithm": "Cyclomatic formula + Sigmoid normalization",
      "note": "Direct calculation using E - V + C formula, then sigmoid mapping to [0,1]",
      "score_breakdown": {
        "raw_loop_ratio": 0.9142857142857143,