{
  "scores": {
    "accessibility": {
      "score": 0.746327735656917,
      "detail": {
        "reachability_ratio": 1.0,
        "avg_path_length": 2.1904761904761907,
        "path_variance": 1.2970521541950113,
        "normalized": [
          1.0,
          0.45238095238095233,
          0.9189342403628118
        ],
        "score": 0.746327735656917
      }
    },
    "degree_variance": {
      "score": 0.1430666827544082,
      "detail": {
        "raw_variance": 2.1875,
        "normalized_variance": 0.9722222222222222,
        "score": 0.1430666827544082,
        "degrees": [
          6,
          2,
          4,
          3
        ],
        "max_variance": 2.25,
        "room_count": 4,
        "mean_degree": 3.75
      }
    },
    "door_distribution": {
      "score": 0.5469027642080999,
      "detail": {
        "cv": 0.4518446891162294,
        "avg_distance": 2.2534975512668227,
        "avg_entropy": 0.7547493677780382,
        "weights": [
          0.3333333333333333,
          0.3333333333333333,
          0.3333333333333333
        ],
        "normalized": [
          0.7740776554418853,
          0.32219405217868624,
          0.5444365850037282
        ],
        "score": 0.5469027642080999,
        "debug": {
          "count": 37
        }
      }
    },
    "dead_end_ratio": {
      "score": 0.75,
      "detail": {
        "dead_end_ratio": 0.25,
        "dead_end_count": 1,
        "total_rooms": 4,
        "dead_end_rooms": [
          "rect_10"
        ],
        "score": 0.75
      }
    },
    "key_path_length": {
      "score": 0.6065306597126334,
      "detail": {
        "raw_length": 1,
        "diameter": 4,
        "normalized_length": 0.25,
        "score": 0.6065306597126334,
        "path": [
          "rect_1",
          "rect_2"
        ],
        "entrance": "rect_1",
        "exit": "rect_2"
      }
    },
    "loop_ratio": {
      "score": 0.7718959046441145,
      "detail": {
        "total_rooms": 21,
        "total_edges": 37,
        "connected_components": 1,
        "cyclomatic_number": 17,
        "loop_ratio": 0.8095238095238095,
        "sigmoid_loop_ratio": 0.7718959046441145,
        "algorithm": "Cyclomatic formula + Sigmoid normalization",
        "note": "Direct calculation using E - V + C formula, then sigmoid mapping to [0,1]",
        "score_breakdown": {
          "raw_loop_ratio": 0.8095238095238095,
          "sigmoid_loop_ratio": 0.7718959046441145,
          "final_score": 0.7718959046441145
        }
      }
    },
    "path_diversity": {
      "score": 0.5595333285828248,
      "detail": {
        "avg_path_diversity": 0.35143020858645097,
        "std_path_diversity": 0.20574887437896144,
        "max_path_diversity": 0.6280773470215735,
        "min_path_diversity": 0.0,
        "total_pairs_analyzed": 37,
        "rounds_completed": 4,
        "detailed_analysis": {
          "round_0": {
            "pairs_analyzed": 8,
            "avg_diversity": 0.46540881322464844
          },
          "round_1": {
            "pairs_analyzed": 9,
            "avg_diversity": 0.3940311070650153
          },
          "round_2": {
            "pairs_analyzed": 10,
            "avg_diversity": 0.2566970391172939
          },
          "round_3": {
            "pairs_analyzed": 10,
            "avg_diversity": 0.316639685714342
          }
        },
        "adaptive_params": {
          "num_walks": 21,
          "max_walk_length": 5,
          "graph_diameter": 5,
          "avg_degree": 3.5238095238095237,
          "total_nodes": 21,
          "total_edges": 37
        },
        "algorithm": "Adaptive_random_walk_sampling",
        "sampling_strategy": "Multi-round (4 rounds, 12 pairs/round)",
        "normalization": "Robust_with_predefined_bounds",
        "fusion_method": "Geometric_mean_of_normalized_metrics",
        "performance": {
          "time_taken": 0.005312919616699219,
          "timeout": false
        }
      }
    },
    "treasure_monster_distribution": {
      "score": 0.0,
      "detail": {
        "reason": "No treasures found"
      }
    },
    "geometric_balance": {
      "score": 0.9578733685178682,
      "detail": {
        "symmetry_ratio": 0.0,
        "uniformity_area": 0.9175213901157677,
        "uniformity_spacing": 1.0,
        "score": 0.9578733685178682
      }
    }
  },
  "category_scores": {
    "structural": 0.589179582222714,
    "gameplay": 0.0,
    "aesthetic": 0.9578733685178682
  },
  "overall_score": 0.5156843169135275,
  "grade": "C",
  "details": {
    "accessibility": {
      "reachability_ratio": 1.0,
      "avg_path_length": 2.1904761904761907,
      "path_variance": 1.2970521541950113,
      "normalized": [
        1.0,
        0.45238095238095233,
        0.9189342403628118
      ],
      "score": 0.746327735656917
    },
    "degree_variance": {
      "raw_variance": 2.1875,
      "normalized_variance": 0.9722222222222222,
      "score": 0.1430666827544082,
      "degrees": [
        6,
        2,
        4,
        3
      ],
      "max_variance": 2.25,
      "room_count": 4,
      "mean_degree": 3.75
    },
    "door_distribution": {
      "cv": 0.4518446891162294,
      "avg_distance": 2.2534975512668227,
      "avg_entropy": 0.7547493677780382,
      "weights": [
        0.3333333333333333,
        0.3333333333333333,
        0.3333333333333333
      ],
      "normalized": [
        0.7740776554418853,
        0.32219405217868624,
        0.5444365850037282
      ],
      "score": 0.5469027642080999,
      "debug": {
        "count": 37
      }
    },
    "dead_end_ratio": {
      "dead_end_ratio": 0.25,
      "dead_end_count": 1,
      "total_rooms": 4,
      "dead_end_rooms": [
        "rect_10"
      ],
      "score": 0.75
    },
    "key_path_length": {
      "raw_length": 1,
      "diameter": 4,
      "normalized_length": 0.25,
      "score": 0.6065306597126334,
      "path": [
        "rect_1",
        "rect_2"
      ],
      "entrance": "rect_1",
      "exit": "rect_2"
    },
    "loop_ratio": {
      "total_rooms": 21,
      "total_edges": 37,
      "connected_components": 1,
      "cyclomatic_number": 17,
      "loop_ratio": 0.8095238095238095,
      "sigmoid_loop_ratio": 0.7718959046441145,
      "algorithm": "Cyclomatic formula + Sigmoid normalization",
      "note": "Direct calculation using E - V + C formula, then sigmoid mapping to [0,1]",
      "score_breakdown": {
        "raw_loop_ratio": 0.8095238095238095,
        "sigmoid_loop_ratio": 0.7718959046441145,
        "final_score": 0.7718959046441145
      }
    },
    "path_diversity": {
      "avg_path_diversity": 0.35143020858645097,
      "std_path_diversity": 0.20574887437896144,
      "max_path_diversity": 0.6280773470215735,
      "min_path_diversity": 0.0,
      "total_pairs_analyzed": 37,
      "rounds_completed": 4,
      "detailed_analysis": {
        "round_0": {
          "pairs_analyzed": 8,
          "avg_diversity": 0.46540881322464844
        },
        "round_1": {
          "pairs_analyzed": 9,
          "avg_diversity": 0.3940311070650153
        },
        "round_2": {
          "pairs_analyzed": 10,
          "avg_diversity": 0.2566970391172939
        },
        "round_3": {
          "pairs_analyzed": 10,
          "avg_diversity": 0.316639685714342
        }
      },
      "adaptive_params": {
        "num_walks": 21,
        "max_walk_length": 5,
        "graph_diameter": 5,
        "avg_degree": 3.5238095238095237,
        "total_nodes": 21,
        "total_edges": 37
      },
      "algorithm": "Adaptive_random_walk_sampling",
      "sampling_strategy": "Multi-round (4 rounds, 12 pairs/round)",
      "normalization": "Robust_with_predefined_bounds",
      "fusion_method": "Geometric_mean_of_normalized_metrics",
      "performance": {
        "time_taken": 0.005312919616699219,
        "timeout": false
      }
    },
    "treasure_monster_distribution": {
      "reason": "No treasures found"
    },