{
  "scores": {
    "accessibility": {
      "score": 0.7536603432792334,
      "detail": {
        "reachability_ratio": 1.0,
        "avg_path_length": 7.633333333333334,
        "path_variance": 11.498888888888889,
        "normalized": [
          1.0,
          0.45476190476190476,
          0.9413321995464853
        ],
        "score": 0.7536603432792334
      }
    },
    "degree_variance": {
      "score": 0.48145340552018073,
      "detail": {
        "raw_variance": 11.055555555555555,
        "normalized_variance": 0.3654729109274564,
        "score": 0.48145340552018073,
        "degrees": [
          5,
          12,
          8,
          11,
          4,
          2,
          2,
          2,
          7,
          3,
          5,
          3
        ],
        "max_variance": 30.25,
        "room_count": 12,
        "mean_degree": 5.333333333333333
      }
    },
    "door_distribution": {
      "score": 0.5086750924957777,
      "detail": {
        "cv": 0.4900876122178719,
        "avg_distance": 2.292402393423861,
        "avg_entropy": 0.8147777249043113,
        "weights": [
          0.3333333333333333,
          0.3333333333333333,
          0.3333333333333333
        ],
        "normalized": [
          0.754956193891064,
          0.183331192023148,
          0.5877378915731211
        ],
        "score": 0.5086750924957777,
        "debug": {
          "count": 237
        }
      }
    },
    "dead_end_ratio": {
      "score": 0.8333333333333334,
      "detail": {
        "dead_end_ratio": 0.16666666666666666,
        "dead_end_count": 2,
        "total_rooms": 12,
        "dead_end_rooms": [
          "rect_114",
          "rect_57"
        ],
        "score": 0.8333333333333334
      }
    },
    "key_path_length": {
      "score": 0.8464817248906141,
      "detail": {
        "raw_length": 1,
        "diameter": 12,
        "normalized_length": 0.08333333333333333,
        "score": 0.8464817248906141,
        "path": [
          "rect_3",
          "rect_6"
        ],
        "entrance": "rect_3",
        "exit": "rect_6"
      }
    },
    "loop_ratio": {
      "score": 0.8273078959170554,
      "detail": {
        "total_rooms": 120,
        "total_edges": 237,
        "connected_components": 1,
        "cyclomatic_number": 118,
        "loop_ratio": 0.9833333333333333,
        "sigmoid_loop_ratio": 0.8273078959170554,
        "algorithm": "Cyclomatic formula + Sigmoid normalization",
        "note": "Direct calculation using E - V + C formula, then sigmoid mapping to [0,1]",
        "score_breakdown": {
          "raw_loop_ratio": 0.9833333333333333,
          "sigmoid_loop_ratio": 0.8273078959170554,
          "final_score": 0.8273078959170554
        }
      }
    },
    "path_diversity": {
      "score": 0.43025112736505805,
      "detail": {
        "avg_path_diversity": 0.30091674150988934,
        "std_path_diversity": 0.23711619355342126,
        "max_path_diversity": 0.6993979152425753,
        "min_path_diversity": 0.0,
        "total_pairs_analyzed": 66,
        "rounds_completed": 12,
        "detailed_analysis": {
          "round_0": {
            "pairs_analyzed": 5,
            "avg_diversity": 0.5023722446156547
          },
          "round_1": {
            "pairs_analyzed": 5,
            "avg_diversity": 0.34733420976370966
          },
          "round_2": {
            "pairs_analyzed": 4,
            "avg_diversity": 0.2095892629626442
          },
          "round_3": {
            "pairs_analyzed": 6,
            "avg_diversity": 0.45325894715264026
          },
          "round_4": {
            "pairs_analyzed": 5,
            "avg_diversity": 0.24175668290407307
          },
          "round_5": {
            "pairs_analyzed": 6,
            "avg_diversity": 0.3633854567986235
          },
          "round_6": {
            "pairs_analyzed": 6,
            "avg_diversity": 0.321347769543828
          },
          "round_7": {
            "pairs_analyzed": 7,
            "avg_diversity": 0.27176304426711834
          },
          "round_8": {
            "pairs_analyzed": 6,
            "avg_diversity": 0.2030431683976319
          },
          "round_9": {
            "pairs_analyzed": 6,
            "avg_diversity": 0.17666216722285785
          },
          "round_10": {
            "pairs_analyzed": 5,
            "avg_diversity": 0.2901201234096108
          },
          "round_11": {
            "pairs_analyzed": 5,
            "avg_diversity": 0.22114104395471257
          }
        },
        "adaptive_params": {
          "num_walks": 120,
          "max_walk_length": 12,
          "graph_diameter": 12,
          "avg_degree": 3.95,
          "total_nodes": 120,
          "total_edges": 237
        },
        "algorithm": "Adaptive_random_walk_sampling",
        "sampling_strategy": "Multi-round (12 rounds, 9 pairs/round)",
        "normalization": "Robust_with_predefined_bounds",
        "fusion_method": "Geometric_mean_of_normalized_metrics",
        "performance": {
          "time_taken": 0.1603691577911377,
          "timeout": false
        }
      }
    },
    "treasure_monster_distribution": {
      "score": 0.5735985672887791,
      "detail": {
        "cv_treasure": 1.4142135623730951,
        "uniformity_treasure": 0.5735985672887791,
        "score": 0.5735985672887791,
        "cv_monster": 0.0,
        "uniformity_monster": 0.0,
        "avg_t2m_dist": 0.0,
        "proximity_score": 0.0,
        "note": "Only treasure distribution evaluated (no monsters found)"
      }
    },
    "geometric_balance": {
      "score": 0.9095736334456002,
      "detail": {
        "symmetry_ratio": 0.0,
        "uniformity_area": 0.8779040898225006,
        "uniformity_spacing": 0.942385625321217,
        "score": 0.9095736334456002
      }
    }
  },
  "category_scores": {
    "structural": 0.6687375604001792,
    "gameplay": 0.5735985672887791,
    "aesthetic": 0.9095736334456002
  },
  "overall_score": 0.7173032537115194,
  "grade": "B",
  "details": {
    "accessibility": {
      "reachability_ratio": 1.0,
      "avg_path_length": 7.633333333333334,
      "path_variance": 11.498888888888889,
      "normalized": [
        1.0,
        0.45476190476190476,
        0.9413321995464853
      ],
      "score": 0.7536603432792334
    },
    "degree_variance": {
      "raw_variance": 11.055555555555555,
      "normalized_variance": 0.3654729109274564,
      "score": 0.48145340552018073,
      "degrees": [
        5,
        12,
        8,
        11,
        4,
        2,
        2,
        2,
        7,
        3,
        5,
        3
      ],
      "max_variance": 30.25,
      "room_count": 12,
      "mean_degree": 5.333333333333333
    },
    "door_distribution": {
      "cv": 0.4900876122178719,
      "avg_distance": 2.292402393423861,
      "avg_entropy": 0.8147777249043113,
      "weights": [
        0.3333333333333333,
        0.3333333333333333,
        0.3333333333333333
      ],
      "normalized": [
        0.754956193891064,
        0.183331192023148,
        0.5877378915731211
      ],
      "score": 0.5086750924957777,
      "debug": {
        "count": 237
      }
    },
    "dead_end_ratio": {
      "dead_end_ratio": 0.16666666666666666,
      "dead_end_count": 2,
      "total_rooms": 12,
      "dead_end_rooms": [
        "rect_114",
        "rect_57"
      ],
      "score": 0.8333333333333334
    },
    "key_path_length": {
      "raw_length": 1,
      "diameter": 12,
      "normalized_length": 0.08333333333333333,
      "score": 0.8464817248906141,
      "path": [
        "rect_3",
        "rect_6"
      ],
      "entrance": "rect_3",
      "exit": "rect_6"
    },
    "loop_ratio": {
      "total_rooms": 120,
      "total_edges": 237,
      "connected_components": 1,
      "cyclomatic_number": 118,
      "loop_ratio": 0.9833333333333333,
      "sigmoid_loop_ratio": 0.8273078959170554,
      "algorithm": "Cyclomatic formula + Sigmoid normalization",