{
  "scores": {
    "accessibility": {
      "score": 0.7166095742031893,
      "detail": {
        "reachability_ratio": 1.0,
        "avg_path_length": 1.8,
        "path_variance": 0.72,
        "normalized": [
          1.0,
          0.39999999999999997,
          0.92
        ],
        "score": 0.7166095742031893
      }
    },
    "degree_variance": {
      "score": 0.1353352832366127,
      "detail": {
        "raw_variance": 5.5555555555555545,
        "normalized_variance": 1.0,
        "score": 0.1353352832366127,
        "degrees": [
          9,
          4,
          4
        ],
        "max_variance": 5.5555555555555545,
        "room_count": 3,
        "mean_degree": 5.666666666666667
      }
    },
    "door_distribution": {
      "score": 0.5360675477223579,
      "detail": {
        "cv": 0.545892771828163,
        "avg_distance": 3.5978945005906016,
        "avg_entropy": 0.7458280619953891,
        "weights": [
          0.3333333333333333,
          0.3333333333333333,
          0.3333333333333333
        ],
        "normalized": [
          0.7270536140859185,
          0.3431478058828679,
          0.5380012231982871
        ],
        "score": 0.5360675477223579,
        "debug": {
          "count": 43
        }
      }
    },
    "dead_end_ratio": {
      "score": 0.33333333333333337,
      "detail": {
        "dead_end_ratio": 0.6666666666666666,
        "dead_end_count": 2,
        "total_rooms": 3,
        "dead_end_rooms": [
          "rect_22",
          "rect_11"
        ],
        "score": 0.33333333333333337
      }
    },
    "key_path_length": {
      "score": 0.30119421191220214,
      "detail": {
        "raw_length": 3,
        "diameter": 5,
        "normalized_length": 0.6,
        "score": 0.30119421191220214,
        "path": [
          "rect_4",
          "rect_1",
          "rect_0",
          "rect_11"
        ],
        "center_node": "rect_4",
        "periphery_node": "rect_11",
        "center_eccentricity": 3,
        "graph_radius": 3,
        "fallback_method": "center_path",
        "note": "Used center path fallback due to unidentifiable entrance/exit"
      }
    },
    "loop_ratio": {
      "score": 0.7539887164489482,
      "detail": {
        "total_rooms": 25,
        "total_edges": 43,
        "connected_components": 1,
        "cyclomatic_number": 19,
        "loop_ratio": 0.76,
        "sigmoid_loop_ratio": 0.7539887164489482,
        "algorithm": "Cyclomatic formula + Sigmoid normalization",
        "note": "Direct calculation using E - V + C formula, then sigmoid mapping to [0,1]",
        "score_breakdown": {
          "raw_loop_ratio": 0.76,
          "sigmoid_loop_ratio": 0.7539887164489482,
          "final_score": 0.7539887164489482
        }
      }
    },
    "path_diversity": {
      "score": 0.5015523602948101,
      "detail": {
        "avg_path_diversity": 0.3432581416333,
        "std_path_diversity": 0.179242480653455,
        "max_path_diversity": 0.6843914390743461,
        "min_path_diversity": 0.0,
        "total_pairs_analyzed": 44,
        "rounds_completed": 5,
        "detailed_analysis": {
          "round_0": {
            "pairs_analyzed": 10,
            "avg_diversity": 0.3415322503622135
          },
          "round_1": {
            "pairs_analyzed": 9,
            "avg_diversity": 0.3327569042842783
          },
          "round_2": {
            "pairs_analyzed": 9,
            "avg_diversity": 0.30440840428907556
          },
          "round_3": {
            "pairs_analyzed": 7,
            "avg_diversity": 0.35095658235691995
          },
          "round_4": {
            "pairs_analyzed": 9,
            "avg_diversity": 0.3885390971760488
          }
        },
        "adaptive_params": {
          "num_walks": 25,
          "max_walk_length": 6,
          "graph_diameter": 6,
          "avg_degree": 3.44,
          "total_nodes": 25,
          "total_edges": 43
        },
        "algorithm": "Adaptive_random_walk_sampling",
        "sampling_strategy": "Multi-round (5 rounds, 10 pairs/round)",
        "normalization": "Robust_with_predefined_bounds",
        "fusion_method": "Geometric_mean_of_normalized_metrics",
        "performance": {
          "time_taken": 0.006448268890380859,
          "timeout": false
        }
      }
    },
    "treasure_monster_distribution": {
      "score": 0.5317717224349835,
      "detail": {
        "cv_treasure": 0.7071067811865476,
        "uniformity_treasure": 0.5,
        "score": 0.5317717224349835,
        "cv_monster": 0.7071067811865476,
        "uniformity_monster": 0.5,
        "avg_t2m_dist": 6.786208623015084,
        "proximity_score": 0.6015001082720509
      }
    },
    "geometric_balance": {
      "score": 0.7512585523362065,
      "detail": {
        "symmetry_ratio": 0.6666666666666666,
        "uniformity_area": 0.6741573033707866,
        "uniformity_spacing": 0.9434052798299906,
        "score": 0.7512585523362065
      }
    }
  },
  "category_scores": {
    "structural": 0.4682972895930649,
    "gameplay": 0.5317717224349835,
    "aesthetic": 0.7512585523362065
  },
  "overall_score": 0.5837758547880849,
  "grade": "C",
  "details": {
    "accessibility": {
      "reachability_ratio": 1.0,
      "avg_path_length": 1.8,
      "path_variance": 0.72,
      "normalized": [
        1.0,
        0.39999999999999997,
        0.92
      ],
      "score": 0.7166095742031893
    },
    "degree_variance": {
      "raw_variance": 5.5555555555555545,
      "normalized_variance": 1.0,
      "score": 0.1353352832366127,
      "degrees": [
        9,
        4,
        4
      ],
      "max_variance": 5.5555555555555545,
      "room_count": 3,
      "mean_degree": 5.666666666666667
    },
    "door_distribution": {
      "cv": 0.545892771828163,
      "avg_distance": 3.5978945005906016,
      "avg_entropy": 0.7458280619953891,
      "weights": [
        0.3333333333333333,
        0.3333333333333333,
        0.3333333333333333
      ],
      "normalized": [
        0.7270536140859185,
        0.3431478058828679,
        0.5380012231982871
      ],
      "score": 0.5360675477223579,
      "debug": {
        "count": 43
      }
    },
    "dead_end_ratio": {
      "dead_end_ratio": 0.6666666666666666,
      "dead_end_count": 2,
      "total_rooms": 3,
      "dead_end_rooms": [
        "rect_22",
        "rect_11"
      ],
      "score": 0.33333333333333337
    },
    "key_path_length": {
      "raw_length": 3,
      "diameter": 5,
      "normalized_length": 0.6,
      "score": 0.30119421191220214,
      "path": [
        "rect_4",
        "rect_1",
        "rect_0",
        "rect_11"
      ],
      "center_node": "rect_4",
      "periphery_node": "rect_11",
      "center_eccentricity": 3,
      "graph_radius": 3,
      "fallback_method": "center_path",
      "note": "Used center path fallback due to unidentifiable entrance/exit"
    },
    "loop_ratio": {
      "total_rooms": 25,
      "total_edges": 43,
      "connected_components": 1,
      "cyclomatic_number": 19,
      "loop_ratio": 0.76,
      "sigmoid_loop_ratio": 0.7539887164489482,
      "algorithm": "Cyclomatic formula + Sigmoid normalization",
      "note": "Direct calculation using E - V + C formula, then sigmoid mapping to [0,1]",
      "score_breakdown": {
        "raw_loop_ratio": 0.76,
        "sigmoid_loop_ratio": 0.7539887164489482,
        "final_score": 0.7539887164489482
      }
    },
    "path_diversity": {
      "avg_path_diversity": 0.3432581416333,
      "std_path_diversity": 0.179242480653455,
      "max_path_diversity": 0.6843914390743461,
      "min_path_diversity": 0.0,
      "total_pairs_analyzed": 44,
      "rounds_completed": 5,
      "detailed_analysis": {
        "round_0": {
          "pairs_analyzed": 10,
          "avg_diversity": 0.3415322503622135
        },
        "round_1": {
          "pairs_analyzed": 9,
          "avg_diversity": 0.3327569042842783
        },