{
  "scores": {
    "accessibility": {
      "score": 0.8319089359156892,
      "detail": {
        "reachability_ratio": 1.0,
        "avg_path_length": 3.52,
        "path_variance": 4.4096,
        "normalized": [
          1.0,
          0.6088888888888889,
          0.9455604938271605
        ],
        "score": 0.8319089359156892
      }
    },
    "degree_variance": {
      "score": 0.1353352832366127,
      "detail": {
        "raw_variance": 4.1875,
        "normalized_variance": 1.0,
        "score": 0.1353352832366127,
        "degrees": [
          7,
          2,
          2,
          4
        ],
        "max_variance": 4.1875,
        "room_count": 4,
        "mean_degree": 3.75
      }
    },
    "door_distribution": {
      "score": 0.5094396502421807,
      "detail": {
        "cv": 0.4561333751816801,
        "avg_distance": 2.279389107846601,
        "avg_entropy": 0.781879173055599,
        "weights": [
          0.3333333333333333,
          0.3333333333333333,
          0.3333333333333333
        ],
        "normalized": [
          0.77193331240916,
          0.19237903554654429,
          0.5640066027708381
        ],
        "score": 0.5094396502421807,
        "debug": {
          "count": 92
        }
      }
    },
    "dead_end_ratio": {
      "score": 0.5,
      "detail": {
        "dead_end_ratio": 0.5,
        "dead_end_count": 2,
        "total_rooms": 4,
        "dead_end_rooms": [
          "rect_24",
          "rect_48"
        ],
        "score": 0.5
      }
    },
    "key_path_length": {
      "score": 0.25042009669367926,
      "detail": {
        "raw_length": 9,
        "diameter": 13,
        "normalized_length": 0.6923076923076923,
        "score": 0.25042009669367926,
        "path": [
          "rect_0",
          "rect_3",
          "rect_7",
          "rect_10",
          "rect_12",
          "rect_15",
          "rect_19",
          "rect_22",
          "rect_23",
          "rect_48"
        ],
        "center_node": "rect_0",
        "periphery_node": "rect_48",
        "center_eccentricity": 9,
        "graph_radius": 9,
        "fallback_method": "center_path",
        "note": "Used center path fallback due to unidentifiable entrance/exit"
      }
    },
    "loop_ratio": {
      "score": 0.7891817065222528,
      "detail": {
        "total_rooms": 50,
        "total_edges": 92,
        "connected_components": 1,
        "cyclomatic_number": 43,
        "loop_ratio": 0.86,
        "sigmoid_loop_ratio": 0.7891817065222528,
        "algorithm": "Cyclomatic formula + Sigmoid normalization",
        "note": "Direct calculation using E - V + C formula, then sigmoid mapping to [0,1]",
        "score_breakdown": {
          "raw_loop_ratio": 0.86,
          "sigmoid_loop_ratio": 0.7891817065222528,
          "final_score": 0.7891817065222528
        }
      }
    },
    "path_diversity": {
      "score": 0.3896406302920226,
      "detail": {
        "avg_path_diversity": 0.3100809887023669,
        "std_path_diversity": 0.23720186645506683,
        "max_path_diversity": 0.7958127684732764,
        "min_path_diversity": 0.0,
        "total_pairs_analyzed": 47,
        "rounds_completed": 12,
        "detailed_analysis": {
          "round_0": {
            "pairs_analyzed": 4,
            "avg_diversity": 0.30527526203799565
          },
          "round_1": {
            "pairs_analyzed": 3,
            "avg_diversity": 0.17991112569161974
          },
          "round_2": {
            "pairs_analyzed": 4,
            "avg_diversity": 0.39409599026558556
          },
          "round_3": {
            "pairs_analyzed": 4,
            "avg_diversity": 0.1634678040275673
          },
          "round_4": {
            "pairs_analyzed": 4,
            "avg_diversity": 0.3507264937301353
          },
          "round_5": {
            "pairs_analyzed": 5,
            "avg_diversity": 0.3850305010803501
          },
          "round_6": {
            "pairs_analyzed": 3,
            "avg_diversity": 0.3315444600274338
          },
          "round_7": {
            "pairs_analyzed": 4,
            "avg_diversity": 0.2693861206721912
          },
          "round_8": {
            "pairs_analyzed": 4,
            "avg_diversity": 0.18638654407379754
          },
          "round_9": {
            "pairs_analyzed": 5,
            "avg_diversity": 0.34877365420871204
          },
          "round_10": {
            "pairs_analyzed": 4,
            "avg_diversity": 0.44742835275836534
          },
          "round_11": {
            "pairs_analyzed": 3,
            "avg_diversity": 0.3011175550487403
          }
        },
        "adaptive_params": {
          "num_walks": 50,
          "max_walk_length": 13,
          "graph_diameter": 13,
          "avg_degree": 3.68,
          "total_nodes": 50,
          "total_edges": 92
        },
        "algorithm": "Adaptive_random_walk_sampling",
        "sampling_strategy": "Multi-round (12 rounds, 5 pairs/round)",
        "normalization": "Robust_with_predefined_bounds",
        "fusion_method": "Geometric_mean_of_normalized_metrics",
        "performance": {
          "time_taken": 0.03196406364440918,
          "timeout": false
        }
      }
    },
    "treasure_monster_distribution": {
      "score": 0.4560476639766109,
      "detail": {
        "cv_treasure": 1.0,
        "uniformity_treasure": 0.42264973081037416,
        "score": 0.4560476639766109,
        "cv_monster": 1.7320508075688772,
        "uniformity_monster": 0.0,
        "avg_t2m_dist": 15.15256957717368,
        "proximity_score": 0.4920847137882971
      }
    },
    "geometric_balance": {
      "score": 0.7659272801766249,
      "detail": {
        "symmetry_ratio": 0.0,
        "uniformity_area": 0.735376137633015,
        "uniformity_spacing": 0.797747667482139,
        "score": 0.7659272801766249
      }
    }
  },
  "category_scores": {
    "structural": 0.486560900414634,
    "gameplay": 0.4560476639766109,
    "aesthetic": 0.7659272801766249
  },
  "overall_score": 0.5695119481892899,
  "grade": "C",
  "details": {
    "accessibility": {
      "reachability_ratio": 1.0,
      "avg_path_length": 3.52,
      "path_variance": 4.4096,
      "normalized": [
        1.0,
        0.6088888888888889,
        0.9455604938271605
      ],
      "score": 0.8319089359156892
    },
    "degree_variance": {
      "raw_variance": 4.1875,
      "normalized_variance": 1.0,
      "score": 0.1353352832366127,
      "degrees": [
        7,
        2,
        2,
        4
      ],
      "max_variance": 4.1875,
      "room_count": 4,
      "mean_degree": 3.75
    },
    "door_distribution": {
      "cv": 0.4561333751816801,
      "avg_distance": 2.279389107846601,
      "avg_entropy": 0.781879173055599,
      "weights": [
        0.3333333333333333,
        0.3333333333333333,
        0.3333333333333333
      ],
      "normalized": [
        0.77193331240916,
        0.19237903554654429,
        0.5640066027708381
      ],
      "score": 0.5094396502421807,
      "debug": {
        "count": 92
      }
    },
    "dead_end_ratio": {
      "dead_end_ratio": 0.5,
      "dead_end_count": 2,
      "total_rooms": 4,
      "dead_end_rooms": [
        "rect_24",
        "rect_48"
      ],
      "score": 0.5
    },
    "key_path_length": {
      "raw_length": 9,
      "diameter": 13,
      "normalized_length": 0.6923076923076923,
      "score": 0.25042009669367926,
      "path": [
        "rect_0",
        "rect_3",
        "rect_7",
        "rect_10",
        "rect_12",
        "rect_15",
        "rect_19",
        "rect_22",
        "rect_23",
        "rect_48"
      ],
      "center_node": "rect_0",
      "periphery_node": "rect_48",
      "center_eccentricity": 9,
      "graph_radius": 9,
      "fallback_method": "center_path",
      "note": "Used center path fallback due to unidentifiable entrance/exit"
    },
    "loop_ratio": {
      "total_rooms": 50,
      "total_edges": 92,