{
  "scores": {
    "accessibility": {
      "score": 0.7871159501581276,
      "detail": {
        "reachability_ratio": 1.0,
        "avg_path_length": 6.839506172839506,
        "path_variance": 9.122389879591525,
        "normalized": [
          1.0,
          0.5114638447971781,
          0.9534571944918799
        ],
        "score": 0.7871159501581276
      }
    },
    "degree_variance": {
      "score": 0.5262518867904364,
      "detail": {
        "raw_variance": 5.135802469135802,
        "normalized_variance": 0.32098765432098764,
        "score": 0.5262518867904364,
        "degrees": [
          6,
          8,
          2,
          4,
          10,
          6,
          6,
          4,
          4
        ],
        "max_variance": 16.0,
        "room_count": 9,
        "mean_degree": 5.555555555555555
      }
    },
    "door_distribution": {
      "score": 0.5064605474253175,
      "detail": {
        "cv": 0.4332715530902669,
        "avg_distance": 2.2458507227808715,
        "avg_entropy": 0.8604172251297577,
        "weights": [
          0.3333333333333333,
          0.3333333333333333,
          0.3333333333333333
        ],
        "normalized": [
          0.7833642234548666,
          0.11535758692601389,
          0.6206598318950721
        ],
        "score": 0.5064605474253175,
        "debug": {
          "count": 349
        }
      }
    },
    "dead_end_ratio": {
      "score": 0.6666666666666667,
      "detail": {
        "dead_end_ratio": 0.3333333333333333,
        "dead_end_count": 3,
        "total_rooms": 9,
        "dead_end_rooms": [
          "rect_75",
          "rect_150",
          "rect_151"
        ],
        "score": 0.6666666666666667
      }
    },
    "key_path_length": {
      "score": 0.9000876262522592,
      "detail": {
        "raw_length": 1,
        "diameter": 19,
        "normalized_length": 0.05263157894736842,
        "score": 0.9000876262522592,
        "path": [
          "rect_65",
          "rect_67"
        ],
        "entrance": "rect_65",
        "exit": "rect_67"
      }
    },
    "loop_ratio": {
      "score": 0.8722485294895452,
      "detail": {
        "total_rooms": 162,
        "total_edges": 349,
        "connected_components": 1,
        "cyclomatic_number": 188,
        "loop_ratio": 1.1604938271604939,
        "sigmoid_loop_ratio": 0.8722485294895452,
        "algorithm": "Cyclomatic formula + Sigmoid normalization",
        "note": "Direct calculation using E - V + C formula, then sigmoid mapping to [0,1]",
        "score_breakdown": {
          "raw_loop_ratio": 1.1604938271604939,
          "sigmoid_loop_ratio": 0.8722485294895452,
          "final_score": 0.8722485294895452
        }
      }
    },
    "path_diversity": {
      "score": 0.4272416943506973,
      "detail": {
        "avg_path_diversity": 0.35172795265046297,
        "std_path_diversity": 0.2514629692152122,
        "max_path_diversity": 0.8232528737276058,
        "min_path_diversity": 0.0,
        "total_pairs_analyzed": 113,
        "rounds_completed": 20,
        "detailed_analysis": {
          "round_0": {
            "pairs_analyzed": 7,
            "avg_diversity": 0.32932339436671815
          },
          "round_1": {
            "pairs_analyzed": 7,
            "avg_diversity": 0.25048163456683664
          },
          "round_2": {
            "pairs_analyzed": 6,
            "avg_diversity": 0.5115212529442473
          },
          "round_3": {
            "pairs_analyzed": 6,
            "avg_diversity": 0.3284095485324943
          },
          "round_4": {
            "pairs_analyzed": 5,
            "avg_diversity": 0.41406491516473604
          },
          "round_5": {
            "pairs_analyzed": 4,
            "avg_diversity": 0.31045762616358713
          },
          "round_6": {
            "pairs_analyzed": 3,
            "avg_diversity": 0.3242443364947836
          },
          "round_7": {
            "pairs_analyzed": 8,
            "avg_diversity": 0.2400731068788241
          },
          "round_8": {
            "pairs_analyzed": 6,
            "avg_diversity": 0.38383350449245784
          },
          "round_9": {
            "pairs_analyzed": 6,
            "avg_diversity": 0.4026149702519395
          },
          "round_10": {
            "pairs_analyzed": 5,
            "avg_diversity": 0.3413312746148283
          },
          "round_11": {
            "pairs_analyzed": 6,
            "avg_diversity": 0.34226280788543506
          },
          "round_12": {
            "pairs_analyzed": 7,
            "avg_diversity": 0.36779400943162915
          },
          "round_13": {
            "pairs_analyzed": 6,
            "avg_diversity": 0.4032294309911904
          },
          "round_14": {
            "pairs_analyzed": 5,
            "avg_diversity": 0.2906175538455432
          },
          "round_15": {
            "pairs_analyzed": 5,
            "avg_diversity": 0.5032542767874744
          },
          "round_16": {
            "pairs_analyzed": 6,
            "avg_diversity": 0.3090791366759424
          },
          "round_17": {
            "pairs_analyzed": 4,
            "avg_diversity": 0.19404091494203896
          },
          "round_18": {
            "pairs_analyzed": 5,
            "avg_diversity": 0.40567576433201935
          },
          "round_19": {
            "pairs_analyzed": 6,
            "avg_diversity": 0.39005508627388846
          }
        },
        "adaptive_params": {
          "num_walks": 162,
          "max_walk_length": 21,
          "graph_diameter": 21,
          "avg_degree": 4.308641975308642,
          "total_nodes": 162,
          "total_edges": 349
        },
        "algorithm": "Adaptive_random_walk_sampling",
        "sampling_strategy": "Multi-round (20 rounds, 8 pairs/round)",
        "normalization": "Robust_with_predefined_bounds",
        "fusion_method": "Geometric_mean_of_normalized_metrics",
        "performance": {
          "time_taken": 0.5308597087860107,
          "timeout": false
        }
      }
    },
    "treasure_monster_distribution": {
      "score": 0.6047152924789526,
      "detail": {
        "cv_treasure": 1.118033988749895,
        "uniformity_treasure": 0.6047152924789526,
        "score": 0.6047152924789526,
        "cv_monster": 0.0,
        "uniformity_monster": 0.0,
        "avg_t2m_dist": 0.0,
        "proximity_score": 0.0,
        "note": "Only treasure distribution evaluated (no monsters found)"
      }
    },
    "geometric_balance": {
      "score": 0.943711648362834,
      "detail": {
        "symmetry_ratio": 0.0,
        "uniformity_area": 0.8905916752556973,
        "uniformity_spacing": 1.0,
        "score": 0.943711648362834
      }
    }
  },
  "category_scores": {
    "structural": 0.6694389858761501,
    "gameplay": 0.6047152924789526,
    "aesthetic": 0.943711648362834
  },
  "overall_score": 0.7392886422393122,
  "grade": "B",
  "details": {
    "accessibility": {
      "reachability_ratio": 1.0,
      "avg_path_length": 6.839506172839506,
      "path_variance": 9.122389879591525,
      "normalized": [
        1.0,
        0.5114638447971781,
        0.9534571944918799
      ],
      "score": 0.7871159501581276
    },
    "degree_variance": {
      "raw_variance": 5.135802469135802,
      "normalized_variance": 0.32098765432098764,
      "score": 0.5262518867904364,
      "degrees": [
        6,
        8,
        2,
        4,
        10,
        6,
        6,
        4,
        4
      ],
      "max_variance": 16.0,
      "room_count": 9,
      "mean_degree": 5.555555555555555
    },
    "door_distribution": {
      "cv": 0.4332715530902669,
      "avg_distance": 2.2458507227808715,
      "avg_entropy": 0.8604172251297577,
      "weights": [
        0.3333333333333333,
        0.3333333333333333,
        0.3333333333333333
      ],
      "normalized": [
        0.7833642234548666,
        0.11535758692601389,
        0.6206598318950721
      ],