{
  "scores": {
    "accessibility": {
      "score": 0.7568157873776701,
      "detail": {
        "reachability_ratio": 1.0,
        "avg_path_length": 1.6,
        "path_variance": 0.64,
        "normalized": [
          1.0,
          0.4666666666666666,
          0.9288888888888889
        ],
        "score": 0.7568157873776701
      }
    },
    "degree_variance": {
      "score": 0.1353352832366127,
      "detail": {
        "raw_variance": 2.8888888888888893,
        "normalized_variance": 1.0,
        "score": 0.1353352832366127,
        "degrees": [
          6,
          3,
          2
        ],
        "max_variance": 2.8888888888888893,
        "room_count": 3,
        "mean_degree": 3.6666666666666665
      }
    },
    "door_distribution": {
      "score": 0.5389618277619068,
      "detail": {
        "cv": 0.5861206488138654,
        "avg_distance": 3.5057616838649905,
        "avg_entropy": 0.7131752779218731,
        "weights": [
          0.3333333333333333,
          0.3333333333333333,
          0.3333333333333333
        ],
        "normalized": [
          0.7069396755930673,
          0.3954985893214059,
          0.5144472183712473
        ],
        "score": 0.5389618277619068,
        "debug": {
          "count": 21
        }
      }
    },
    "dead_end_ratio": {
      "score": 0.33333333333333337,
      "detail": {
        "dead_end_ratio": 0.6666666666666666,
        "dead_end_count": 2,
        "total_rooms": 3,
        "dead_end_rooms": [
          "rect_14",
          "rect_7"
        ],
        "score": 0.33333333333333337
      }
    },
    "key_path_length": {
      "score": 0.513417119032592,
      "detail": {
        "raw_length": 1,
        "diameter": 3,
        "normalized_length": 0.3333333333333333,
        "score": 0.513417119032592,
        "path": [
          "rect_3",
          "rect_6"
        ],
        "entrance": "rect_3",
        "exit": "rect_6"
      }
    },
    "loop_ratio": {
      "score": 0.6302602229177513,
      "detail": {
        "total_rooms": 15,
        "total_edges": 21,
        "connected_components": 1,
        "cyclomatic_number": 7,
        "loop_ratio": 0.4666666666666667,
        "sigmoid_loop_ratio": 0.6302602229177513,
        "algorithm": "Cyclomatic formula + Sigmoid normalization",
        "note": "Direct calculation using E - V + C formula, then sigmoid mapping to [0,1]",
        "score_breakdown": {
          "raw_loop_ratio": 0.4666666666666667,
          "sigmoid_loop_ratio": 0.6302602229177513,
          "final_score": 0.6302602229177513
        }
      }
    },
    "path_diversity": {
      "score": 0.4493020451461224,
      "detail": {
        "avg_path_diversity": 0.27927799375016776,
        "std_path_diversity": 0.21136940177349867,
        "max_path_diversity": 0.6215818440339855,
        "min_path_diversity": 0.0,
        "total_pairs_analyzed": 40,
        "rounds_completed": 4,
        "detailed_analysis": {
          "round_0": {
            "pairs_analyzed": 9,
            "avg_diversity": 0.23374563002590362
          },
          "round_1": {
            "pairs_analyzed": 9,
            "avg_diversity": 0.29041021798151356
          },
          "round_2": {
            "pairs_analyzed": 11,
            "avg_diversity": 0.34107104251526815
          },
          "round_3": {
            "pairs_analyzed": 11,
            "avg_diversity": 0.24563051366109165
          }
        },
        "adaptive_params": {
          "num_walks": 15,
          "max_walk_length": 4,
          "graph_diameter": 4,
          "avg_degree": 2.8,
          "total_nodes": 15,
          "total_edges": 21
        },
        "algorithm": "Adaptive_random_walk_sampling",
        "sampling_strategy": "Multi-round (4 rounds, 12 pairs/round)",
        "normalization": "Robust_with_predefined_bounds",
        "fusion_method": "Geometric_mean_of_normalized_metrics",
        "performance": {
          "time_taken": 0.0030367374420166016,
          "timeout": false
        }
      }
    },
    "treasure_monster_distribution": {
      "score": 0.6046881890859319,
      "detail": {
        "cv_treasure": 0.0,
        "uniformity_treasure": 1.0,
        "score": 0.6046881890859319,
        "cv_monster": 1.4142135623730951,
        "uniformity_monster": 0.0,
        "avg_t2m_dist": 8.835503662236727,
        "proximity_score": 0.3656478060200238
      }
    },
    "geometric_balance": {
      "score": 0.9225312080288851,
      "detail": {
        "symmetry_ratio": 0.0,
        "uniformity_area": 0.851063829787234,
        "uniformity_spacing": 1.0,
        "score": 0.9225312080288851
      }
    }
  },
  "category_scores": {
    "structural": 0.4796322312579985,
    "gameplay": 0.6046881890859319,
    "aesthetic": 0.9225312080288851
  },
  "overall_score": 0.6689505427909385,
  "grade": "B",
  "details": {
    "accessibility": {
      "reachability_ratio": 1.0,
      "avg_path_length": 1.6,
      "path_variance": 0.64,
      "normalized": [
        1.0,
        0.4666666666666666,
        0.9288888888888889
      ],
      "score": 0.7568157873776701
    },
    "degree_variance": {
      "raw_variance": 2.8888888888888893,
      "normalized_variance": 1.0,
      "score": 0.1353352832366127,
      "degrees": [
        6,
        3,
        2
      ],
      "max_variance": 2.8888888888888893,
      "room_count": 3,
      "mean_degree": 3.6666666666666665
    },
    "door_distribution": {
      "cv": 0.5861206488138654,
      "avg_distance": 3.5057616838649905,
      "avg_entropy": 0.7131752779218731,
      "weights": [
        0.3333333333333333,
        0.3333333333333333,
        0.3333333333333333
      ],
      "normalized": [
        0.7069396755930673,
        0.3954985893214059,
        0.5144472183712473
      ],
      "score": 0.5389618277619068,
      "debug": {
        "count": 21
      }
    },
    "dead_end_ratio": {
      "dead_end_ratio": 0.6666666666666666,
      "dead_end_count": 2,
      "total_rooms": 3,
      "dead_end_rooms": [
        "rect_14",
        "rect_7"
      ],
      "score": 0.33333333333333337
    },
    "key_path_length": {
      "raw_length": 1,
      "diameter": 3,
      "normalized_length": 0.3333333333333333,
      "score": 0.513417119032592,
      "path": [
        "rect_3",
        "rect_6"
      ],
      "entrance": "rect_3",
      "exit": "rect_6"
    },
    "loop_ratio": {
      "total_rooms": 15,
      "total_edges": 21,
      "connected_components": 1,
      "cyclomatic_number": 7,
      "loop_ratio": 0.4666666666666667,
      "sigmoid_loop_ratio": 0.6302602229177513,
      "algorithm": "Cyclomatic formula + Sigmoid normalization",
      "note": "Direct calculation using E - V + C formula, then sigmoid mapping to [0,1]",
      "score_breakdown": {
        "raw_loop_ratio": 0.4666666666666667,
        "sigmoid_loop_ratio": 0.6302602229177513,
        "final_score": 0.6302602229177513
      }
    },
    "path_diversity": {
      "avg_path_diversity": 0.27927799375016776,
      "std_path_diversity": 0.21136940177349867,
      "max_path_diversity": 0.6215818440339855,
      "min_path_diversity": 0.0,
      "total_pairs_analyzed": 40,
      "rounds_completed": 4,
      "detailed_analysis": {
        "round_0": {
          "pairs_analyzed": 9,
          "avg_diversity": 0.23374563002590362
        },
        "round_1": {
          "pairs_analyzed": 9,
          "avg_diversity": 0.29041021798151356
        },
        "round_2": {
          "pairs_analyzed": 11,
          "avg_diversity": 0.34107104251526815
        },
        "round_3": {
          "pairs_analyzed": 11,
          "avg_diversity": 0.24563051366109165
        }
      },
      "adaptive_params": {
        "num_walks": 15,
        "max_walk_length": 4,
        "graph_diameter": 4,
        "avg_degree": 2.8,
        "total_nodes": 15,
        "total_edges": 21
      },
      "algorithm": "Adaptive_random_walk_sampling",
      "sampling_strategy": "Multi-round (4 rounds, 12 pairs/round)",