{
  "scores": {
    "accessibility": {
      "score": 0.760023821856477,
      "detail": {
        "reachability_ratio": 1.0,
        "avg_path_length": 3.72972972972973,
        "path_variance": 2.953981008035062,
        "normalized": [
          1.0,
          0.4671814671814672,
          0.9397146733054069
        ],
        "score": 0.760023821856477
      }
    },
    "degree_variance": {
      "score": 0.0,
      "detail": {
        "raw_variance": 6.222222222222222,
        "normalized_variance": 1.0,
        "score": 0.0,
        "degrees": [
          4,
          8,
          2
        ]
      }
    },
    "door_distribution": {
      "score": 0.4833527626745071,
      "detail": {
        "cv": 0.5061351988413499,
        "avg_distance": 2.2996179729017796,
        "avg_entropy": 0.8650707273987844,
        "weights": [
          0.3333333333333333,
          0.3333333333333333,
          0.3333333333333333
        ],
        "normalized": [
          0.746932400579325,
          0.0791092632259792,
          0.6240166242182174
        ],
        "score": 0.4833527626745071,
        "debug": {
          "count": 72
        }
      }
    },
    "dead_end_ratio": {
      "score": 0.6666666666666667,
      "detail": {
        "dead_end_ratio": 0.3333333333333333,
        "dead_end_count": 1,
        "total_rooms": 3,
        "dead_end_rooms": [
          "rect_17"
        ],
        "score": 0.6666666666666667
      }
    },
    "key_path_length": {
      "score": 0.3779644730092272,
      "detail": {
        "raw_length": 1,
        "diameter": 7,
        "normalized_length": 0.14285714285714285,
        "branch_factor": 1.0,
        "score": 0.3779644730092272,
        "path": [
          "rect_2",
          "rect_4"
        ]
      }
    },
    "loop_ratio": {
      "score": 0.49324365450835395,
      "detail": {
        "total_rooms": 37,
        "total_edges": 72,
        "connected_components": 1,
        "cyclomatic_number": 36,
        "loop_ratio": 0.972972972972973,
        "sigmoid_loop_ratio": 0.49324365450835395,
        "algorithm": "Cyclomatic formula + Sigmoid normalization",
        "note": "Direct calculation using E - V + C formula, then sigmoid mapping to [0,1]",
        "score_breakdown": {
          "raw_loop_ratio": 0.972972972972973,
          "sigmoid_loop_ratio": 0.49324365450835395,
          "final_score": 0.49324365450835395
        }
      }
    },
    "path_diversity": {
      "score": 0.49354515194025966,
      "detail": {
        "avg_path_diversity": 0.35105349311396744,
        "std_path_diversity": 0.19992982800301848,
        "max_path_diversity": 0.7112895177551255,
        "min_path_diversity": 0.0,
        "total_pairs_analyzed": 48,
        "rounds_completed": 7,
        "detailed_analysis": {
          "round_0": {
            "pairs_analyzed": 7,
            "avg_diversity": 0.4357973515616002
          },
          "round_1": {
            "pairs_analyzed": 6,
            "avg_diversity": 0.402563299775262
          },
          "round_2": {
            "pairs_analyzed": 7,
            "avg_diversity": 0.37217064744101325
          },
          "round_3": {
            "pairs_analyzed": 7,
            "avg_diversity": 0.36928694189079797
          },
          "round_4": {
            "pairs_analyzed": 8,
            "avg_diversity": 0.3192258669358319
          },
          "round_5": {
            "pairs_analyzed": 6,
            "avg_diversity": 0.17696488577263805
          },
          "round_6": {
            "pairs_analyzed": 7,
            "avg_diversity": 0.36840100492035704
          }
        },
        "adaptive_params": {
          "num_walks": 37,
          "max_walk_length": 7,
          "graph_diameter": 7,
          "avg_degree": 3.891891891891892,
          "total_nodes": 37,
          "total_edges": 72
        },
        "algorithm": "Adaptive_random_walk_sampling",
        "sampling_strategy": "Multi-round (7 rounds, 10 pairs/round)",
        "normalization": "Robust_with_predefined_bounds",
        "fusion_method": "Geometric_mean_of_normalized_metrics",
        "performance": {
          "time_taken": 0.012285232543945312,
          "timeout": false
        }
      }
    },
    "treasure_monster_distribution": {
      "score": 0.0,
      "detail": {
        "reason": "No treasures found"
      }
    },
    "aesthetic_balance": {
      "score": 1.0,
      "detail": {
        "symmetry_ratio": 0.0,
        "uniformity_area": 1.0,
        "uniformity_spacing": 1.0,
        "score": 1.0
      }
    }
  },
  "category_scores": {
    "structural": 0.46782807580792746,
    "gameplay": 0.0,
    "aesthetic": 1.0
  },
  "overall_score": 0.48927602526930913,
  "grade": "D",
  "details": {
    "accessibility": {
      "reachability_ratio": 1.0,
      "avg_path_length": 3.72972972972973,
      "path_variance": 2.953981008035062,
      "normalized": [
        1.0,
        0.4671814671814672,
        0.9397146733054069
      ],
      "score": 0.760023821856477
    },
    "degree_variance": {
      "raw_variance": 6.222222222222222,
      "normalized_variance": 1.0,
      "score": 0.0,
      "degrees": [
        4,
        8,
        2
      ]
    },
    "door_distribution": {
      "cv": 0.5061351988413499,
      "avg_distance": 2.2996179729017796,
      "avg_entropy": 0.8650707273987844,
      "weights": [
        0.3333333333333333,
        0.3333333333333333,
        0.3333333333333333
      ],
      "normalized": [
        0.746932400579325,
        0.0791092632259792,
        0.6240166242182174
      ],
      "score": 0.4833527626745071,
      "debug": {
        "count": 72
      }
    },
    "dead_end_ratio": {
      "dead_end_ratio": 0.3333333333333333,
      "dead_end_count": 1,
      "total_rooms": 3,
      "dead_end_rooms": [
        "rect_17"
      ],
      "score": 0.6666666666666667
    },
    "key_path_length": {
      "raw_length": 1,
      "diameter": 7,
      "normalized_length": 0.14285714285714285,
      "branch_factor": 1.0,
      "score": 0.3779644730092272,
      "path": [
        "rect_2",
        "rect_4"
      ]
    },
    "loop_ratio": {
      "total_rooms": 37,
      "total_edges": 72,
      "connected_components": 1,
      "cyclomatic_number": 36,
      "loop_ratio": 0.972972972972973,
      "sigmoid_loop_ratio": 0.49324365450835395,
      "algorithm": "Cyclomatic formula + Sigmoid normalization",
      "note": "Direct calculation using E - V + C formula, then sigmoid mapping to [0,1]",
      "score_breakdown": {
        "raw_loop_ratio": 0.972972972972973,
        "sigmoid_loop_ratio": 0.49324365450835395,
        "final_score": 0.49324365450835395
      }
    },
    "path_diversity": {
      "avg_path_diversity": 0.35105349311396744,
      "std_path_diversity": 0.19992982800301848,
      "max_path_diversity": 0.7112895177551255,
      "min_path_diversity": 0.0,
      "total_pairs_analyzed": 48,
      "rounds_completed": 7,
      "detailed_analysis": {
        "round_0": {
          "pairs_analyzed": 7,
          "avg_diversity": 0.4357973515616002
        },
        "round_1": {
          "pairs_analyzed": 6,
          "avg_diversity": 0.402563299775262
        },
        "round_2": {
          "pairs_analyzed": 7,
          "avg_diversity": 0.37217064744101325
        },
        "round_3": {
          "pairs_analyzed": 7,
          "avg_diversity": 0.36928694189079797
        },
        "round_4": {
          "pairs_analyzed": 8,
          "avg_diversity": 0.3192258669358319
        },
        "round_5": {
          "pairs_analyzed": 6,
          "avg_diversity": 0.17696488577263805
        },
        "round_6": {
          "pairs_analyzed": 7,
          "avg_diversity": 0.36840100492035704
        }
      },
      "adaptive_params": {
        "num_walks": 37,
        "max_walk_length": 7,
        "graph_diameter": 7,
        "avg_degree": 3.891891891891892,
        "total_nodes": 37,
        "total_edges": 72
      },