{
  "scores": {
    "accessibility": {
      "score": 0.8098097369584601,
      "detail": {
        "reachability_ratio": 1.0,
        "avg_path_length": 4.785714285714286,
        "path_variance": 7.254081632653061,
        "normalized": [
          1.0,
          0.564935064935065,
          0.9400489121268342
        ],
        "score": 0.8098097369584601
      }
    },
    "degree_variance": {
      "score": 0.7511111111111111,
      "detail": {
        "raw_variance": 1.5555555555555556,
        "normalized_variance": 0.24888888888888888,
        "score": 0.7511111111111111,
        "degrees": [
          5,
          2,
          4,
          5,
          2,
          4
        ]
      }
    },
    "door_distribution": {
      "score": 0.467834715688502,
      "detail": {
        "cv": 0.4741017374566751,
        "avg_distance": 2.3782639962108543,
        "avg_entropy": 0.8198994367697291,
        "weights": [
          0.3333333333333333,
          0.3333333333333333,
          0.3333333333333333
        ],
        "normalized": [
          0.7629491312716624,
          0.04912259006617245,
          0.5914324257276712
        ],
        "score": 0.467834715688502,
        "debug": {
          "count": 133
        }
      }
    },
    "dead_end_ratio": {
      "score": 0.8333333333333334,
      "detail": {
        "dead_end_ratio": 0.16666666666666666,
        "dead_end_count": 1,
        "total_rooms": 6,
        "dead_end_rooms": [
          "rect_33"
        ],
        "score": 0.8333333333333334
      }
    },
    "key_path_length": {
      "score": 0.5454545454545454,
      "detail": {
        "raw_length": 6,
        "diameter": 11,
        "normalized_length": 0.5454545454545454,
        "branch_factor": 0.0,
        "score": 0.5454545454545454,
        "path": [
          "rect_0",
          "rect_7",
          "rect_9",
          "rect_12",
          "rect_15",
          "rect_22",
          "rect_25"
        ]
      }
    },
    "loop_ratio": {
      "score": 0.4785845384732758,
      "detail": {
        "total_rooms": 70,
        "total_edges": 133,
        "connected_components": 1,
        "cyclomatic_number": 64,
        "loop_ratio": 0.9142857142857143,
        "sigmoid_loop_ratio": 0.4785845384732758,
        "algorithm": "Cyclomatic formula + Sigmoid normalization",
        "note": "Direct calculation using E - V + C formula, then sigmoid mapping to [0,1]",
        "score_breakdown": {
          "raw_loop_ratio": 0.9142857142857143,
          "sigmoid_loop_ratio": 0.4785845384732758,
          "final_score": 0.4785845384732758
        }
      }
    },
    "path_diversity": {
      "score": 0.5160546083749329,
      "detail": {
        "avg_path_diversity": 0.39467464625632803,
        "std_path_diversity": 0.20643196428415644,
        "max_path_diversity": 0.7647924073368263,
        "min_path_diversity": 0.0,
        "total_pairs_analyzed": 93,
        "rounds_completed": 14,
        "detailed_analysis": {
          "round_0": {
            "pairs_analyzed": 8,
            "avg_diversity": 0.39257276853663114
          },
          "round_1": {
            "pairs_analyzed": 7,
            "avg_diversity": 0.37038568034496633
          },
          "round_2": {
            "pairs_analyzed": 7,
            "avg_diversity": 0.3681814417538186
          },
          "round_3": {
            "pairs_analyzed": 7,
            "avg_diversity": 0.4179930343903015
          },
          "round_4": {
            "pairs_analyzed": 7,
            "avg_diversity": 0.3945111468660298
          },
          "round_5": {
            "pairs_analyzed": 5,
            "avg_diversity": 0.45530241659243365
          },
          "round_6": {
            "pairs_analyzed": 7,
            "avg_diversity": 0.41792009362569277
          },
          "round_7": {
            "pairs_analyzed": 7,
            "avg_diversity": 0.38696212090897947
          },
          "round_8": {
            "pairs_analyzed": 5,
            "avg_diversity": 0.3033676372551978
          },
          "round_9": {
            "pairs_analyzed": 7,
            "avg_diversity": 0.470819505211868
          },
          "round_10": {
            "pairs_analyzed": 7,
            "avg_diversity": 0.313894390303338
          },
          "round_11": {
            "pairs_analyzed": 7,
            "avg_diversity": 0.37348411552220956
          },
          "round_12": {
            "pairs_analyzed": 8,
            "avg_diversity": 0.39211304643283296
          },
          "round_13": {
            "pairs_analyzed": 4,
            "avg_diversity": 0.5087111525885508
          }
        },
        "adaptive_params": {
          "num_walks": 70,
          "max_walk_length": 13,
          "graph_diameter": 13,
          "avg_degree": 3.8,
          "total_nodes": 70,
          "total_edges": 133
        },
        "algorithm": "Adaptive_random_walk_sampling",
        "sampling_strategy": "Multi-round (14 rounds, 9 pairs/round)",
        "normalization": "Robust_with_predefined_bounds",
        "fusion_method": "Geometric_mean_of_normalized_metrics",
        "performance": {
          "time_taken": 0.06639409065246582,
          "timeout": false
        }
      }
    },
    "treasure_monster_distribution": {
      "score": 0.36754446796632406,
      "detail": {
        "cv_treasure": 1.4142135623730951,
        "uniformity_treasure": 0.3675444679663241,
        "score": 0.36754446796632406,
        "cv_monster": 0.0,
        "uniformity_monster": 0.0,
        "avg_t2m_dist": 0.0,
        "proximity_score": 0.0,
        "note": "Only treasure distribution evaluated (no monsters found)"
      }
    },
    "aesthetic_balance": {
      "score": 0.8843076640846993,
      "detail": {
        "symmetry_ratio": 0.0,
        "uniformity_area": 0.8148041019321512,
        "uniformity_spacing": 0.9597399459631766,
        "score": 0.8843076640846993
      }
    }
  },
  "category_scores": {
    "structural": 0.6288832270563087,
    "gameplay": 0.36754446796632406,
    "aesthetic": 0.8843076640846993
  },
  "overall_score": 0.6269117863691107,
  "grade": "C",
  "details": {
    "accessibility": {
      "reachability_ratio": 1.0,
      "avg_path_length": 4.785714285714286,
      "path_variance": 7.254081632653061,
      "normalized": [
        1.0,
        0.564935064935065,
        0.9400489121268342
      ],
      "score": 0.8098097369584601
    },
    "degree_variance": {
      "raw_variance": 1.5555555555555556,
      "normalized_variance": 0.24888888888888888,
      "score": 0.7511111111111111,
      "degrees": [
        5,
        2,
        4,
        5,
        2,
        4
      ]
    },
    "door_distribution": {
      "cv": 0.4741017374566751,
      "avg_distance": 2.3782639962108543,
      "avg_entropy": 0.8198994367697291,
      "weights": [
        0.3333333333333333,
        0.3333333333333333,
        0.3333333333333333
      ],
      "normalized": [
        0.7629491312716624,
        0.04912259006617245,
        0.5914324257276712
      ],
      "score": 0.467834715688502,
      "debug": {
        "count": 133
      }
    },
    "dead_end_ratio": {
      "dead_end_ratio": 0.16666666666666666,
      "dead_end_count": 1,
      "total_rooms": 6,
      "dead_end_rooms": [
        "rect_33"
      ],
      "score": 0.8333333333333334
    },
    "key_path_length": {
      "raw_length": 6,
      "diameter": 11,
      "normalized_length": 0.5454545454545454,
      "branch_factor": 0.0,
      "score": 0.5454545454545454,
      "path": [
        "rect_0",
        "rect_7",
        "rect_9",
        "rect_12",
        "rect_15",
        "rect_22",
        "rect_25"
      ]
    },
    "loop_ratio": {
      "total_rooms": 70,
      "total_edges": 133,
      "connected_components": 1,
      "cyclomatic_number": 64,
      "loop_ratio": 0.9142857142857143,
      "sigmoid_loop_ratio": 0.4785845384732758,
      "algorithm": "Cyclomatic formula + Sigmoid normalization",