{
  "scores": {
    "accessibility": {
      "score": 0.7507317960219412,
      "detail": {
        "reachability_ratio": 1.0,
        "avg_path_length": 1.6,
        "path_variance": 0.8400000000000001,
        "normalized": [
          1.0,
          0.4666666666666666,
          0.9066666666666666
        ],
        "score": 0.7507317960219412
      }
    },
    "degree_variance": {
      "score": 0.0,
      "detail": {
        "raw_variance": 1.0,
        "normalized_variance": 1.0,
        "score": 0.0,
        "degrees": [
          4,
          2
        ]
      }
    },
    "door_distribution": {
      "score": 0.47127084301416317,
      "detail": {
        "cv": 0.4615384615384615,
        "avg_distance": 3.7389955864353888,
        "avg_entropy": 0.6222711986244597,
        "weights": [
          0.3333333333333333,
          0.3333333333333333,
          0.3333333333333333
        ],
        "normalized": [
          0.7692307692307693,
          0.19570797363995077,
          0.4488737861717696
        ],
        "score": 0.47127084301416317,
        "debug": {
          "count": 13
        }
      }
    },
    "dead_end_ratio": {
      "score": 0.5,
      "detail": {
        "dead_end_ratio": 0.5,
        "dead_end_count": 1,
        "total_rooms": 2,
        "dead_end_rooms": [
          "rect_5"
        ],
        "score": 0.5
      }
    },
    "key_path_length": {
      "score": 1.0,
      "detail": {
        "raw_length": 3,
        "diameter": 3,
        "normalized_length": 1.0,
        "branch_factor": 0.0,
        "score": 1.0,
        "path": [
          "rect_1",
          "rect_0",
          "rect_2",
          "rect_4"
        ]
      }
    },
    "loop_ratio": {
      "score": 0.35434369377420455,
      "detail": {
        "total_rooms": 10,
        "total_edges": 13,
        "connected_components": 1,
        "cyclomatic_number": 4,
        "loop_ratio": 0.4,
        "sigmoid_loop_ratio": 0.35434369377420455,
        "algorithm": "Cyclomatic formula + Sigmoid normalization",
        "note": "Direct calculation using E - V + C formula, then sigmoid mapping to [0,1]",
        "score_breakdown": {
          "raw_loop_ratio": 0.4,
          "sigmoid_loop_ratio": 0.35434369377420455,
          "final_score": 0.35434369377420455
        }
      }
    },
    "path_diversity": {
      "score": 0.19999999999999998,
      "detail": {
        "avg_path_diversity": 0.07902671631612981,
        "std_path_diversity": 0.15805343263225963,
        "max_path_diversity": 0.3951335815806491,
        "min_path_diversity": 0.0,
        "total_pairs_analyzed": 5,
        "rounds_completed": 3,
        "detailed_analysis": {
          "round_0": {
            "pairs_analyzed": 2,
            "avg_diversity": 0.19756679079032455
          },
          "round_1": {
            "pairs_analyzed": 1,
            "avg_diversity": 0.0
          },
          "round_3": {
            "pairs_analyzed": 2,
            "avg_diversity": 0.0
          }
        },
        "adaptive_params": {
          "num_walks": 10,
          "max_walk_length": 2,
          "graph_diameter": 2,
          "avg_degree": 2.6,
          "total_nodes": 10,
          "total_edges": 13
        },
        "algorithm": "Adaptive_random_walk_sampling",
        "sampling_strategy": "Multi-round (4 rounds, 3 pairs/round)",
        "normalization": "Robust_with_predefined_bounds",
        "fusion_method": "Geometric_mean_of_normalized_metrics",
        "performance": {
          "time_taken": 0.0004076957702636719,
          "timeout": false
        }
      }
    },
    "treasure_monster_distribution": {
      "score": 0.6546731227111248,
      "detail": {
        "cv_treasure": 0.0,
        "uniformity_treasure": 1.0,
        "score": 0.6546731227111248,
        "cv_monster": 1.0,
        "uniformity_monster": 0.0,
        "avg_t2m_dist": 5.714031023996647,
        "proximity_score": 0.42859689760033537
      }
    },
    "aesthetic_balance": {
      "score": 0.9258200997725515,
      "detail": {
        "symmetry_ratio": 0.0,
        "uniformity_area": 0.8571428571428572,
        "uniformity_spacing": 1.0,
        "score": 0.9258200997725515
      }
    }
  },
  "category_scores": {
    "structural": 0.4680494761157585,
    "gameplay": 0.6546731227111248,
    "aesthetic": 0.9258200997725515
  },
  "overall_score": 0.6828475661998115,
  "grade": "B",
  "details": {
    "accessibility": {
      "reachability_ratio": 1.0,
      "avg_path_length": 1.6,
      "path_variance": 0.8400000000000001,
      "normalized": [
        1.0,
        0.4666666666666666,
        0.9066666666666666
      ],
      "score": 0.7507317960219412
    },
    "degree_variance": {
      "raw_variance": 1.0,
      "normalized_variance": 1.0,
      "score": 0.0,
      "degrees": [
        4,
        2
      ]
    },
    "door_distribution": {
      "cv": 0.4615384615384615,
      "avg_distance": 3.7389955864353888,
      "avg_entropy": 0.6222711986244597,
      "weights": [
        0.3333333333333333,
        0.3333333333333333,
        0.3333333333333333
      ],
      "normalized": [
        0.7692307692307693,
        0.19570797363995077,
        0.4488737861717696
      ],
      "score": 0.47127084301416317,
      "debug": {
        "count": 13
      }
    },
    "dead_end_ratio": {
      "dead_end_ratio": 0.5,
      "dead_end_count": 1,
      "total_rooms": 2,
      "dead_end_rooms": [
        "rect_5"
      ],
      "score": 0.5
    },
    "key_path_length": {
      "raw_length": 3,
      "diameter": 3,
      "normalized_length": 1.0,
      "branch_factor": 0.0,
      "score": 1.0,
      "path": [
        "rect_1",
        "rect_0",
        "rect_2",
        "rect_4"
      ]
    },
    "loop_ratio": {
      "total_rooms": 10,
      "total_edges": 13,
      "connected_components": 1,
      "cyclomatic_number": 4,
      "loop_ratio": 0.4,
      "sigmoid_loop_ratio": 0.35434369377420455,
      "algorithm": "Cyclomatic formula + Sigmoid normalization",
      "note": "Direct calculation using E - V + C formula, then sigmoid mapping to [0,1]",
      "score_breakdown": {
        "raw_loop_ratio": 0.4,
        "sigmoid_loop_ratio": 0.35434369377420455,
        "final_score": 0.35434369377420455
      }
    },
    "path_diversity": {
      "avg_path_diversity": 0.07902671631612981,
      "std_path_diversity": 0.15805343263225963,
      "max_path_diversity": 0.3951335815806491,
      "min_path_diversity": 0.0,
      "total_pairs_analyzed": 5,
      "rounds_completed": 3,
      "detailed_analysis": {
        "round_0": {
          "pairs_analyzed": 2,
          "avg_diversity": 0.19756679079032455
        },
        "round_1": {
          "pairs_analyzed": 1,
          "avg_diversity": 0.0
        },
        "round_3": {
          "pairs_analyzed": 2,
          "avg_diversity": 0.0
        }
      },
      "adaptive_params": {
        "num_walks": 10,
        "max_walk_length": 2,
        "graph_diameter": 2,
        "avg_degree": 2.6,
        "total_nodes": 10,
        "total_edges": 13
      },
      "algorithm": "Adaptive_random_walk_sampling",
      "sampling_strategy": "Multi-round (4 rounds, 3 pairs/round)",
      "normalization": "Robust_with_predefined_bounds",
      "fusion_method": "Geometric_mean_of_normalized_metrics",
      "performance": {
        "time_taken": 0.0004076957702636719,
        "timeout": false
      }
    },
    "treasure_monster_distribution": {
      "cv_treasure": 0.0,
      "uniformity_treasure": 1.0,
      "score": 0.6546731227111248,
      "cv_monster": 1.0,
      "uniformity_monster": 0.0,
      "avg_t2m_dist": 5.714031023996647,
      "proximity_score": 0.42859689760033537
    },
    "aesthetic_balance": {
      "symmetry_ratio": 0.0,
      "uniformity_area": 0.8571428571428572,
      "uniformity_spacing": 1.0,
      "score": 0.9258200997725515
    }
  },