{
  "scores": {
    "accessibility": {
      "score": 0.8319089359156892,
      "detail": {
        "reachability_ratio": 1.0,
        "avg_path_length": 3.52,
        "path_variance": 4.4096,
        "normalized": [
          1.0,
          0.6088888888888889,
          0.9455604938271605
        ],
        "score": 0.8319089359156892
      }
    },
    "degree_variance": {
      "score": 0.0,
      "detail": {
        "raw_variance": 4.1875,
        "normalized_variance": 1.0,
        "score": 0.0,
        "degrees": [
          7,
          2,
          2,
          4
        ]
      }
    },
    "door_distribution": {
      "score": 0.461714759243568,
      "detail": {
        "cv": 0.4561333751816801,
        "avg_distance": 2.279389107846601,
        "avg_entropy": 0.781879173055599,
        "weights": [
          0.3333333333333333,
          0.3333333333333333,
          0.3333333333333333
        ],
        "normalized": [
          0.77193331240916,
          0.04920436255070587,
          0.5640066027708381
        ],
        "score": 0.461714759243568,
        "debug": {
          "count": 92
        }
      }
    },
    "dead_end_ratio": {
      "score": 0.5,
      "detail": {
        "dead_end_ratio": 0.5,
        "dead_end_count": 2,
        "total_rooms": 4,
        "dead_end_rooms": [
          "rect_24",
          "rect_48"
        ],
        "score": 0.5
      }
    },
    "key_path_length": {
      "score": 0.5555555555555556,
      "detail": {
        "raw_length": 5,
        "diameter": 9,
        "normalized_length": 0.5555555555555556,
        "branch_factor": 0.0,
        "score": 0.5555555555555556,
        "path": [
          "rect_0",
          "rect_3",
          "rect_7",
          "rect_10",
          "rect_13",
          "rect_21"
        ]
      }
    },
    "loop_ratio": {
      "score": 0.4650570548417855,
      "detail": {
        "total_rooms": 50,
        "total_edges": 92,
        "connected_components": 1,
        "cyclomatic_number": 43,
        "loop_ratio": 0.86,
        "sigmoid_loop_ratio": 0.4650570548417855,
        "algorithm": "Cyclomatic formula + Sigmoid normalization",
        "note": "Direct calculation using E - V + C formula, then sigmoid mapping to [0,1]",
        "score_breakdown": {
          "raw_loop_ratio": 0.86,
          "sigmoid_loop_ratio": 0.4650570548417855,
          "final_score": 0.4650570548417855
        }
      }
    },
    "path_diversity": {
      "score": 0.4901048797712137,
      "detail": {
        "avg_path_diversity": 0.32550409948409276,
        "std_path_diversity": 0.1825575062843621,
        "max_path_diversity": 0.6641519252696313,
        "min_path_diversity": 0.0,
        "total_pairs_analyzed": 51,
        "rounds_completed": 11,
        "detailed_analysis": {
          "round_0": {
            "pairs_analyzed": 6,
            "avg_diversity": 0.17949533101975812
          },
          "round_1": {
            "pairs_analyzed": 6,
            "avg_diversity": 0.22243484774645836
          },
          "round_2": {
            "pairs_analyzed": 5,
            "avg_diversity": 0.4208583883567483
          },
          "round_3": {
            "pairs_analyzed": 1,
            "avg_diversity": 0.3670879674967416
          },
          "round_4": {
            "pairs_analyzed": 6,
            "avg_diversity": 0.3644106701471441
          },
          "round_5": {
            "pairs_analyzed": 4,
            "avg_diversity": 0.41854144723353653
          },
          "round_6": {
            "pairs_analyzed": 5,
            "avg_diversity": 0.3144500181008941
          },
          "round_7": {
            "pairs_analyzed": 5,
            "avg_diversity": 0.40099526198293445
          },
          "round_8": {
            "pairs_analyzed": 4,
            "avg_diversity": 0.30209083123064656
          },
          "round_9": {
            "pairs_analyzed": 5,
            "avg_diversity": 0.31303988608037114
          },
          "round_10": {
            "pairs_analyzed": 4,
            "avg_diversity": 0.3765822815625881
          }
        },
        "adaptive_params": {
          "num_walks": 50,
          "max_walk_length": 8,
          "graph_diameter": 8,
          "avg_degree": 3.68,
          "total_nodes": 50,
          "total_edges": 92
        },
        "algorithm": "Adaptive_random_walk_sampling",
        "sampling_strategy": "Multi-round (11 rounds, 8 pairs/round)",
        "normalization": "Robust_with_predefined_bounds",
        "fusion_method": "Geometric_mean_of_normalized_metrics",
        "performance": {
          "time_taken": 0.021597862243652344,
          "timeout": false
        }
      }
    },
    "treasure_monster_distribution": {
      "score": 0.4560476639766109,
      "detail": {
        "cv_treasure": 1.0,
        "uniformity_treasure": 0.42264973081037416,
        "score": 0.4560476639766109,
        "cv_monster": 1.7320508075688772,
        "uniformity_monster": 0.0,
        "avg_t2m_dist": 15.15256957717368,
        "proximity_score": 0.4920847137882971
      }
    },
    "aesthetic_balance": {
      "score": 0.7659272801766249,
      "detail": {
        "symmetry_ratio": 0.0,
        "uniformity_area": 0.735376137633015,
        "uniformity_spacing": 0.797747667482139,
        "score": 0.7659272801766249
      }
    }
  },
  "category_scores": {
    "structural": 0.47204874076111614,
    "gameplay": 0.4560476639766109,
    "aesthetic": 0.7659272801766249
  },
  "overall_score": 0.5646745616381172,
  "grade": "C",
  "details": {
    "accessibility": {
      "reachability_ratio": 1.0,
      "avg_path_length": 3.52,
      "path_variance": 4.4096,
      "normalized": [
        1.0,
        0.6088888888888889,
        0.9455604938271605
      ],
      "score": 0.8319089359156892
    },
    "degree_variance": {
      "raw_variance": 4.1875,
      "normalized_variance": 1.0,
      "score": 0.0,
      "degrees": [
        7,
        2,
        2,
        4
      ]
    },
    "door_distribution": {
      "cv": 0.4561333751816801,
      "avg_distance": 2.279389107846601,
      "avg_entropy": 0.781879173055599,
      "weights": [
        0.3333333333333333,
        0.3333333333333333,
        0.3333333333333333
      ],
      "normalized": [
        0.77193331240916,
        0.04920436255070587,
        0.5640066027708381
      ],
      "score": 0.461714759243568,
      "debug": {
        "count": 92
      }
    },
    "dead_end_ratio": {
      "dead_end_ratio": 0.5,
      "dead_end_count": 2,
      "total_rooms": 4,
      "dead_end_rooms": [
        "rect_24",
        "rect_48"
      ],
      "score": 0.5
    },
    "key_path_length": {
      "raw_length": 5,
      "diameter": 9,
      "normalized_length": 0.5555555555555556,
      "branch_factor": 0.0,
      "score": 0.5555555555555556,
      "path": [
        "rect_0",
        "rect_3",
        "rect_7",
        "rect_10",
        "rect_13",
        "rect_21"
      ]
    },
    "loop_ratio": {
      "total_rooms": 50,
      "total_edges": 92,
      "connected_components": 1,
      "cyclomatic_number": 43,
      "loop_ratio": 0.86,
      "sigmoid_loop_ratio": 0.4650570548417855,
      "algorithm": "Cyclomatic formula + Sigmoid normalization",
      "note": "Direct calculation using E - V + C formula, then sigmoid mapping to [0,1]",
      "score_breakdown": {
        "raw_loop_ratio": 0.86,
        "sigmoid_loop_ratio": 0.4650570548417855,
        "final_score": 0.4650570548417855
      }
    },
    "path_diversity": {
      "avg_path_diversity": 0.32550409948409276,
      "std_path_diversity": 0.1825575062843621,
      "max_path_diversity": 0.6641519252696313,
      "min_path_diversity": 0.0,
      "total_pairs_analyzed": 51,
      "rounds_completed": 11,
      "detailed_analysis": {
        "round_0": {
          "pairs_analyzed": 6,
          "avg_diversity": 0.17949533101975812
        },
        "round_1": {
          "pairs_analyzed": 6,