{
  "scores": {
    "accessibility": {
      "score": 0.701272281297792,
      "detail": {
        "reachability_ratio": 1.0,
        "avg_path_length": 6.62962962962963,
        "path_variance": 8.257887517146777,
        "normalized": [
          1.0,
          0.44753086419753085,
          0.7706142356348118
        ],
        "score": 0.701272281297792
      }
    },
    "degree_variance": {
      "score": 0.9923563703337757,
      "detail": {
        "raw_variance": 6.138393537570492,
        "normalized_variance": 0.0038364959609815574,
        "score": 0.9923563703337757,
        "degrees": [
          6,
          5,
          5,
          6,
          12,
          7,
          4,
          10,
          7,
          3,
          16,
          6,
          6,
          6,
          7,
          3,
          6,
          6,
          6,
          4,
          5,
          7,
          7,
          6,
          4,
          6,
          8,
          3,
          6,
          5,
          5,
          4,
          8,
          4,
          4,
          5,
          4,
          3,
          1,
          2,
          3,
          2,
          2,
          3,
          3,
          3,
          3,
          2,
          2,
          2,
          3,
          4,
          2,
          2,
          2,
          3,
          3,
          2,
          2,
          2,
          3,
          4,
          3,
          2,
          2,
          3,
          2,
          2,
          2,
          3,
          3,
          2,
          2,
          2,
          3,
          3,
          1,
          2,
          3,
          2,
          5
        ],
        "max_variance": 1600.0,
        "room_count": 81,
        "mean_degree": 4.098765432098766
      }
    },
    "door_distribution": {
      "score": 0.481395798985906,
      "detail": {
        "cv": 0.6044693702955426,
        "avg_distance": 2.901521916541232,
        "avg_entropy": 0.7790352852278117,
        "weights": [
          0.3333333333333333,
          0.3333333333333333,
          0.3333333333333333
        ],
        "normalized": [
          0.6977653148522287,
          0.18446691076764785,
          0.5619551713378416
        ],
        "score": 0.481395798985906,
        "debug": {
          "count": 166
        }
      }
    },
    "dead_end_ratio": {
      "score": 0.9753086419753086,
      "detail": {
        "dead_end_ratio": 0.024691358024691357,
        "dead_end_count": 2,
        "total_rooms": 81,
        "dead_end_rooms": [
          "room_38",
          "room_76"
        ],
        "score": 0.9753086419753086
      }
    },
    "key_path_length": {
      "score": 0.18887560283756183,
      "detail": {
        "raw_length": 10,
        "diameter": 12,
        "normalized_length": 0.8333333333333334,
        "score": 0.18887560283756183,
        "path": [
          "room_0",
          "room_2",
          "room_3",
          "room_4",
          "room_5",
          "room_9",
          "room_17",
          "room_20",
          "room_22",
          "room_26",
          "room_35"
        ],
        "entrance": "room_0",
        "exit": "room_35"
      }
    },
    "loop_ratio": {
      "score": 0.8485735571114974,
      "detail": {
        "total_rooms": 81,
        "total_edges": 166,
        "connected_components": 1,
        "cyclomatic_number": 86,
        "loop_ratio": 1.0617283950617284,
        "sigmoid_loop_ratio": 0.8485735571114974,
        "algorithm": "Cyclomatic formula + Sigmoid normalization",
        "note": "Direct calculation using E - V + C formula, then sigmoid mapping to [0,1]",
        "score_breakdown": {
          "raw_loop_ratio": 1.0617283950617284,
          "sigmoid_loop_ratio": 0.8485735571114974,
          "final_score": 0.8485735571114974
        }
      }
    },
    "path_diversity": {
      "score": 0.399876602909006,
      "detail": {
        "avg_path_diversity": 0.31990128232720483,
        "std_path_diversity": 0.18869213835894705,
        "max_path_diversity": 0.8,
        "min_path_diversity": 0.0,
        "total_pairs_analyzed": 57,
        "rounds_completed": 13,
        "detailed_analysis": {
          "round_0": {
            "pairs_analyzed": 5,
            "avg_diversity": 0.3483211354828559
          },
          "round_1": {
            "pairs_analyzed": 6,
            "avg_diversity": 0.3309266989988349
          },
          "round_2": {
            "pairs_analyzed": 2,
            "avg_diversity": 0.3797275812363706
          },
          "round_3": {
            "pairs_analyzed": 5,
            "avg_diversity": 0.26692891474909153
          },
          "round_4": {
            "pairs_analyzed": 4,
            "avg_diversity": 0.4023577742308353
          },
          "round_5": {
            "pairs_analyzed": 5,
            "avg_diversity": 0.33124089164599624
          },
          "round_6": {
            "pairs_analyzed": 4,
            "avg_diversity": 0.37092561066904145
          },
          "round_7": {
            "pairs_analyzed": 4,
            "avg_diversity": 0.33797889197602116
          },
          "round_8": {
            "pairs_analyzed": 4,
            "avg_diversity": 0.342479339771036
          },
          "round_9": {
            "pairs_analyzed": 3,
            "avg_diversity": 0.30014803877266427
          },
          "round_10": {
            "pairs_analyzed": 5,
            "avg_diversity": 0.3746551964872835
          },
          "round_11": {
            "pairs_analyzed": 5,
            "avg_diversity": 0.18161925316182354
          },
          "round_12": {
            "pairs_analyzed": 5,
            "avg_diversity": 0.2520240391287877
          }
        },
        "adaptive_params": {
          "num_walks": 81,
          "max_walk_length": 12,
          "graph_diameter": 12,
          "avg_degree": 4.098765432098766,
          "total_nodes": 81,
          "total_edges": 166
        },
        "algorithm": "Adaptive_random_walk_sampling",
        "sampling_strategy": "Multi-round (13 rounds, 6 pairs/round)",
        "normalization": "Robust_with_predefined_bounds",
        "fusion_method": "Geometric_mean_of_normalized_metrics",
        "performance": {
          "time_taken": 0.07679629325866699,
          "timeout": false
        }
      }
    },
    "treasure_monster_distribution": {
      "score": 0.0,
      "detail": {
        "reason": "No treasures found"
      }
    },
    "geometric_balance": {
      "score": 0.4270506239209697,
      "detail": {
        "symmetry_ratio": 0.09876543209876543,
        "uniformity_area": 0.8100421510571358,
        "uniformity_spacing": 0.9734765532654549,
        "score": 0.4270506239209697
      }
    }
  },
  "category_scores": {
    "structural": 0.6553798364929784,
    "gameplay": 0.0,
    "aesthetic": 0.4270506239209697
  },
  "overall_score": 0.360810153471316,
  "grade": "D",
  "details": {
    "accessibility": {
      "reachability_ratio": 1.0,
      "avg_path_length": 6.62962962962963,
      "path_variance": 8.257887517146777,
      "normalized": [
        1.0,
        0.44753086419753085,
        0.7706142356348118
      ],
      "score": 0.701272281297792
    },
    "degree_variance": {
      "raw_variance": 6.138393537570492,
      "normalized_variance": 0.0038364959609815574,
      "score": 0.9923563703337757,