{
  "scores": {
    "accessibility": {
      "score": 0.7430528586490549,
      "detail": {
        "reachability_ratio": 1.0,
        "avg_path_length": 3.381818181818182,
        "path_variance": 2.5269421487603303,
        "normalized": [
          1.0,
          0.5168831168831168,
          0.7937190082644628
        ],
        "score": 0.7430528586490549
      }
    },
    "degree_variance": {
      "score": 0.9872255568226725,
      "detail": {
        "raw_variance": 4.686280991735537,
        "normalized_variance": 0.0064283689872915465,
        "score": 0.9872255568226725,
        "degrees": [
          6,
          6,
          13,
          6,
          4,
          5,
          7,
          4,
          4,
          6,
          5,
          6,
          2,
          4,
          8,
          4,
          6,
          6,
          7,
          3,
          5,
          2,
          3,
          2,
          3,
          3,
          1,
          2,
          2,
          2,
          2,
          2,
          2,
          2,
          2,
          2,
          3,
          4,
          2,
          2,
          2,
          2,
          2,
          2,
          3,
          2,
          3,
          2,
          3,
          2,
          2,
          2,
          2,
          1,
          2
        ],
        "max_variance": 729.0,
        "room_count": 55,
        "mean_degree": 3.4909090909090907
      }
    },
    "door_distribution": {
      "score": 0.4881829935768267,
      "detail": {
        "cv": 0.6201198360890506,
        "avg_distance": 3.8015249655931327,
        "avg_entropy": 0.7437771700509161,
        "weights": [
          0.3333333333333333,
          0.3333333333333333,
          0.3333333333333333
        ],
        "normalized": [
          0.6899400819554746,
          0.23808708139556348,
          0.536521817379442
        ],
        "score": 0.4881829935768267,
        "debug": {
          "count": 96
        }
      }
    },
    "dead_end_ratio": {
      "score": 0.9636363636363636,
      "detail": {
        "dead_end_ratio": 0.03636363636363636,
        "dead_end_count": 2,
        "total_rooms": 55,
        "dead_end_rooms": [
          "room_26",
          "room_53"
        ],
        "score": 0.9636363636363636
      }
    },
    "key_path_length": {
      "score": 0.31890655732397044,
      "detail": {
        "raw_length": 4,
        "diameter": 7,
        "normalized_length": 0.5714285714285714,
        "score": 0.31890655732397044,
        "path": [
          "room_0",
          "room_2",
          "room_10",
          "room_15",
          "room_19"
        ],
        "entrance": "room_0",
        "exit": "room_19"
      }
    },
    "loop_ratio": {
      "score": 0.7553352394612478,
      "detail": {
        "total_rooms": 55,
        "total_edges": 96,
        "connected_components": 1,
        "cyclomatic_number": 42,
        "loop_ratio": 0.7636363636363637,
        "sigmoid_loop_ratio": 0.7553352394612478,
        "algorithm": "Cyclomatic formula + Sigmoid normalization",
        "note": "Direct calculation using E - V + C formula, then sigmoid mapping to [0,1]",
        "score_breakdown": {
          "raw_loop_ratio": 0.7636363636363637,
          "sigmoid_loop_ratio": 0.7553352394612478,
          "final_score": 0.7553352394612478
        }
      }
    },
    "path_diversity": {
      "score": 0.4700243506880169,
      "detail": {
        "avg_path_diversity": 0.25824674911692935,
        "std_path_diversity": 0.1711889904644667,
        "max_path_diversity": 0.5494327022395975,
        "min_path_diversity": 0.0,
        "total_pairs_analyzed": 49,
        "rounds_completed": 10,
        "detailed_analysis": {
          "round_0": {
            "pairs_analyzed": 6,
            "avg_diversity": 0.2308731639612336
          },
          "round_1": {
            "pairs_analyzed": 6,
            "avg_diversity": 0.256917764167795
          },
          "round_2": {
            "pairs_analyzed": 4,
            "avg_diversity": 0.1736090774590504
          },
          "round_3": {
            "pairs_analyzed": 5,
            "avg_diversity": 0.26847209760058166
          },
          "round_4": {
            "pairs_analyzed": 6,
            "avg_diversity": 0.24826290793786757
          },
          "round_5": {
            "pairs_analyzed": 4,
            "avg_diversity": 0.275690408301352
          },
          "round_6": {
            "pairs_analyzed": 3,
            "avg_diversity": 0.3122803707735986
          },
          "round_7": {
            "pairs_analyzed": 5,
            "avg_diversity": 0.3365568073365939
          },
          "round_8": {
            "pairs_analyzed": 5,
            "avg_diversity": 0.2543902219873733
          },
          "round_9": {
            "pairs_analyzed": 5,
            "avg_diversity": 0.24132660006860224
          }
        },
        "adaptive_params": {
          "num_walks": 55,
          "max_walk_length": 8,
          "graph_diameter": 8,
          "avg_degree": 3.4909090909090907,
          "total_nodes": 55,
          "total_edges": 96
        },
        "algorithm": "Adaptive_random_walk_sampling",
        "sampling_strategy": "Multi-round (10 rounds, 7 pairs/round)",
        "normalization": "Robust_with_predefined_bounds",
        "fusion_method": "Geometric_mean_of_normalized_metrics",
        "performance": {
          "time_taken": 0.028572797775268555,
          "timeout": false
        }
      }
    },
    "treasure_monster_distribution": {
      "score": 0.8461538461538461,
      "detail": {
        "cv_treasure": 1.13053372743839,
        "uniformity_treasure": 0.8461538461538461,
        "score": 0.8461538461538461,
        "cv_monster": 0.0,
        "uniformity_monster": 0.0,
        "avg_t2m_dist": 0.0,
        "proximity_score": 0.0,
        "note": "Only treasure distribution evaluated (no monsters found)"
      }
    },
    "geometric_balance": {
      "score": 0.2996893706023339,
      "detail": {
        "symmetry_ratio": 0.03636363636363636,
        "uniformity_area": 0.7688496895475228,
        "uniformity_spacing": 0.9627316939889803,
        "score": 0.2996893706023339
      }
    }
  },
  "category_scores": {
    "structural": 0.6751948457368789,
    "gameplay": 0.8461538461538461,
    "aesthetic": 0.2996893706023339
  },
  "overall_score": 0.6070126874976863,
  "grade": "C",
  "details": {
    "accessibility": {
      "reachability_ratio": 1.0,
      "avg_path_length": 3.381818181818182,
      "path_variance": 2.5269421487603303,
      "normalized": [
        1.0,
        0.5168831168831168,
        0.7937190082644628
      ],
      "score": 0.7430528586490549
    },
    "degree_variance": {
      "raw_variance": 4.686280991735537,
      "normalized_variance": 0.0064283689872915465,
      "score": 0.9872255568226725,
      "degrees": [
        6,
        6,
        13,
        6,
        4,
        5,
        7,
        4,
        4,
        6,
        5,
        6,
        2,
        4,
        8,
        4,
        6,
        6,
        7,
        3,
        5,
        2,
        3,
        2,
        3,
        3,
        1,
        2,
        2,
        2,
        2,
        2,
        2,
        2,
        2,
        2,
        3,
        4,
        2,
        2,
        2,
        2,
        2,
        2,
        3,
        2,
        3,
        2,
        3,
        2,
        2,
        2,
        2,
        1,
        2
      ],
      "max_variance": 729.0,
      "room_count": 55,
      "mean_degree": 3.4909090909090907
    },
    "door_distribution": {
      "cv": 0.6201198360890506,
      "avg_distance": 3.8015249655931327,
      "avg_entropy": 0.7437771700509161,
      "weights": [
        0.3333333333333333,
        0.3333333333333333,
        0.3333333333333333
      ],
      "normalized": [
        0.6899400819554746,
        0.23808708139556348,
        0.536521817379442
      ],