{
  "scores": {
    "accessibility": {
      "score": 0.7435482196912971,
      "detail": {
        "reachability_ratio": 1.0,
        "avg_path_length": 4.483333333333333,
        "path_variance": 4.149722222222222,
        "normalized": [
          1.0,
          0.4395833333333333,
          0.9351605902777778
        ],
        "score": 0.7435482196912971
      }
    },
    "degree_variance": {
      "score": 0.988287081654352,
      "detail": {
        "raw_variance": 5.126666666666667,
        "normalized_variance": 0.0058910274825241795,
        "score": 0.988287081654352,
        "degrees": [
          4,
          6,
          11,
          7,
          5,
          7,
          7,
          4,
          3,
          9,
          9,
          7,
          8,
          4,
          8,
          5,
          6,
          5,
          5,
          4,
          5,
          4,
          4,
          5,
          2,
          7,
          2,
          4,
          1,
          2,
          2,
          2,
          2,
          2,
          2,
          2,
          2,
          2,
          3,
          2,
          4,
          3,
          2,
          2,
          3,
          3,
          3,
          2,
          2,
          2,
          2,
          2,
          2,
          2,
          2,
          2,
          3,
          2,
          2,
          2
        ],
        "max_variance": 870.25,
        "room_count": 60,
        "mean_degree": 3.8
      }
    },
    "door_distribution": {
      "score": 0.5183686842078488,
      "detail": {
        "cv": 0.5958458841312876,
        "avg_distance": 3.996143564832903,
        "avg_entropy": 0.780708575672024,
        "weights": [
          0.3333333333333333,
          0.3333333333333333,
          0.3333333333333333
        ],
        "normalized": [
          0.7020770579343563,
          0.2898667994384324,
          0.5631621952507575
        ],
        "score": 0.5183686842078488,
        "debug": {
          "count": 114
        }
      }
    },
    "dead_end_ratio": {
      "score": 0.9833333333333333,
      "detail": {
        "dead_end_ratio": 0.016666666666666666,
        "dead_end_count": 1,
        "total_rooms": 60,
        "dead_end_rooms": [
          "room_28"
        ],
        "score": 0.9833333333333333
      }
    },
    "key_path_length": {
      "score": 0.17377394345044514,
      "detail": {
        "raw_length": 7,
        "diameter": 8,
        "normalized_length": 0.875,
        "score": 0.17377394345044514,
        "path": [
          "room_0",
          "room_1",
          "room_2",
          "room_23",
          "room_20",
          "room_14",
          "room_21",
          "room_24"
        ],
        "entrance": "room_0",
        "exit": "room_24"
      }
    },
    "loop_ratio": {
      "score": 0.8074201564513485,
      "detail": {
        "total_rooms": 60,
        "total_edges": 114,
        "connected_components": 1,
        "cyclomatic_number": 55,
        "loop_ratio": 0.9166666666666666,
        "sigmoid_loop_ratio": 0.8074201564513485,
        "algorithm": "Cyclomatic formula + Sigmoid normalization",
        "note": "Direct calculation using E - V + C formula, then sigmoid mapping to [0,1]",
        "score_breakdown": {
          "raw_loop_ratio": 0.9166666666666666,
          "sigmoid_loop_ratio": 0.8074201564513485,
          "final_score": 0.8074201564513485
        }
      }
    },
    "path_diversity": {
      "score": 0.4858718073231121,
      "detail": {
        "avg_path_diversity": 0.32923891226288593,
        "std_path_diversity": 0.20077990001493307,
        "max_path_diversity": 0.677625059327505,
        "min_path_diversity": 0.0,
        "total_pairs_analyzed": 62,
        "rounds_completed": 9,
        "detailed_analysis": {
          "round_0": {
            "pairs_analyzed": 8,
            "avg_diversity": 0.3243388628162184
          },
          "round_1": {
            "pairs_analyzed": 7,
            "avg_diversity": 0.37608372838551735
          },
          "round_2": {
            "pairs_analyzed": 7,
            "avg_diversity": 0.28601998745553187
          },
          "round_3": {
            "pairs_analyzed": 4,
            "avg_diversity": 0.39316525257541135
          },
          "round_4": {
            "pairs_analyzed": 7,
            "avg_diversity": 0.3135897803079235
          },
          "round_5": {
            "pairs_analyzed": 8,
            "avg_diversity": 0.2912166903218857
          },
          "round_6": {
            "pairs_analyzed": 8,
            "avg_diversity": 0.3302760674568819
          },
          "round_7": {
            "pairs_analyzed": 6,
            "avg_diversity": 0.24731225647407526
          },
          "round_8": {
            "pairs_analyzed": 7,
            "avg_diversity": 0.42282436762144787
          }
        },
        "adaptive_params": {
          "num_walks": 60,
          "max_walk_length": 9,
          "graph_diameter": 9,
          "avg_degree": 3.8,
          "total_nodes": 60,
          "total_edges": 114
        },
        "algorithm": "Adaptive_random_walk_sampling",
        "sampling_strategy": "Multi-round (9 rounds, 8 pairs/round)",
        "normalization": "Robust_with_predefined_bounds",
        "fusion_method": "Geometric_mean_of_normalized_metrics",
        "performance": {
          "time_taken": 0.062348127365112305,
          "timeout": false
        }
      }
    },
    "treasure_monster_distribution": {
      "score": 0.0,
      "detail": {
        "reason": "No treasures found"
      }
    },
    "geometric_balance": {
      "score": 0.5342833049130018,
      "detail": {
        "symmetry_ratio": 0.2,
        "uniformity_area": 0.7873576573458093,
        "uniformity_spacing": 0.9685292920334828,
        "score": 0.5342833049130018
      }
    }
  },
  "category_scores": {
    "structural": 0.6715147465873911,
    "gameplay": 0.0,
    "aesthetic": 0.5342833049130018
  },
  "overall_score": 0.40193268383346425,
  "grade": "D",
  "details": {
    "accessibility": {
      "reachability_ratio": 1.0,
      "avg_path_length": 4.483333333333333,
      "path_variance": 4.149722222222222,
      "normalized": [
        1.0,
        0.4395833333333333,
        0.9351605902777778
      ],
      "score": 0.7435482196912971
    },
    "degree_variance": {
      "raw_variance": 5.126666666666667,
      "normalized_variance": 0.0058910274825241795,
      "score": 0.988287081654352,
      "degrees": [
        4,
        6,
        11,
        7,
        5,
        7,
        7,
        4,
        3,
        9,
        9,
        7,
        8,
        4,
        8,
        5,
        6,
        5,
        5,
        4,
        5,
        4,
        4,
        5,
        2,
        7,
        2,
        4,
        1,
        2,
        2,
        2,
        2,
        2,
        2,
        2,
        2,
        2,
        3,
        2,
        4,
        3,
        2,
        2,
        3,
        3,
        3,
        2,
        2,
        2,
        2,
        2,
        2,
        2,
        2,
        2,
        3,
        2,
        2,
        2
      ],
      "max_variance": 870.25,
      "room_count": 60,
      "mean_degree": 3.8
    },
    "door_distribution": {
      "cv": 0.5958458841312876,
      "avg_distance": 3.996143564832903,
      "avg_entropy": 0.780708575672024,
      "weights": [
        0.3333333333333333,
        0.3333333333333333,
        0.3333333333333333
      ],
      "normalized": [
        0.7020770579343563,
        0.2898667994384324,
        0.5631621952507575
      ],
      "score": 0.5183686842078488,
      "debug": {
        "count": 114
      }
    },
    "dead_end_ratio": {
      "dead_end_ratio": 0.016666666666666666,
      "dead_end_count": 1,
      "total_rooms": 60,
      "dead_end_rooms": [
        "room_28"
      ],
      "score": 0.9833333333333333
    },
    "key_path_length": {
      "raw_length": 7,
      "diameter": 8,