{
  "scores": {
    "accessibility": {
      "score": 0.7373059771961145,
      "detail": {
        "reachability_ratio": 1.0,
        "avg_path_length": 7.508333333333334,
        "path_variance": 8.649930555555555,
        "normalized": [
          1.0,
          0.4224358974358974,
          0.9488169789612098
        ],
        "score": 0.7373059771961145
      }
    },
    "degree_variance": {
      "score": 0.9958588599397564,
      "detail": {
        "raw_variance": 7.345555555555555,
        "normalized_variance": 0.0020748691633516152,
        "score": 0.9958588599397564,
        "degrees": [
          3,
          6,
          5,
          16,
          5,
          5,
          14,
          6,
          5,
          5,
          5,
          4,
          5,
          11,
          15,
          10,
          7,
          8,
          4,
          4,
          4,
          2,
          6,
          7,
          8,
          7,
          9,
          6,
          6,
          6,
          7,
          6,
          4,
          4,
          5,
          5,
          2,
          4,
          6,
          4,
          8,
          5,
          2,
          9,
          6,
          9,
          5,
          4,
          8,
          5,
          10,
          5,
          5,
          6,
          2,
          5,
          3,
          1,
          2,
          3,
          2,
          2,
          2,
          2,
          3,
          3,
          3,
          3,
          3,
          3,
          2,
          2,
          2,
          3,
          2,
          2,
          2,
          3,
          2,
          4,
          3,
          3,
          2,
          3,
          3,
          2,
          4,
          3,
          3,
          3,
          3,
          4,
          3,
          3,
          2,
          2,
          2,
          4,
          5,
          2,
          2,
          2,
          2,
          3,
          2,
          3,
          4,
          2,
          2,
          2,
          3,
          2,
          3,
          2,
          2,
          3,
          3,
          3,
          2,
          2
        ],
        "max_variance": 3540.25,
        "room_count": 120,
        "mean_degree": 4.266666666666667
      }
    },
    "door_distribution": {
      "score": 0.5039410305976354,
      "detail": {
        "cv": 0.635219188917298,
        "avg_distance": 2.9108561983722434,
        "avg_entropy": 0.8053538957757355,
        "weights": [
          0.3333333333333333,
          0.3333333333333333,
          0.3333333333333333
        ],
        "normalized": [
          0.682390405541351,
          0.24849265045342486,
          0.5809400357981304
        ],
        "score": 0.5039410305976354,
        "debug": {
          "count": 256
        }
      }
    },
    "dead_end_ratio": {
      "score": 0.9916666666666667,
      "detail": {
        "dead_end_ratio": 0.008333333333333333,
        "dead_end_count": 1,
        "total_rooms": 120,
        "dead_end_rooms": [
          "room_57"
        ],
        "score": 0.9916666666666667
      }
    },
    "key_path_length": {
      "score": 0.18409420065330417,
      "detail": {
        "raw_length": 11,
        "diameter": 13,
        "normalized_length": 0.8461538461538461,
        "score": 0.18409420065330417,
        "path": [
          "room_0",
          "room_1",
          "room_2",
          "room_3",
          "room_6",
          "room_13",
          "room_30",
          "room_41",
          "room_45",
          "room_49",
          "room_51",
          "room_54"
        ],
        "entrance": "room_0",
        "exit": "room_54"
      }
    },
    "loop_ratio": {
      "score": 0.8679935310489292,
      "detail": {
        "total_rooms": 120,
        "total_edges": 256,
        "connected_components": 1,
        "cyclomatic_number": 137,
        "loop_ratio": 1.1416666666666666,
        "sigmoid_loop_ratio": 0.8679935310489292,
        "algorithm": "Cyclomatic formula + Sigmoid normalization",
        "note": "Direct calculation using E - V + C formula, then sigmoid mapping to [0,1]",
        "score_breakdown": {
          "raw_loop_ratio": 1.1416666666666666,
          "sigmoid_loop_ratio": 0.8679935310489292,
          "final_score": 0.8679935310489292
        }
      }
    },
    "path_diversity": {
      "score": 0.4103453241486503,
      "detail": {
        "avg_path_diversity": 0.2926877913914291,
        "std_path_diversity": 0.1998597875345434,
        "max_path_diversity": 0.7132719057995187,
        "min_path_diversity": 0.0,
        "total_pairs_analyzed": 88,
        "rounds_completed": 13,
        "detailed_analysis": {
          "round_0": {
            "pairs_analyzed": 6,
            "avg_diversity": 0.3671912295761522
          },
          "round_1": {
            "pairs_analyzed": 8,
            "avg_diversity": 0.2656562632094528
          },
          "round_2": {
            "pairs_analyzed": 7,
            "avg_diversity": 0.26320491333469126
          },
          "round_3": {
            "pairs_analyzed": 8,
            "avg_diversity": 0.30034597003443253
          },
          "round_4": {
            "pairs_analyzed": 7,
            "avg_diversity": 0.31542205465960477
          },
          "round_5": {
            "pairs_analyzed": 7,
            "avg_diversity": 0.32402669648200716
          },
          "round_6": {
            "pairs_analyzed": 7,
            "avg_diversity": 0.3508280360196757
          },
          "round_7": {
            "pairs_analyzed": 5,
            "avg_diversity": 0.2709610742767499
          },
          "round_8": {
            "pairs_analyzed": 8,
            "avg_diversity": 0.2839737476696072
          },
          "round_9": {
            "pairs_analyzed": 6,
            "avg_diversity": 0.18152382757443233
          },
          "round_10": {
            "pairs_analyzed": 6,
            "avg_diversity": 0.28260899631407876
          },
          "round_11": {
            "pairs_analyzed": 7,
            "avg_diversity": 0.31751510769774816
          },
          "round_12": {
            "pairs_analyzed": 6,
            "avg_diversity": 0.2694984076016664
          }
        },
        "adaptive_params": {
          "num_walks": 120,
          "max_walk_length": 12,
          "graph_diameter": 12,
          "avg_degree": 4.266666666666667,
          "total_nodes": 120,
          "total_edges": 256
        },
        "algorithm": "Adaptive_random_walk_sampling",
        "sampling_strategy": "Multi-round (13 rounds, 9 pairs/round)",
        "normalization": "Robust_with_predefined_bounds",
        "fusion_method": "Geometric_mean_of_normalized_metrics",
        "performance": {
          "time_taken": 0.1709299087524414,
          "timeout": false
        }
      }
    },
    "treasure_monster_distribution": {
      "score": 0.8994100748210602,
      "detail": {
        "cv_treasure": 1.0973065354098013,
        "uniformity_treasure": 0.8994100748210602,
        "score": 0.8994100748210602,
        "cv_monster": 0.0,
        "uniformity_monster": 0.0,
        "avg_t2m_dist": 0.0,
        "proximity_score": 0.0,
        "note": "Only treasure distribution evaluated (no monsters found)"
      }
    },
    "geometric_balance": {
      "score": 0.49554651110865733,
      "detail": {
        "symmetry_ratio": 0.15,
        "uniformity_area": 0.8310163772438882,
        "uniformity_spacing": 0.976230622967081,
        "score": 0.49554651110865733
      }
    }
  },
  "category_scores": {
    "structural": 0.6701722271787224,
    "gameplay": 0.8994100748210602,
    "aesthetic": 0.49554651110865733
  },
  "overall_score": 0.6883762710361465,
  "grade": "B",
  "details": {
    "accessibility": {
      "reachability_ratio": 1.0,
      "avg_path_length": 7.508333333333334,
      "path_variance": 8.649930555555555,