{
  "scores": {
    "accessibility": {
      "score": 0.8385175885917491,
      "detail": {
        "reachability_ratio": 1.0,
        "avg_path_length": 2.9411764705882355,
        "path_variance": 4.3298731257208765,
        "normalized": [
          1.0,
          0.6323529411764706,
          0.9323457324106112
        ],
        "score": 0.8385175885917491
      }
    },
    "degree_variance": {
      "score": 0.9696917070983999,
      "detail": {
        "raw_variance": 9.617839292579777,
        "normalized_variance": 0.015388542868127644,
        "score": 0.9696917070983999,
        "degrees": [
          21,
          9,
          6,
          7,
          6,
          8,
          4,
          4,
          4,
          8,
          8,
          5,
          6,
          7,
          4,
          5,
          5,
          7,
          6,
          5,
          8,
          5,
          4,
          2,
          2,
          2,
          4,
          4,
          3,
          3,
          3,
          3,
          2,
          2,
          3,
          3,
          2,
          3,
          4,
          5,
          4,
          2,
          2,
          2,
          2,
          2,
          1,
          2,
          3,
          2,
          2
        ],
        "max_variance": 625.0,
        "room_count": 51,
        "mean_degree": 4.431372549019608
      }
    },
    "door_distribution": {
      "score": 0.5158004783053596,
      "detail": {
        "cv": 0.6998427936200899,
        "avg_distance": 2.8226015063478593,
        "avg_entropy": 0.8007017117696907,
        "weights": [
          0.3333333333333333,
          0.3333333333333333,
          0.3333333333333333
        ],
        "normalized": [
          0.650078603189955,
          0.31973863732540514,
          0.5775841944007185
        ],
        "score": 0.5158004783053596,
        "debug": {
          "count": 113
        }
      }
    },
    "dead_end_ratio": {
      "score": 0.9803921568627451,
      "detail": {
        "dead_end_ratio": 0.0196078431372549,
        "dead_end_count": 1,
        "total_rooms": 51,
        "dead_end_rooms": [
          "room_46"
        ],
        "score": 0.9803921568627451
      }
    },
    "key_path_length": {
      "score": 0.17377394345044514,
      "detail": {
        "raw_length": 7,
        "diameter": 8,
        "normalized_length": 0.875,
        "score": 0.17377394345044514,
        "path": [
          "room_0",
          "room_4",
          "room_30",
          "room_10",
          "room_13",
          "room_17",
          "room_20",
          "room_21"
        ],
        "entrance": "room_0",
        "exit": "room_21"
      }
    },
    "loop_ratio": {
      "score": 0.8880114730883468,
      "detail": {
        "total_rooms": 51,
        "total_edges": 113,
        "connected_components": 1,
        "cyclomatic_number": 63,
        "loop_ratio": 1.2352941176470589,
        "sigmoid_loop_ratio": 0.8880114730883468,
        "algorithm": "Cyclomatic formula + Sigmoid normalization",
        "note": "Direct calculation using E - V + C formula, then sigmoid mapping to [0,1]",
        "score_breakdown": {
          "raw_loop_ratio": 1.2352941176470589,
          "sigmoid_loop_ratio": 0.8880114730883468,
          "final_score": 0.8880114730883468
        }
      }
    },
    "path_diversity": {
      "score": 0.43251456809738587,
      "detail": {
        "avg_path_diversity": 0.2944609400110481,
        "std_path_diversity": 0.190796350270937,
        "max_path_diversity": 0.6808116112859964,
        "min_path_diversity": 0.0,
        "total_pairs_analyzed": 52,
        "rounds_completed": 9,
        "detailed_analysis": {
          "round_0": {
            "pairs_analyzed": 6,
            "avg_diversity": 0.23738399461669105
          },
          "round_1": {
            "pairs_analyzed": 7,
            "avg_diversity": 0.4532408273283363
          },
          "round_2": {
            "pairs_analyzed": 5,
            "avg_diversity": 0.3261731501255487
          },
          "round_3": {
            "pairs_analyzed": 6,
            "avg_diversity": 0.3463423434978901
          },
          "round_4": {
            "pairs_analyzed": 5,
            "avg_diversity": 0.23925218839045756
          },
          "round_5": {
            "pairs_analyzed": 6,
            "avg_diversity": 0.2936939151498187
          },
          "round_6": {
            "pairs_analyzed": 6,
            "avg_diversity": 0.18073939547512471
          },
          "round_7": {
            "pairs_analyzed": 5,
            "avg_diversity": 0.34102184441963806
          },
          "round_8": {
            "pairs_analyzed": 6,
            "avg_diversity": 0.2096815470267961
          }
        },
        "adaptive_params": {
          "num_walks": 51,
          "max_walk_length": 9,
          "graph_diameter": 9,
          "avg_degree": 4.431372549019608,
          "total_nodes": 51,
          "total_edges": 113
        },
        "algorithm": "Adaptive_random_walk_sampling",
        "sampling_strategy": "Multi-round (9 rounds, 7 pairs/round)",
        "normalization": "Robust_with_predefined_bounds",
        "fusion_method": "Geometric_mean_of_normalized_metrics",
        "performance": {
          "time_taken": 0.02718210220336914,
          "timeout": false
        }
      }
    },
    "treasure_monster_distribution": {
      "score": 0.8360655737704918,
      "detail": {
        "cv_treasure": 1.1591914445681106,
        "uniformity_treasure": 0.8360655737704918,
        "score": 0.8360655737704918,
        "cv_monster": 0.0,
        "uniformity_monster": 0.0,
        "avg_t2m_dist": 0.0,
        "proximity_score": 0.0,
        "note": "Only treasure distribution evaluated (no monsters found)"
      }
    },
    "geometric_balance": {
      "score": 0.49258850438625895,
      "detail": {
        "symmetry_ratio": 0.17647058823529413,
        "uniformity_area": 0.7029588991569161,
        "uniformity_spacing": 0.9634974079868058,
        "score": 0.49258850438625895
      }
    }
  },
  "category_scores": {
    "structural": 0.685528845070633,
    "gameplay": 0.8360655737704918,
    "aesthetic": 0.49258850438625895
  },
  "overall_score": 0.6713943077424611,
  "grade": "B",
  "details": {
    "accessibility": {
      "reachability_ratio": 1.0,
      "avg_path_length": 2.9411764705882355,
      "path_variance": 4.3298731257208765,
      "normalized": [
        1.0,
        0.6323529411764706,
        0.9323457324106112
      ],
      "score": 0.8385175885917491
    },
    "degree_variance": {
      "raw_variance": 9.617839292579777,
      "normalized_variance": 0.015388542868127644,
      "score": 0.9696917070983999,
      "degrees": [
        21,
        9,
        6,
        7,
        6,
        8,
        4,
        4,
        4,
        8,
        8,
        5,
        6,
        7,
        4,
        5,
        5,
        7,
        6,
        5,
        8,
        5,
        4,
        2,
        2,
        2,
        4,
        4,
        3,
        3,
        3,
        3,
        2,
        2,
        3,
        3,
        2,
        3,
        4,
        5,
        4,
        2,
        2,
        2,
        2,
        2,
        1,
        2,
        3,
        2,
        2
      ],
      "max_variance": 625.0,
      "room_count": 51,
      "mean_degree": 4.431372549019608
    },
    "door_distribution": {
      "cv": 0.6998427936200899,
      "avg_distance": 2.8226015063478593,
      "avg_entropy": 0.8007017117696907,
      "weights": [
        0.3333333333333333,
        0.3333333333333333,
        0.3333333333333333
      ],
      "normalized": [
        0.650078603189955,
        0.31973863732540514,
        0.5775841944007185
      ],
      "score": 0.5158004783053596,
      "debug": {
        "count": 113
      }
    },
    "dead_end_ratio": {
      "dead_end_ratio": 0.0196078431372549,
      "dead_end_count": 1,
      "total_rooms": 51,