{
  "scores": {
    "accessibility": {
      "score": 0.7118530094871923,
      "detail": {
        "reachability_ratio": 1.0,
        "avg_path_length": 5.819444444444445,
        "path_variance": 10.786844135802468,
        "normalized": [
          1.0,
          0.5150462962962963,
          0.7003654406721537
        ],
        "score": 0.7118530094871923
      }
    },
    "degree_variance": {
      "score": 0.9895243257885621,
      "detail": {
        "raw_variance": 6.635802469135802,
        "normalized_variance": 0.005265465160988535,
        "score": 0.9895243257885621,
        "degrees": [
          7,
          17,
          5,
          5,
          12,
          7,
          6,
          8,
          9,
          2,
          6,
          4,
          4,
          4,
          4,
          3,
          5,
          6,
          5,
          9,
          4,
          4,
          5,
          4,
          4,
          6,
          6,
          3,
          7,
          5,
          6,
          3,
          3,
          2,
          1,
          2,
          4,
          3,
          2,
          4,
          4,
          4,
          3,
          2,
          2,
          2,
          2,
          2,
          2,
          2,
          2,
          2,
          2,
          2,
          2,
          3,
          3,
          2,
          2,
          4,
          3,
          3,
          2,
          2,
          2,
          2,
          2,
          2,
          2,
          3,
          3,
          3
        ],
        "max_variance": 1260.25,
        "room_count": 72,
        "mean_degree": 3.9444444444444446
      }
    },
    "door_distribution": {
      "score": 0.4947153573172676,
      "detail": {
        "cv": 0.6530717250349086,
        "avg_distance": 3.038842539795004,
        "avg_entropy": 0.7697647020329815,
        "weights": [
          0.3333333333333333,
          0.3333333333333333,
          0.3333333333333333
        ],
        "normalized": [
          0.6734641374825456,
          0.25541407533208077,
          0.5552678591371766
        ],
        "score": 0.4947153573172676,
        "debug": {
          "count": 142
        }
      }
    },
    "dead_end_ratio": {
      "score": 0.9861111111111112,
      "detail": {
        "dead_end_ratio": 0.013888888888888888,
        "dead_end_count": 1,
        "total_rooms": 72,
        "dead_end_rooms": [
          "room_34"
        ],
        "score": 0.9861111111111112
      }
    },
    "key_path_length": {
      "score": 0.22313016014842982,
      "detail": {
        "raw_length": 9,
        "diameter": 12,
        "normalized_length": 0.75,
        "score": 0.22313016014842982,
        "path": [
          "room_0",
          "room_1",
          "room_4",
          "room_8",
          "room_10",
          "room_12",
          "room_15",
          "room_32",
          "room_28",
          "room_31"
        ],
        "entrance": "room_0",
        "exit": "room_31"
      }
    },
    "loop_ratio": {
      "score": 0.8281001728946396,
      "detail": {
        "total_rooms": 72,
        "total_edges": 142,
        "connected_components": 1,
        "cyclomatic_number": 71,
        "loop_ratio": 0.9861111111111112,
        "sigmoid_loop_ratio": 0.8281001728946396,
        "algorithm": "Cyclomatic formula + Sigmoid normalization",
        "note": "Direct calculation using E - V + C formula, then sigmoid mapping to [0,1]",
        "score_breakdown": {
          "raw_loop_ratio": 0.9861111111111112,
          "sigmoid_loop_ratio": 0.8281001728946396,
          "final_score": 0.8281001728946396
        }
      }
    },
    "path_diversity": {
      "score": 0.5087813296688202,
      "detail": {
        "avg_path_diversity": 0.3391875531125467,
        "std_path_diversity": 0.12904447010360207,
        "max_path_diversity": 0.6666666666666666,
        "min_path_diversity": 0.0,
        "total_pairs_analyzed": 66,
        "rounds_completed": 11,
        "detailed_analysis": {
          "round_0": {
            "pairs_analyzed": 6,
            "avg_diversity": 0.3787826513901984
          },
          "round_1": {
            "pairs_analyzed": 5,
            "avg_diversity": 0.22319110411233534
          },
          "round_2": {
            "pairs_analyzed": 6,
            "avg_diversity": 0.31926592928193626
          },
          "round_3": {
            "pairs_analyzed": 4,
            "avg_diversity": 0.3455302419063139
          },
          "round_4": {
            "pairs_analyzed": 6,
            "avg_diversity": 0.3204287572819504
          },
          "round_5": {
            "pairs_analyzed": 6,
            "avg_diversity": 0.38796856394176044
          },
          "round_6": {
            "pairs_analyzed": 7,
            "avg_diversity": 0.40160040323256185
          },
          "round_7": {
            "pairs_analyzed": 6,
            "avg_diversity": 0.3172569146179732
          },
          "round_8": {
            "pairs_analyzed": 7,
            "avg_diversity": 0.37484682061933644
          },
          "round_9": {
            "pairs_analyzed": 7,
            "avg_diversity": 0.3472515154161758
          },
          "round_10": {
            "pairs_analyzed": 6,
            "avg_diversity": 0.28003232388028626
          }
        },
        "adaptive_params": {
          "num_walks": 72,
          "max_walk_length": 11,
          "graph_diameter": 11,
          "avg_degree": 3.9444444444444446,
          "total_nodes": 72,
          "total_edges": 142
        },
        "algorithm": "Adaptive_random_walk_sampling",
        "sampling_strategy": "Multi-round (11 rounds, 7 pairs/round)",
        "normalization": "Robust_with_predefined_bounds",
        "fusion_method": "Geometric_mean_of_normalized_metrics",
        "performance": {
          "time_taken": 0.057158708572387695,
          "timeout": false
        }
      }
    },
    "treasure_monster_distribution": {
      "score": 0.8780487804878049,
      "detail": {
        "cv_treasure": 1.0275792406312632,
        "uniformity_treasure": 0.8780487804878049,
        "score": 0.8780487804878049,
        "cv_monster": 0.0,
        "uniformity_monster": 0.0,
        "avg_t2m_dist": 0.0,
        "proximity_score": 0.0,
        "note": "Only treasure distribution evaluated (no monsters found)"
      }
    },
    "geometric_balance": {
      "score": 0.5249678732878631,
      "detail": {
        "symmetry_ratio": 0.19444444444444445,
        "uniformity_area": 0.7697237543577935,
        "uniformity_spacing": 0.9666466512229078,
        "score": 0.5249678732878631
      }
    }
  },
  "category_scores": {
    "structural": 0.6774593523451462,
    "gameplay": 0.8780487804878049,
    "aesthetic": 0.5249678732878631
  },
  "overall_score": 0.6934920020402713,
  "grade": "B",
  "details": {
    "accessibility": {
      "reachability_ratio": 1.0,
      "avg_path_length": 5.819444444444445,
      "path_variance": 10.786844135802468,
      "normalized": [
        1.0,
        0.5150462962962963,
        0.7003654406721537
      ],
      "score": 0.7118530094871923
    },
    "degree_variance": {
      "raw_variance": 6.635802469135802,
      "normalized_variance": 0.005265465160988535,
      "score": 0.9895243257885621,