{
  "scores": {
    "accessibility": {
      "score": 0.7361832381641409,
      "detail": {
        "reachability_ratio": 1.0,
        "avg_path_length": 2.2941176470588234,
        "path_variance": 1.0311418685121108,
        "normalized": [
          1.0,
          0.42647058823529416,
          0.9355536332179931
        ],
        "score": 0.7361832381641409
      }
    },
    "degree_variance": {
      "score": 0.9080523142777012,
      "detail": {
        "raw_variance": 3.0865051903114185,
        "normalized_variance": 0.04822664359861591,
        "score": 0.9080523142777012,
        "degrees": [
          4,
          7,
          6,
          6,
          2,
          2,
          2,
          3,
          1,
          2,
          2,
          2,
          2,
          2,
          2,
          2,
          1
        ],
        "max_variance": 64.0,
        "room_count": 17,
        "mean_degree": 2.823529411764706
      }
    },
    "door_distribution": {
      "score": 0.5521042662987656,
      "detail": {
        "cv": 0.6222160217945033,
        "avg_distance": 3.8133869838493895,
        "avg_entropy": 0.6941907624849538,
        "weights": [
          0.3333333333333333,
          0.3333333333333333,
          0.3333333333333333
        ],
        "normalized": [
          0.6888919891027483,
          0.4666680245595631,
          0.5007527852339856
        ],
        "score": 0.5521042662987656,
        "debug": {
          "count": 24
        }
      }
    },
    "dead_end_ratio": {
      "score": 0.8823529411764706,
      "detail": {
        "dead_end_ratio": 0.11764705882352941,
        "dead_end_count": 2,
        "total_rooms": 17,
        "dead_end_rooms": [
          "room_8",
          "room_16"
        ],
        "score": 0.8823529411764706
      }
    },
    "key_path_length": {
      "score": 0.22313016014842982,
      "detail": {
        "raw_length": 3,
        "diameter": 4,
        "normalized_length": 0.75,
        "score": 0.22313016014842982,
        "path": [
          "room_0",
          "room_1",
          "room_3",
          "room_7"
        ],
        "entrance": "room_0",
        "exit": "room_7"
      }
    },
    "loop_ratio": {
      "score": 0.6320860523140643,
      "detail": {
        "total_rooms": 17,
        "total_edges": 24,
        "connected_components": 1,
        "cyclomatic_number": 8,
        "loop_ratio": 0.47058823529411764,
        "sigmoid_loop_ratio": 0.6320860523140643,
        "algorithm": "Cyclomatic formula + Sigmoid normalization",
        "note": "Direct calculation using E - V + C formula, then sigmoid mapping to [0,1]",
        "score_breakdown": {
          "raw_loop_ratio": 0.47058823529411764,
          "sigmoid_loop_ratio": 0.6320860523140643,
          "final_score": 0.6320860523140643
        }
      }
    },
    "path_diversity": {
      "score": 0.43217355308524047,
      "detail": {
        "avg_path_diversity": 0.28292400250198846,
        "std_path_diversity": 0.207084536259378,
        "max_path_diversity": 0.6546536697635116,
        "min_path_diversity": 0.0,
        "total_pairs_analyzed": 38,
        "rounds_completed": 5,
        "detailed_analysis": {
          "round_0": {
            "pairs_analyzed": 7,
            "avg_diversity": 0.32105242603120326
          },
          "round_1": {
            "pairs_analyzed": 8,
            "avg_diversity": 0.24345984937131346
          },
          "round_2": {
            "pairs_analyzed": 10,
            "avg_diversity": 0.3617309393428121
          },
          "round_3": {
            "pairs_analyzed": 6,
            "avg_diversity": 0.23487429652835165
          },
          "round_4": {
            "pairs_analyzed": 7,
            "avg_diversity": 0.218501592184057
          }
        },
        "adaptive_params": {
          "num_walks": 17,
          "max_walk_length": 4,
          "graph_diameter": 4,
          "avg_degree": 2.823529411764706,
          "total_nodes": 17,
          "total_edges": 24
        },
        "algorithm": "Adaptive_random_walk_sampling",
        "sampling_strategy": "Multi-round (5 rounds, 10 pairs/round)",
        "normalization": "Robust_with_predefined_bounds",
        "fusion_method": "Geometric_mean_of_normalized_metrics",
        "performance": {
          "time_taken": 0.0033769607543945312,
          "timeout": false
        }
      }
    },
    "treasure_monster_distribution": {
      "score": 0.0,
      "detail": {
        "reason": "No treasures found"
      }
    },
    "geometric_balance": {
      "score": 0.6200305382274848,
      "detail": {
        "symmetry_ratio": 0.35294117647058826,
        "uniformity_area": 0.7163516210862382,
        "uniformity_spacing": 0.9427806573004763,
        "score": 0.6200305382274848
      }
    }
  },
  "category_scores": {
    "structural": 0.623726075066402,
    "gameplay": 0.0,
    "aesthetic": 0.6200305382274848
  },
  "overall_score": 0.4145855377646289,
  "grade": "D",
  "details": {
    "accessibility": {
      "reachability_ratio": 1.0,
      "avg_path_length": 2.2941176470588234,
      "path_variance": 1.0311418685121108,
      "normalized": [
        1.0,
        0.42647058823529416,
        0.9355536332179931
      ],
      "score": 0.7361832381641409
    },
    "degree_variance": {
      "raw_variance": 3.0865051903114185,
      "normalized_variance": 0.04822664359861591,
      "score": 0.9080523142777012,
      "degrees": [
        4,
        7,
        6,
        6,
        2,
        2,
        2,
        3,
        1,
        2,
        2,
        2,
        2,
        2,
        2,
        2,
        1
      ],
      "max_variance": 64.0,
      "room_count": 17,
      "mean_degree": 2.823529411764706
    },
    "door_distribution": {
      "cv": 0.6222160217945033,
      "avg_distance": 3.8133869838493895,
      "avg_entropy": 0.6941907624849538,
      "weights": [
        0.3333333333333333,
        0.3333333333333333,
        0.3333333333333333
      ],
      "normalized": [
        0.6888919891027483,
        0.4666680245595631,
        0.5007527852339856
      ],
      "score": 0.5521042662987656,
      "debug": {
        "count": 24
      }
    },
    "dead_end_ratio": {
      "dead_end_ratio": 0.11764705882352941,
      "dead_end_count": 2,
      "total_rooms": 17,
      "dead_end_rooms": [
        "room_8",
        "room_16"
      ],
      "score": 0.8823529411764706
    },
    "key_path_length": {
      "raw_length": 3,
      "diameter": 4,
      "normalized_length": 0.75,
      "score": 0.22313016014842982,
      "path": [
        "room_0",
        "room_1",
        "room_3",
        "room_7"
      ],
      "entrance": "room_0",
      "exit": "room_7"
    },
    "loop_ratio": {
      "total_rooms": 17,
      "total_edges": 24,
      "connected_components": 1,
      "cyclomatic_number": 8,
      "loop_ratio": 0.47058823529411764,
      "sigmoid_loop_ratio": 0.6320860523140643,
      "algorithm": "Cyclomatic formula + Sigmoid normalization",
      "note": "Direct calculation using E - V + C formula, then sigmoid mapping to [0,1]",
      "score_breakdown": {
        "raw_loop_ratio": 0.47058823529411764,
        "sigmoid_loop_ratio": 0.6320860523140643,
        "final_score": 0.6320860523140643
      }
    },
    "path_diversity": {
      "avg_path_diversity": 0.28292400250198846,
      "std_path_diversity": 0.207084536259378,
      "max_path_diversity": 0.6546536697635116,
      "min_path_diversity": 0.0,
      "total_pairs_analyzed": 38,
      "rounds_completed": 5,
      "detailed_analysis": {
        "round_0": {
          "pairs_analyzed": 7,
          "avg_diversity": 0.32105242603120326
        },
        "round_1": {
          "pairs_analyzed": 8,
          "avg_diversity": 0.24345984937131346
        },
        "round_2": {
          "pairs_analyzed": 10,
          "avg_diversity": 0.3617309393428121
        },
        "round_3": {
          "pairs_analyzed": 6,