{
  "scores": {
    "accessibility": {
      "score": 0.6614029944541479,
      "detail": {
        "reachability_ratio": 1.0,
        "avg_path_length": 2.4,
        "path_variance": 1.1066666666666667,
        "normalized": [
          1.0,
          0.4,
          0.7233333333333334
        ],
        "score": 0.6614029944541479
      }
    },
    "degree_variance": {
      "score": 0.8672451281079893,
      "detail": {
        "raw_variance": 14.973333333333333,
        "normalized_variance": 0.07121680539040824,
        "score": 0.8672451281079893,
        "degrees": [
          9,
          6,
          11,
          2,
          21,
          8,
          9,
          5,
          5,
          5,
          5,
          2,
          2,
          4,
          2,
          2,
          2,
          3,
          2,
          2,
          2,
          4,
          4,
          4,
          4,
          2,
          2,
          3,
          3,
          3
        ],
        "max_variance": 210.25,
        "room_count": 30,
        "mean_degree": 4.6
      }
    },
    "door_distribution": {
      "score": 0.5073501930473316,
      "detail": {
        "cv": 0.8412041658510987,
        "avg_distance": 3.4534093135481103,
        "avg_entropy": 0.7996967961206776,
        "weights": [
          0.3333333333333333,
          0.3333333333333333,
          0.3333333333333333
        ],
        "normalized": [
          0.5793979170744507,
          0.3657933610784974,
          0.576859300989047
        ],
        "score": 0.5073501930473316,
        "debug": {
          "count": 69
        }
      }
    },
    "dead_end_ratio": {
      "score": 1.0,
      "detail": {
        "dead_end_ratio": 0.0,
        "dead_end_count": 0,
        "total_rooms": 30,
        "dead_end_rooms": [],
        "score": 1.0
      }
    },
    "key_path_length": {
      "score": 0.36787944117144233,
      "detail": {
        "raw_length": 2,
        "diameter": 4,
        "normalized_length": 0.5,
        "score": 0.36787944117144233,
        "path": [
          "room_0",
          "room_2",
          "room_4"
        ],
        "entrance": "room_0",
        "exit": "room_4"
      }
    },
    "loop_ratio": {
      "score": 0.9060785039807289,
      "detail": {
        "total_rooms": 30,
        "total_edges": 69,
        "connected_components": 1,
        "cyclomatic_number": 40,
        "loop_ratio": 1.3333333333333333,
        "sigmoid_loop_ratio": 0.9060785039807289,
        "algorithm": "Cyclomatic formula + Sigmoid normalization",
        "note": "Direct calculation using E - V + C formula, then sigmoid mapping to [0,1]",
        "score_breakdown": {
          "raw_loop_ratio": 1.3333333333333333,
          "sigmoid_loop_ratio": 0.9060785039807289,
          "final_score": 0.9060785039807289
        }
      }
    },
    "path_diversity": {
      "score": 0.40989671467587935,
      "detail": {
        "avg_path_diversity": 0.19802542505336074,
        "std_path_diversity": 0.1804957783383392,
        "max_path_diversity": 0.4831105445915731,
        "min_path_diversity": 0.0,
        "total_pairs_analyzed": 33,
        "rounds_completed": 4,
        "detailed_analysis": {
          "round_0": {
            "pairs_analyzed": 8,
            "avg_diversity": 0.18178677548790828
          },
          "round_1": {
            "pairs_analyzed": 9,
            "avg_diversity": 0.19575054845244605
          },
          "round_2": {
            "pairs_analyzed": 8,
            "avg_diversity": 0.20435935574506778
          },
          "round_3": {
            "pairs_analyzed": 8,
            "avg_diversity": 0.210489380103135
          }
        },
        "adaptive_params": {
          "num_walks": 30,
          "max_walk_length": 4,
          "graph_diameter": 4,
          "avg_degree": 4.6,
          "total_nodes": 30,
          "total_edges": 69
        },
        "algorithm": "Adaptive_random_walk_sampling",
        "sampling_strategy": "Multi-round (4 rounds, 13 pairs/round)",
        "normalization": "Robust_with_predefined_bounds",
        "fusion_method": "Geometric_mean_of_normalized_metrics",
        "performance": {
          "time_taken": 0.006039142608642578,
          "timeout": false
        }
      }
    },
    "treasure_monster_distribution": {
      "score": 0.0,
      "detail": {
        "reason": "No treasures found"
      }
    },
    "geometric_balance": {
      "score": 0.4912692281206144,
      "detail": {
        "symmetry_ratio": 0.16666666666666666,
        "uniformity_area": 0.7395904123864195,
        "uniformity_spacing": 0.9618750580542704,
        "score": 0.4912692281206144
      }
    }
  },
  "category_scores": {
    "structural": 0.6742647107767885,
    "gameplay": 0.0,
    "aesthetic": 0.4912692281206144
  },
  "overall_score": 0.388511312965801,
  "grade": "D",
  "details": {
    "accessibility": {
      "reachability_ratio": 1.0,
      "avg_path_length": 2.4,
      "path_variance": 1.1066666666666667,
      "normalized": [
        1.0,
        0.4,
        0.7233333333333334
      ],
      "score": 0.6614029944541479
    },
    "degree_variance": {
      "raw_variance": 14.973333333333333,
      "normalized_variance": 0.07121680539040824,
      "score": 0.8672451281079893,
      "degrees": [
        9,
        6,
        11,
        2,
        21,
        8,
        9,
        5,
        5,
        5,
        5,
        2,
        2,
        4,
        2,
        2,
        2,
        3,
        2,
        2,
        2,
        4,
        4,
        4,
        4,
        2,
        2,
        3,
        3,
        3
      ],
      "max_variance": 210.25,
      "room_count": 30,
      "mean_degree": 4.6
    },
    "door_distribution": {
      "cv": 0.8412041658510987,
      "avg_distance": 3.4534093135481103,
      "avg_entropy": 0.7996967961206776,
      "weights": [
        0.3333333333333333,
        0.3333333333333333,
        0.3333333333333333
      ],
      "normalized": [
        0.5793979170744507,
        0.3657933610784974,
        0.576859300989047
      ],
      "score": 0.5073501930473316,
      "debug": {
        "count": 69
      }
    },
    "dead_end_ratio": {
      "dead_end_ratio": 0.0,
      "dead_end_count": 0,
      "total_rooms": 30,
      "dead_end_rooms": [],
      "score": 1.0
    },
    "key_path_length": {
      "raw_length": 2,
      "diameter": 4,
      "normalized_length": 0.5,
      "score": 0.36787944117144233,
      "path": [
        "room_0",
        "room_2",
        "room_4"
      ],
      "entrance": "room_0",
      "exit": "room_4"
    },
    "loop_ratio": {
      "total_rooms": 30,
      "total_edges": 69,
      "connected_components": 1,
      "cyclomatic_number": 40,
      "loop_ratio": 1.3333333333333333,
      "sigmoid_loop_ratio": 0.9060785039807289,
      "algorithm": "Cyclomatic formula + Sigmoid normalization",
      "note": "Direct calculation using E - V + C formula, then sigmoid mapping to [0,1]",
      "score_breakdown": {
        "raw_loop_ratio": 1.3333333333333333,
        "sigmoid_loop_ratio": 0.9060785039807289,
        "final_score": 0.9060785039807289
      }
    },
    "path_diversity": {
      "avg_path_diversity": 0.19802542505336074,
      "std_path_diversity": 0.1804957783383392,
      "max_path_diversity": 0.4831105445915731,
      "min_path_diversity": 0.0,
      "total_pairs_analyzed": 33,
      "rounds_completed": 4,
      "detailed_analysis": {
        "round_0": {
          "pairs_analyzed": 8,
          "avg_diversity": 0.18178677548790828
        },
        "round_1": {
          "pairs_analyzed": 9,
          "avg_diversity": 0.19575054845244605
        },
        "round_2": {
          "pairs_analyzed": 8,
          "avg_diversity": 0.20435935574506778
        },
        "round_3": {
          "pairs_analyzed": 8,
          "avg_diversity": 0.210489380103135
        }
      },
      "adaptive_params": {
        "num_walks": 30,
        "max_walk_length": 4,