{
  "scores": {
    "accessibility": {
      "score": 0.7683023996357483,
      "detail": {
        "reachability_ratio": 1.0,
        "avg_path_length": 4.202247191011236,
        "path_variance": 2.8579724782224467,
        "normalized": [
          1.0,
          0.4747191011235955,
          0.9553441800277742
        ],
        "score": 0.7683023996357483
      }
    },
    "degree_variance": {
      "score": 0.9936341960359161,
      "detail": {
        "raw_variance": 6.181795227875268,
        "normalized_variance": 0.0031930760474562334,
        "score": 0.9936341960359161,
        "degrees": [
          7,
          10,
          11,
          8,
          9,
          8,
          6,
          5,
          13,
          6,
          5,
          3,
          4,
          7,
          8,
          5,
          6,
          4,
          7,
          8,
          10,
          6,
          4,
          8,
          2,
          8,
          8,
          3,
          5,
          5,
          8,
          5,
          8,
          5,
          6,
          9,
          4,
          5,
          6,
          4,
          4,
          4,
          1,
          2,
          2,
          2,
          4,
          2,
          5,
          4,
          2,
          3,
          5,
          3,
          2,
          3,
          3,
          2,
          3,
          2,
          4,
          2,
          2,
          3,
          3,
          3,
          2,
          3,
          3,
          2,
          3,
          4,
          4,
          3,
          4,
          4,
          3,
          3,
          2,
          3,
          4,
          3,
          2,
          2,
          1,
          2,
          3,
          2,
          2
        ],
        "max_variance": 1936.0,
        "room_count": 89,
        "mean_degree": 4.47191011235955
      }
    },
    "door_distribution": {
      "score": 0.5035820628787121,
      "detail": {
        "cv": 0.5559864942544819,
        "avg_distance": 2.701946632743574,
        "avg_entropy": 0.8407785173582816,
        "weights": [
          0.3333333333333333,
          0.3333333333333333,
          0.3333333333333333
        ],
        "normalized": [
          0.7220067528727591,
          0.18224593702399328,
          0.6064934987393841
        ],
        "score": 0.5035820628787121,
        "debug": {
          "count": 199
        }
      }
    },
    "dead_end_ratio": {
      "score": 0.9775280898876404,
      "detail": {
        "dead_end_ratio": 0.02247191011235955,
        "dead_end_count": 2,
        "total_rooms": 89,
        "dead_end_rooms": [
          "room_42",
          "room_84"
        ],
        "score": 0.9775280898876404
      }
    },
    "key_path_length": {
      "score": 0.36787944117144233,
      "detail": {
        "raw_length": 4,
        "diameter": 8,
        "normalized_length": 0.5,
        "score": 0.36787944117144233,
        "path": [
          "room_0",
          "room_1",
          "room_4",
          "room_8",
          "room_39"
        ],
        "entrance": "room_0",
        "exit": "room_39"
      }
    },
    "loop_ratio": {
      "score": 0.8903559407949453,
      "detail": {
        "total_rooms": 89,
        "total_edges": 199,
        "connected_components": 1,
        "cyclomatic_number": 111,
        "loop_ratio": 1.247191011235955,
        "sigmoid_loop_ratio": 0.8903559407949453,
        "algorithm": "Cyclomatic formula + Sigmoid normalization",
        "note": "Direct calculation using E - V + C formula, then sigmoid mapping to [0,1]",
        "score_breakdown": {
          "raw_loop_ratio": 1.247191011235955,
          "sigmoid_loop_ratio": 0.8903559407949453,
          "final_score": 0.8903559407949453
        }
      }
    },
    "path_diversity": {
      "score": 0.3862809851394375,
      "detail": {
        "avg_path_diversity": 0.28757093586043136,
        "std_path_diversity": 0.1942813970268878,
        "max_path_diversity": 0.7444605013540225,
        "min_path_diversity": 0.0,
        "total_pairs_analyzed": 66,
        "rounds_completed": 12,
        "detailed_analysis": {
          "round_0": {
            "pairs_analyzed": 5,
            "avg_diversity": 0.3630231317358971
          },
          "round_1": {
            "pairs_analyzed": 6,
            "avg_diversity": 0.13206049173515963
          },
          "round_2": {
            "pairs_analyzed": 7,
            "avg_diversity": 0.19610956195094223
          },
          "round_3": {
            "pairs_analyzed": 6,
            "avg_diversity": 0.17617000205684674
          },
          "round_4": {
            "pairs_analyzed": 5,
            "avg_diversity": 0.3574870572869443
          },
          "round_5": {
            "pairs_analyzed": 4,
            "avg_diversity": 0.43559720176509154
          },
          "round_6": {
            "pairs_analyzed": 7,
            "avg_diversity": 0.3207688634444957
          },
          "round_7": {
            "pairs_analyzed": 7,
            "avg_diversity": 0.33770149555044726
          },
          "round_8": {
            "pairs_analyzed": 5,
            "avg_diversity": 0.18321151455245344
          },
          "round_9": {
            "pairs_analyzed": 5,
            "avg_diversity": 0.4416965072457318
          },
          "round_10": {
            "pairs_analyzed": 5,
            "avg_diversity": 0.24330607843650215
          },
          "round_11": {
            "pairs_analyzed": 4,
            "avg_diversity": 0.36555727601680665
          }
        },
        "adaptive_params": {
          "num_walks": 89,
          "max_walk_length": 12,
          "graph_diameter": 12,
          "avg_degree": 4.47191011235955,
          "total_nodes": 89,
          "total_edges": 199
        },
        "algorithm": "Adaptive_random_walk_sampling",
        "sampling_strategy": "Multi-round (12 rounds, 8 pairs/round)",
        "normalization": "Robust_with_predefined_bounds",
        "fusion_method": "Geometric_mean_of_normalized_metrics",
        "performance": {
          "time_taken": 0.0940248966217041,
          "timeout": false
        }
      }
    },
    "treasure_monster_distribution": {
      "score": 0.898989898989899,
      "detail": {
        "cv_treasure": 0.9475587393582685,
        "uniformity_treasure": 0.898989898989899,
        "score": 0.898989898989899,
        "cv_monster": 0.0,
        "uniformity_monster": 0.0,
        "avg_t2m_dist": 0.0,
        "proximity_score": 0.0,
        "note": "Only treasure distribution evaluated (no monsters found)"
      }
    },
    "geometric_balance": {
      "score": 0.8204091320117268,
      "detail": {
        "symmetry_ratio": 0.6966292134831461,
        "uniformity_area": 0.8132697091126664,
        "uniformity_spacing": 0.974664566616255,
        "score": 0.8204091320117268
      }
    }
  },
  "category_scores": {
    "structural": 0.6982233022205488,
    "gameplay": 0.898989898989899,
    "aesthetic": 0.8204091320117268
  },
  "overall_score": 0.8058741110740582,
  "grade": "A",
  "details": {
    "accessibility": {
      "reachability_ratio": 1.0,
      "avg_path_length": 4.202247191011236,
      "path_variance": 2.8579724782224467,
      "normalized": [
        1.0,
        0.4747191011235955,
        0.9553441800277742
      ],
      "score": 0.7683023996357483
    },
    "degree_variance": {
      "raw_variance": 6.181795227875268,
      "normalized_variance": 0.0031930760474562334,
      "score": 0.9936341960359161,