{
  "scores": {
    "accessibility": {
      "score": 0.6941480364658897,
      "detail": {
        "reachability_ratio": 1.0,
        "avg_path_length": 3.2083333333333335,
        "path_variance": 1.6649305555555556,
        "normalized": [
          1.0,
          0.3583333333333333,
          0.9334027777777778
        ],
        "score": 0.6941480364658897
      }
    },
    "degree_variance": {
      "score": 0.9624032238749589,
      "detail": {
        "raw_variance": 10.581597222222221,
        "normalized_variance": 0.019160882249383834,
        "score": 0.9624032238749589,
        "degrees": [
          4,
          21,
          10,
          8,
          6,
          4,
          5,
          5,
          7,
          4,
          4,
          10,
          7,
          6,
          6,
          4,
          6,
          4,
          2,
          4,
          4,
          2,
          1,
          2,
          2,
          2,
          4,
          4,
          4,
          4,
          3,
          2,
          3,
          2,
          2,
          2,
          2,
          2,
          2,
          2,
          2,
          2,
          2,
          2,
          2,
          2,
          2,
          2
        ],
        "max_variance": 552.25,
        "room_count": 48,
        "mean_degree": 4.041666666666667
      }
    },
    "door_distribution": {
      "score": 0.4862570003965613,
      "detail": {
        "cv": 0.804850319351828,
        "avg_distance": 3.291344034515306,
        "avg_entropy": 0.7918146301719801,
        "weights": [
          0.3333333333333333,
          0.3333333333333333,
          0.3333333333333333
        ],
        "normalized": [
          0.5975748403240859,
          0.2900226407393759,
          0.5711735201262221
        ],
        "score": 0.4862570003965613,
        "debug": {
          "count": 97
        }
      }
    },
    "dead_end_ratio": {
      "score": 0.9791666666666666,
      "detail": {
        "dead_end_ratio": 0.020833333333333332,
        "dead_end_count": 1,
        "total_rooms": 48,
        "dead_end_rooms": [
          "room_22"
        ],
        "score": 0.9791666666666666
      }
    },
    "key_path_length": {
      "score": 0.1353352832366127,
      "detail": {
        "raw_length": 5,
        "diameter": 5,
        "normalized_length": 1.0,
        "score": 0.1353352832366127,
        "path": [
          "room_0",
          "room_1",
          "room_11",
          "room_16",
          "room_20",
          "room_21"
        ],
        "entrance": "room_0",
        "exit": "room_21"
      }
    },
    "loop_ratio": {
      "score": 0.8433454150444677,
      "detail": {
        "total_rooms": 48,
        "total_edges": 97,
        "connected_components": 1,
        "cyclomatic_number": 50,
        "loop_ratio": 1.0416666666666667,
        "sigmoid_loop_ratio": 0.8433454150444677,
        "algorithm": "Cyclomatic formula + Sigmoid normalization",
        "note": "Direct calculation using E - V + C formula, then sigmoid mapping to [0,1]",
        "score_breakdown": {
          "raw_loop_ratio": 1.0416666666666667,
          "sigmoid_loop_ratio": 0.8433454150444677,
          "final_score": 0.8433454150444677
        }
      }
    },
    "path_diversity": {
      "score": 0.3977224822998044,
      "detail": {
        "avg_path_diversity": 0.2695077333003328,
        "std_path_diversity": 0.23344469556069494,
        "max_path_diversity": 0.6776276054145137,
        "min_path_diversity": 0.0,
        "total_pairs_analyzed": 51,
        "rounds_completed": 6,
        "detailed_analysis": {
          "round_0": {
            "pairs_analyzed": 7,
            "avg_diversity": 0.1936914781216164
          },
          "round_1": {
            "pairs_analyzed": 8,
            "avg_diversity": 0.29700773306091055
          },
          "round_2": {
            "pairs_analyzed": 7,
            "avg_diversity": 0.359743161752958
          },
          "round_3": {
            "pairs_analyzed": 11,
            "avg_diversity": 0.28165122910418733
          },
          "round_4": {
            "pairs_analyzed": 10,
            "avg_diversity": 0.17792948687423696
          },
          "round_5": {
            "pairs_analyzed": 8,
            "avg_diversity": 0.3271664582274045
          }
        },
        "adaptive_params": {
          "num_walks": 48,
          "max_walk_length": 6,
          "graph_diameter": 6,
          "avg_degree": 4.041666666666667,
          "total_nodes": 48,
          "total_edges": 97
        },
        "algorithm": "Adaptive_random_walk_sampling",
        "sampling_strategy": "Multi-round (6 rounds, 11 pairs/round)",
        "normalization": "Robust_with_predefined_bounds",
        "fusion_method": "Geometric_mean_of_normalized_metrics",
        "performance": {
          "time_taken": 0.018573999404907227,
          "timeout": false
        }
      }
    },
    "treasure_monster_distribution": {
      "score": 0.8275862068965517,
      "detail": {
        "cv_treasure": 1.182009413862249,
        "uniformity_treasure": 0.8275862068965517,
        "score": 0.8275862068965517,
        "cv_monster": 0.0,
        "uniformity_monster": 0.0,
        "avg_t2m_dist": 0.0,
        "proximity_score": 0.0,
        "note": "Only treasure distribution evaluated (no monsters found)"
      }
    },
    "geometric_balance": {
      "score": 0.4272275473233556,
      "detail": {
        "symmetry_ratio": 0.10416666666666667,
        "uniformity_area": 0.7761014095351276,
        "uniformity_spacing": 0.9645627911054624,
        "score": 0.4272275473233556
      }
    }
  },
  "category_scores": {
    "structural": 0.6426254439978517,
    "gameplay": 0.8275862068965517,
    "aesthetic": 0.4272275473233556
  },
  "overall_score": 0.632479732739253,
  "grade": "C",
  "details": {
    "accessibility": {
      "reachability_ratio": 1.0,
      "avg_path_length": 3.2083333333333335,
      "path_variance": 1.6649305555555556,
      "normalized": [
        1.0,
        0.3583333333333333,
        0.9334027777777778
      ],
      "score": 0.6941480364658897
    },
    "degree_variance": {
      "raw_variance": 10.581597222222221,
      "normalized_variance": 0.019160882249383834,
      "score": 0.9624032238749589,
      "degrees": [
        4,
        21,
        10,
        8,
        6,
        4,
        5,
        5,
        7,
        4,
        4,
        10,
        7,
        6,
        6,
        4,
        6,
        4,
        2,
        4,
        4,
        2,
        1,
        2,
        2,
        2,
        4,
        4,
        4,
        4,
        3,
        2,
        3,
        2,
        2,
        2,
        2,
        2,
        2,
        2,
        2,
        2,
        2,
        2,
        2,
        2,
        2,
        2
      ],
      "max_variance": 552.25,
      "room_count": 48,
      "mean_degree": 4.041666666666667
    },
    "door_distribution": {
      "cv": 0.804850319351828,
      "avg_distance": 3.291344034515306,
      "avg_entropy": 0.7918146301719801,
      "weights": [
        0.3333333333333333,
        0.3333333333333333,
        0.3333333333333333
      ],
      "normalized": [
        0.5975748403240859,
        0.2900226407393759,
        0.5711735201262221
      ],
      "score": 0.4862570003965613,
      "debug": {
        "count": 97
      }
    },
    "dead_end_ratio": {
      "dead_end_ratio": 0.020833333333333332,
      "dead_end_count": 1,
      "total_rooms": 48,
      "dead_end_rooms": [
        "room_22"
      ],
      "score": 0.9791666666666666
    },
    "key_path_length": {
      "raw_length": 5,
      "diameter": 5,
      "normalized_length": 1.0,
      "score": 0.1353352832366127,
      "path": [
        "room_0",
        "room_1",
        "room_11",
        "room_16",
        "room_20",
        "room_21"
      ],
      "entrance": "room_0",
      "exit": "room_21"
    },