{
  "scores": {
    "accessibility": {
      "score": 0.7832121305731604,
      "detail": {
        "reachability_ratio": 1.0,
        "avg_path_length": 3.5,
        "path_variance": 4.33,
        "normalized": [
          1.0,
          0.6111111111111112,
          0.7861728395061729
        ],
        "score": 0.7832121305731604
      }
    },
    "degree_variance": {
      "score": 0.9811426657584049,
      "detail": {
        "raw_variance": 5.7136000000000005,
        "normalized_variance": 0.009518700541441067,
        "score": 0.9811426657584049,
        "degrees": [
          9,
          8,
          5,
          11,
          5,
          5,
          2,
          10,
          6,
          3,
          10,
          4,
          8,
          6,
          2,
          6,
          6,
          4,
          4,
          4,
          4,
          4,
          4,
          3,
          1,
          2,
          2,
          2,
          3,
          3,
          2,
          3,
          2,
          2,
          3,
          2,
          3,
          3,
          2,
          4,
          4,
          3,
          3,
          2,
          3,
          2,
          2,
          2,
          1,
          2
        ],
        "max_variance": 600.25,
        "room_count": 50,
        "mean_degree": 3.92
      }
    },
    "door_distribution": {
      "score": 0.49068875209705887,
      "detail": {
        "cv": 0.6097739252379046,
        "avg_distance": 2.769372195605069,
        "avg_entropy": 0.7541835656644306,
        "weights": [
          0.3333333333333333,
          0.3333333333333333,
          0.3333333333333333
        ],
        "normalized": [
          0.6951130373810477,
          0.23292477385811405,
          0.544028445052015
        ],
        "score": 0.49068875209705887,
        "debug": {
          "count": 98
        }
      }
    },
    "dead_end_ratio": {
      "score": 0.96,
      "detail": {
        "dead_end_ratio": 0.04,
        "dead_end_count": 2,
        "total_rooms": 50,
        "dead_end_rooms": [
          "room_48",
          "room_24"
        ],
        "score": 0.96
      }
    },
    "key_path_length": {
      "score": 0.1690133154060661,
      "detail": {
        "raw_length": 8,
        "diameter": 9,
        "normalized_length": 0.8888888888888888,
        "score": 0.1690133154060661,
        "path": [
          "room_0",
          "room_3",
          "room_7",
          "room_10",
          "room_12",
          "room_15",
          "room_19",
          "room_22",
          "room_23"
        ],
        "entrance": "room_0",
        "exit": "room_23"
      }
    },
    "loop_ratio": {
      "score": 0.826353352980995,
      "detail": {
        "total_rooms": 50,
        "total_edges": 98,
        "connected_components": 1,
        "cyclomatic_number": 49,
        "loop_ratio": 0.98,
        "sigmoid_loop_ratio": 0.826353352980995,
        "algorithm": "Cyclomatic formula + Sigmoid normalization",
        "note": "Direct calculation using E - V + C formula, then sigmoid mapping to [0,1]",
        "score_breakdown": {
          "raw_loop_ratio": 0.98,
          "sigmoid_loop_ratio": 0.826353352980995,
          "final_score": 0.826353352980995
        }
      }
    },
    "path_diversity": {
      "score": 0.6012476643630343,
      "detail": {
        "avg_path_diversity": 0.3103051146084538,
        "std_path_diversity": 0.18027646247778012,
        "max_path_diversity": 0.5161019875847551,
        "min_path_diversity": 0.0,
        "total_pairs_analyzed": 27,
        "rounds_completed": 11,
        "detailed_analysis": {
          "round_0": {
            "pairs_analyzed": 3,
            "avg_diversity": 0.1619502401869026
          },
          "round_1": {
            "pairs_analyzed": 1,
            "avg_diversity": 0.5147964000621386
          },
          "round_2": {
            "pairs_analyzed": 2,
            "avg_diversity": 0.45907360823259724
          },
          "round_3": {
            "pairs_analyzed": 2,
            "avg_diversity": 0.3794718865037464
          },
          "round_4": {
            "pairs_analyzed": 3,
            "avg_diversity": 0.40592322940598935
          },
          "round_5": {
            "pairs_analyzed": 4,
            "avg_diversity": 0.3842875390529386
          },
          "round_6": {
            "pairs_analyzed": 2,
            "avg_diversity": 0.36726282051415776
          },
          "round_7": {
            "pairs_analyzed": 2,
            "avg_diversity": 0.15880946359926096
          },
          "round_8": {
            "pairs_analyzed": 3,
            "avg_diversity": 0.23031131357658066
          },
          "round_9": {
            "pairs_analyzed": 3,
            "avg_diversity": 0.23851469853574492
          },
          "round_10": {
            "pairs_analyzed": 2,
            "avg_diversity": 0.2434787676695908
          }
        },
        "adaptive_params": {
          "num_walks": 50,
          "max_walk_length": 7,
          "graph_diameter": 7,
          "avg_degree": 3.92,
          "total_nodes": 50,
          "total_edges": 98
        },
        "algorithm": "Adaptive_random_walk_sampling",
        "sampling_strategy": "Multi-round (11 rounds, 6 pairs/round)",
        "normalization": "Robust_with_predefined_bounds",
        "fusion_method": "Geometric_mean_of_normalized_metrics",
        "performance": {
          "time_taken": 0.025007009506225586,
          "timeout": false
        }
      }
    },
    "treasure_monster_distribution": {
      "score": 0.8333333333333333,
      "detail": {
        "cv_treasure": 1.1666666666666667,
        "uniformity_treasure": 0.8333333333333333,
        "score": 0.8333333333333333,
        "cv_monster": 0.0,
        "uniformity_monster": 0.0,
        "avg_t2m_dist": 0.0,
        "proximity_score": 0.0,
        "note": "Only treasure distribution evaluated (no monsters found)"
      }
    },
    "geometric_balance": {
      "score": 0.8676054772363313,
      "detail": {
        "symmetry_ratio": 0.0,
        "uniformity_area": 0.7792835129044773,
        "uniformity_spacing": 0.9659376230416301,
        "score": 0.8676054772363313
      }
    }
  },
  "category_scores": {
    "structural": 0.6873796973112457,
    "gameplay": 0.8333333333333333,
    "aesthetic": 0.8676054772363313
  },
  "overall_score": 0.7961061692936368,
  "grade": "B",
  "details": {
    "accessibility": {
      "reachability_ratio": 1.0,
      "avg_path_length": 3.5,
      "path_variance": 4.33,
      "normalized": [
        1.0,
        0.6111111111111112,
        0.7861728395061729
      ],
      "score": 0.7832121305731604
    },
    "degree_variance": {
      "raw_variance": 5.7136000000000005,
      "normalized_variance": 0.009518700541441067,
      "score": 0.9811426657584049,
      "degrees": [
        9,
        8,
        5,
        11,
        5,
        5,
        2,
        10,
        6,
        3,
        10,
        4,
        8,
        6,
        2,
        6,
        6,
        4,
        4,
        4,
        4,
        4,
        4,
        3,
        1,
        2,
        2,
        2,
        3,
        3,
        2,
        3,
        2,
        2,
        3,
        2,
        3,
        3,
        2,
        4,
        4,
        3,
        3,
        2,
        3,
        2,
        2,
        2,
        1,
        2
      ],
      "max_variance": 600.25,
      "room_count": 50,
      "mean_degree": 3.92
    },
    "door_distribution": {
      "cv": 0.6097739252379046,
      "avg_distance": 2.769372195605069,
      "avg_entropy": 0.7541835656644306,
      "weights": [
        0.3333333333333333,
        0.3333333333333333,
        0.3333333333333333
      ],
      "normalized": [
        0.6951130373810477,
        0.23292477385811405,
        0.544028445052015
      ],
      "score": 0.49068875209705887,
      "debug": {
        "count": 98
      }
    },