{
  "scores": {
    "accessibility": {
      "score": 0.7782223459930303,
      "detail": {
        "reachability_ratio": 1.0,
        "avg_path_length": 5.8,
        "path_variance": 12.64,
        "normalized": [
          1.0,
          0.5166666666666667,
          0.9122222222222223
        ],
        "score": 0.7782223459930303
      }
    },
    "degree_variance": {
      "score": 0.9867551618071957,
      "detail": {
        "raw_variance": 0.96,
        "normalized_variance": 0.006666666666666666,
        "score": 0.9867551618071957,
        "degrees": [
          4,
          5,
          4,
          4,
          4,
          4,
          4,
          4,
          4,
          4,
          4,
          3,
          2,
          4,
          3,
          3,
          3,
          3,
          3,
          2,
          2,
          2,
          2,
          2,
          1
        ],
        "max_variance": 144.0,
        "room_count": 25,
        "mean_degree": 3.2
      }
    },
    "door_distribution": {
      "score": 0.5023293156420424,
      "detail": {
        "cv": 0.30618621784789724,
        "avg_distance": 3.297223342857419,
        "avg_entropy": 0.7052432428590383,
        "weights": [
          0.3333333333333333,
          0.3333333333333333,
          0.3333333333333333
        ],
        "normalized": [
          0.8469068910760513,
          0.15135559130348322,
          0.5087254645465927
        ],
        "score": 0.5023293156420424,
        "debug": {
          "count": 40
        }
      }
    },
    "dead_end_ratio": {
      "score": 0.96,
      "detail": {
        "dead_end_ratio": 0.04,
        "dead_end_count": 1,
        "total_rooms": 25,
        "dead_end_rooms": [
          "room_24"
        ],
        "score": 0.96
      }
    },
    "key_path_length": {
      "score": 0.1598797460796939,
      "detail": {
        "raw_length": 11,
        "diameter": 12,
        "normalized_length": 0.9166666666666666,
        "score": 0.1598797460796939,
        "path": [
          "room_0",
          "room_1",
          "room_2",
          "room_3",
          "room_4",
          "room_5",
          "room_6",
          "room_7",
          "room_8",
          "room_9",
          "room_10",
          "room_11"
        ],
        "entrance": "room_0",
        "exit": "room_11"
      }
    },
    "loop_ratio": {
      "score": 0.7068222210935676,
      "detail": {
        "total_rooms": 25,
        "total_edges": 40,
        "connected_components": 1,
        "cyclomatic_number": 16,
        "loop_ratio": 0.64,
        "sigmoid_loop_ratio": 0.7068222210935676,
        "algorithm": "Cyclomatic formula + Sigmoid normalization",
        "note": "Direct calculation using E - V + C formula, then sigmoid mapping to [0,1]",
        "score_breakdown": {
          "raw_loop_ratio": 0.64,
          "sigmoid_loop_ratio": 0.7068222210935676,
          "final_score": 0.7068222210935676
        }
      }
    },
    "path_diversity": {
      "score": 0.5175093323645448,
      "detail": {
        "avg_path_diversity": 0.369274451584215,
        "std_path_diversity": 0.17077134395778287,
        "max_path_diversity": 0.7135609514459733,
        "min_path_diversity": 0.0,
        "total_pairs_analyzed": 41,
        "rounds_completed": 11,
        "detailed_analysis": {
          "round_0": {
            "pairs_analyzed": 3,
            "avg_diversity": 0.36606088738574005
          },
          "round_1": {
            "pairs_analyzed": 4,
            "avg_diversity": 0.35752730018038414
          },
          "round_2": {
            "pairs_analyzed": 4,
            "avg_diversity": 0.3067165248386209
          },
          "round_3": {
            "pairs_analyzed": 4,
            "avg_diversity": 0.3523521204844522
          },
          "round_4": {
            "pairs_analyzed": 3,
            "avg_diversity": 0.508832969257939
          },
          "round_5": {
            "pairs_analyzed": 4,
            "avg_diversity": 0.41499977985916875
          },
          "round_6": {
            "pairs_analyzed": 4,
            "avg_diversity": 0.30304884776390867
          },
          "round_7": {
            "pairs_analyzed": 3,
            "avg_diversity": 0.49875340065181467
          },
          "round_8": {
            "pairs_analyzed": 4,
            "avg_diversity": 0.27718991726160036
          },
          "round_9": {
            "pairs_analyzed": 4,
            "avg_diversity": 0.3755492024740336
          },
          "round_10": {
            "pairs_analyzed": 4,
            "avg_diversity": 0.3674439929044149
          }
        },
        "adaptive_params": {
          "num_walks": 25,
          "max_walk_length": 12,
          "graph_diameter": 12,
          "avg_degree": 3.2,
          "total_nodes": 25,
          "total_edges": 40
        },
        "algorithm": "Adaptive_random_walk_sampling",
        "sampling_strategy": "Multi-round (11 rounds, 4 pairs/round)",
        "normalization": "Robust_with_predefined_bounds",
        "fusion_method": "Geometric_mean_of_normalized_metrics",
        "performance": {
          "time_taken": 0.01083517074584961,
          "timeout": false
        }
      }
    },
    "treasure_monster_distribution": {
      "score": 0.7142857142857142,
      "detail": {
        "cv_treasure": 1.3997084244475304,
        "uniformity_treasure": 0.7142857142857142,
        "score": 0.7142857142857142,
        "cv_monster": 0.0,
        "uniformity_monster": 0.0,
        "avg_t2m_dist": 0.0,
        "proximity_score": 0.0,
        "note": "Only treasure distribution evaluated (no monsters found)"
      }
    },
    "geometric_balance": {
      "score": 0.6432869675376588,
      "detail": {
        "symmetry_ratio": 0.44,
        "uniformity_area": 0.647680141453089,
        "uniformity_spacing": 0.9341164094190624,
        "score": 0.6432869675376588
      }
    }
  },
  "category_scores": {
    "structural": 0.6587883032828679,
    "gameplay": 0.7142857142857142,
    "aesthetic": 0.6432869675376588
  },
  "overall_score": 0.6721203283687469,
  "grade": "B",
  "details": {
    "accessibility": {
      "reachability_ratio": 1.0,
      "avg_path_length": 5.8,
      "path_variance": 12.64,
      "normalized": [
        1.0,
        0.5166666666666667,
        0.9122222222222223
      ],
      "score": 0.7782223459930303
    },
    "degree_variance": {
      "raw_variance": 0.96,
      "normalized_variance": 0.006666666666666666,
      "score": 0.9867551618071957,
      "degrees": [
        4,
        5,
        4,
        4,
        4,
        4,
        4,
        4,
        4,
        4,
        4,
        3,
        2,
        4,
        3,
        3,
        3,
        3,
        3,
        2,
        2,
        2,
        2,
        2,
        1
      ],
      "max_variance": 144.0,
      "room_count": 25,
      "mean_degree": 3.2
    },
    "door_distribution": {
      "cv": 0.30618621784789724,
      "avg_distance": 3.297223342857419,
      "avg_entropy": 0.7052432428590383,
      "weights": [
        0.3333333333333333,
        0.3333333333333333,
        0.3333333333333333
      ],
      "normalized": [
        0.8469068910760513,
        0.15135559130348322,
        0.5087254645465927
      ],
      "score": 0.5023293156420424,
      "debug": {
        "count": 40
      }
    },
    "dead_end_ratio": {
      "dead_end_ratio": 0.04,
      "dead_end_count": 1,
      "total_rooms": 25,
      "dead_end_rooms": [
        "room_24"
      ],
      "score": 0.96
    },
    "key_path_length": {
      "raw_length": 11,
      "diameter": 12,
      "normalized_length": 0.9166666666666666,
      "score": 0.1598797460796939,
      "path": [
        "room_0",
        "room_1",
        "room_2",
        "room_3",
        "room_4",
        "room_5",
        "room_6",
        "room_7",
        "room_8",
        "room_9",
        "room_10",
        "room_11"
      ],
      "entrance": "room_0",