{
  "scores": {
    "accessibility": {
      "score": 0.6819439604175191,
      "detail": {
        "reachability_ratio": 1.0,
        "avg_path_length": 1.7142857142857142,
        "path_variance": 0.5850340136054422,
        "normalized": [
          1.0,
          0.4285714285714286,
          0.7399848828420257
        ],
        "score": 0.6819439604175191
      }
    },
    "degree_variance": {
      "score": 0.9056995784453074,
      "detail": {
        "raw_variance": 4.9523809523809526,
        "normalized_variance": 0.049523809523809526,
        "score": 0.9056995784453074,
        "degrees": [
          8,
          7,
          3,
          5,
          5,
          7,
          9,
          6,
          3,
          5,
          1,
          2,
          2,
          2,
          2,
          2,
          3,
          4,
          3,
          2,
          3
        ],
        "max_variance": 100.0,
        "room_count": 21,
        "mean_degree": 4.0
      }
    },
    "door_distribution": {
      "score": 0.5637174141863769,
      "detail": {
        "cv": 0.5563486402641868,
        "avg_distance": 3.0214868620678446,
        "avg_entropy": 0.7477839594912674,
        "weights": [
          0.3333333333333333,
          0.3333333333333333,
          0.3333333333333333
        ],
        "normalized": [
          0.7218256798679066,
          0.42991445768404163,
          0.5394121050071825
        ],
        "score": 0.5637174141863769,
        "debug": {
          "count": 42
        }
      }
    },
    "dead_end_ratio": {
      "score": 0.9523809523809523,
      "detail": {
        "dead_end_ratio": 0.047619047619047616,
        "dead_end_count": 1,
        "total_rooms": 21,
        "dead_end_rooms": [
          "room_10"
        ],
        "score": 0.9523809523809523
      }
    },
    "key_path_length": {
      "score": 0.26359713811572677,
      "detail": {
        "raw_length": 2,
        "diameter": 3,
        "normalized_length": 0.6666666666666666,
        "score": 0.26359713811572677,
        "path": [
          "room_0",
          "room_7",
          "room_9"
        ],
        "entrance": "room_0",
        "exit": "room_9"
      }
    },
    "loop_ratio": {
      "score": 0.8449117789512947,
      "detail": {
        "total_rooms": 21,
        "total_edges": 42,
        "connected_components": 1,
        "cyclomatic_number": 22,
        "loop_ratio": 1.0476190476190477,
        "sigmoid_loop_ratio": 0.8449117789512947,
        "algorithm": "Cyclomatic formula + Sigmoid normalization",
        "note": "Direct calculation using E - V + C formula, then sigmoid mapping to [0,1]",
        "score_breakdown": {
          "raw_loop_ratio": 1.0476190476190477,
          "sigmoid_loop_ratio": 0.8449117789512947,
          "final_score": 0.8449117789512947
        }
      }
    },
    "path_diversity": {
      "score": 0.4108427852305243,
      "detail": {
        "avg_path_diversity": 0.23476730584601388,
        "std_path_diversity": 0.17218475707657568,
        "max_path_diversity": 0.5714285714285714,
        "min_path_diversity": 0.0,
        "total_pairs_analyzed": 42,
        "rounds_completed": 4,
        "detailed_analysis": {
          "round_0": {
            "pairs_analyzed": 10,
            "avg_diversity": 0.2007367372020094
          },
          "round_1": {
            "pairs_analyzed": 12,
            "avg_diversity": 0.31031109218430214
          },
          "round_2": {
            "pairs_analyzed": 10,
            "avg_diversity": 0.16770344935104714
          },
          "round_3": {
            "pairs_analyzed": 10,
            "avg_diversity": 0.24520918737903913
          }
        },
        "adaptive_params": {
          "num_walks": 21,
          "max_walk_length": 4,
          "graph_diameter": 4,
          "avg_degree": 4.0,
          "total_nodes": 21,
          "total_edges": 42
        },
        "algorithm": "Adaptive_random_walk_sampling",
        "sampling_strategy": "Multi-round (4 rounds, 12 pairs/round)",
        "normalization": "Robust_with_predefined_bounds",
        "fusion_method": "Geometric_mean_of_normalized_metrics",
        "performance": {
          "time_taken": 0.004264116287231445,
          "timeout": false
        }
      }
    },
    "treasure_monster_distribution": {
      "score": 0.0,
      "detail": {
        "reason": "No treasures found"
      }
    },
    "geometric_balance": {
      "score": 0.5027650440126211,
      "detail": {
        "symmetry_ratio": 0.19047619047619047,
        "uniformity_area": 0.7026920799890306,
        "uniformity_spacing": 0.9494879746744737,
        "score": 0.5027650440126211
      }
    }
  },
  "category_scores": {
    "structural": 0.6604419439611003,
    "gameplay": 0.0,
    "aesthetic": 0.5027650440126211
  },
  "overall_score": 0.38773566265790715,
  "grade": "D",
  "details": {
    "accessibility": {
      "reachability_ratio": 1.0,
      "avg_path_length": 1.7142857142857142,
      "path_variance": 0.5850340136054422,
      "normalized": [
        1.0,
        0.4285714285714286,
        0.7399848828420257
      ],
      "score": 0.6819439604175191
    },
    "degree_variance": {
      "raw_variance": 4.9523809523809526,
      "normalized_variance": 0.049523809523809526,
      "score": 0.9056995784453074,
      "degrees": [
        8,
        7,
        3,
        5,
        5,
        7,
        9,
        6,
        3,
        5,
        1,
        2,
        2,
        2,
        2,
        2,
        3,
        4,
        3,
        2,
        3
      ],
      "max_variance": 100.0,
      "room_count": 21,
      "mean_degree": 4.0
    },
    "door_distribution": {
      "cv": 0.5563486402641868,
      "avg_distance": 3.0214868620678446,
      "avg_entropy": 0.7477839594912674,
      "weights": [
        0.3333333333333333,
        0.3333333333333333,
        0.3333333333333333
      ],
      "normalized": [
        0.7218256798679066,
        0.42991445768404163,
        0.5394121050071825
      ],
      "score": 0.5637174141863769,
      "debug": {
        "count": 42
      }
    },
    "dead_end_ratio": {
      "dead_end_ratio": 0.047619047619047616,
      "dead_end_count": 1,
      "total_rooms": 21,
      "dead_end_rooms": [
        "room_10"
      ],
      "score": 0.9523809523809523
    },
    "key_path_length": {
      "raw_length": 2,
      "diameter": 3,
      "normalized_length": 0.6666666666666666,
      "score": 0.26359713811572677,
      "path": [
        "room_0",
        "room_7",
        "room_9"
      ],
      "entrance": "room_0",
      "exit": "room_9"
    },
    "loop_ratio": {
      "total_rooms": 21,
      "total_edges": 42,
      "connected_components": 1,
      "cyclomatic_number": 22,
      "loop_ratio": 1.0476190476190477,
      "sigmoid_loop_ratio": 0.8449117789512947,
      "algorithm": "Cyclomatic formula + Sigmoid normalization",
      "note": "Direct calculation using E - V + C formula, then sigmoid mapping to [0,1]",
      "score_breakdown": {
        "raw_loop_ratio": 1.0476190476190477,
        "sigmoid_loop_ratio": 0.8449117789512947,
        "final_score": 0.8449117789512947
      }
    },
    "path_diversity": {
      "avg_path_diversity": 0.23476730584601388,
      "std_path_diversity": 0.17218475707657568,
      "max_path_diversity": 0.5714285714285714,
      "min_path_diversity": 0.0,
      "total_pairs_analyzed": 42,
      "rounds_completed": 4,
      "detailed_analysis": {
        "round_0": {
          "pairs_analyzed": 10,
          "avg_diversity": 0.2007367372020094
        },
        "round_1": {
          "pairs_analyzed": 12,
          "avg_diversity": 0.31031109218430214
        },
        "round_2": {
          "pairs_analyzed": 10,
          "avg_diversity": 0.16770344935104714
        },
        "round_3": {
          "pairs_analyzed": 10,
          "avg_diversity": 0.24520918737903913
        }
      },
      "adaptive_params": {
        "num_walks": 21,