{
  "scores": {
    "accessibility": {
      "score": 0.6783393093241578,
      "detail": {
        "reachability_ratio": 1.0,
        "avg_path_length": 3.2962962962962963,
        "path_variance": 5.023319615912208,
        "normalized": [
          1.0,
          0.5291005291005291,
          0.5899330925785953
        ],
        "score": 0.6783393093241578
      }
    },
    "degree_variance": {
      "score": 0.9468236586741241,
      "detail": {
        "raw_variance": 4.617283950617284,
        "normalized_variance": 0.027321206808386296,
        "score": 0.9468236586741241,
        "degrees": [
          10,
          5,
          5,
          4,
          6,
          2,
          5,
          4,
          5,
          7,
          8,
          6,
          4,
          1,
          2,
          2,
          3,
          3,
          2,
          2,
          2,
          2,
          3,
          2,
          2,
          3,
          2
        ],
        "max_variance": 169.0,
        "room_count": 27,
        "mean_degree": 3.7777777777777777
      }
    },
    "door_distribution": {
      "score": 0.5086141358244654,
      "detail": {
        "cv": 0.568796458994521,
        "avg_distance": 2.9123646989503955,
        "avg_entropy": 0.7250344062848453,
        "weights": [
          0.3333333333333333,
          0.3333333333333333,
          0.3333333333333333
        ],
        "normalized": [
          0.7156017705027395,
          0.2872388657601464,
          0.5230017712105101
        ],
        "score": 0.5086141358244654,
        "debug": {
          "count": 51
        }
      }
    },
    "dead_end_ratio": {
      "score": 0.962962962962963,
      "detail": {
        "dead_end_ratio": 0.037037037037037035,
        "dead_end_count": 1,
        "total_rooms": 27,
        "dead_end_rooms": [
          "room_13"
        ],
        "score": 0.962962962962963
      }
    },
    "key_path_length": {
      "score": 0.42437284567695,
      "detail": {
        "raw_length": 3,
        "diameter": 7,
        "normalized_length": 0.42857142857142855,
        "score": 0.42437284567695,
        "path": [
          "room_0",
          "room_1",
          "room_3",
          "room_5"
        ],
        "entrance": "room_0",
        "exit": "room_5"
      }
    },
    "loop_ratio": {
      "score": 0.8102832721838996,
      "detail": {
        "total_rooms": 27,
        "total_edges": 51,
        "connected_components": 1,
        "cyclomatic_number": 25,
        "loop_ratio": 0.9259259259259259,
        "sigmoid_loop_ratio": 0.8102832721838996,
        "algorithm": "Cyclomatic formula + Sigmoid normalization",
        "note": "Direct calculation using E - V + C formula, then sigmoid mapping to [0,1]",
        "score_breakdown": {
          "raw_loop_ratio": 0.9259259259259259,
          "sigmoid_loop_ratio": 0.8102832721838996,
          "final_score": 0.8102832721838996
        }
      }
    },
    "path_diversity": {
      "score": 0.6107202955529315,
      "detail": {
        "avg_path_diversity": 0.3318666168196611,
        "std_path_diversity": 0.10212939502929937,
        "max_path_diversity": 0.5434019783462363,
        "min_path_diversity": 0.0,
        "total_pairs_analyzed": 46,
        "rounds_completed": 10,
        "detailed_analysis": {
          "round_0": {
            "pairs_analyzed": 5,
            "avg_diversity": 0.35180901809291565
          },
          "round_1": {
            "pairs_analyzed": 4,
            "avg_diversity": 0.22655068470143425
          },
          "round_2": {
            "pairs_analyzed": 5,
            "avg_diversity": 0.30875009697534284
          },
          "round_3": {
            "pairs_analyzed": 4,
            "avg_diversity": 0.3849988856478848
          },
          "round_4": {
            "pairs_analyzed": 5,
            "avg_diversity": 0.32019029961910317
          },
          "round_5": {
            "pairs_analyzed": 5,
            "avg_diversity": 0.3526571011821808
          },
          "round_6": {
            "pairs_analyzed": 4,
            "avg_diversity": 0.2848525899206787
          },
          "round_7": {
            "pairs_analyzed": 4,
            "avg_diversity": 0.3648706005249017
          },
          "round_8": {
            "pairs_analyzed": 5,
            "avg_diversity": 0.35002850477845765
          },
          "round_9": {
            "pairs_analyzed": 5,
            "avg_diversity": 0.3607196454569627
          }
        },
        "adaptive_params": {
          "num_walks": 27,
          "max_walk_length": 9,
          "graph_diameter": 9,
          "avg_degree": 3.7777777777777777,
          "total_nodes": 27,
          "total_edges": 51
        },
        "algorithm": "Adaptive_random_walk_sampling",
        "sampling_strategy": "Multi-round (10 rounds, 5 pairs/round)",
        "normalization": "Robust_with_predefined_bounds",
        "fusion_method": "Geometric_mean_of_normalized_metrics",
        "performance": {
          "time_taken": 0.011258125305175781,
          "timeout": false
        }
      }
    },
    "treasure_monster_distribution": {
      "score": 0.7297297297297297,
      "detail": {
        "cv_treasure": 1.3781133820521039,
        "uniformity_treasure": 0.7297297297297297,
        "score": 0.7297297297297297,
        "cv_monster": 0.0,
        "uniformity_monster": 0.0,
        "avg_t2m_dist": 0.0,
        "proximity_score": 0.0,
        "note": "Only treasure distribution evaluated (no monsters found)"
      }
    },
    "geometric_balance": {
      "score": 0.8045340942194253,
      "detail": {
        "symmetry_ratio": 0.0,
        "uniformity_area": 0.6816206686000236,
        "uniformity_spacing": 0.9496119155114611,
        "score": 0.8045340942194253
      }
    }
  },
  "category_scores": {
    "structural": 0.7060166400284988,
    "gameplay": 0.7297297297297297,
    "aesthetic": 0.8045340942194253
  },
  "overall_score": 0.746760154659218,
  "grade": "B",
  "details": {
    "accessibility": {
      "reachability_ratio": 1.0,
      "avg_path_length": 3.2962962962962963,
      "path_variance": 5.023319615912208,
      "normalized": [
        1.0,
        0.5291005291005291,
        0.5899330925785953
      ],
      "score": 0.6783393093241578
    },
    "degree_variance": {
      "raw_variance": 4.617283950617284,
      "normalized_variance": 0.027321206808386296,
      "score": 0.9468236586741241,
      "degrees": [
        10,
        5,
        5,
        4,
        6,
        2,
        5,
        4,
        5,
        7,
        8,
        6,
        4,
        1,
        2,
        2,
        3,
        3,
        2,
        2,
        2,
        2,
        3,
        2,
        2,
        3,
        2
      ],
      "max_variance": 169.0,
      "room_count": 27,
      "mean_degree": 3.7777777777777777
    },
    "door_distribution": {
      "cv": 0.568796458994521,
      "avg_distance": 2.9123646989503955,
      "avg_entropy": 0.7250344062848453,
      "weights": [
        0.3333333333333333,
        0.3333333333333333,
        0.3333333333333333
      ],
      "normalized": [
        0.7156017705027395,
        0.2872388657601464,
        0.5230017712105101
      ],
      "score": 0.5086141358244654,
      "debug": {
        "count": 51
      }
    },
    "dead_end_ratio": {
      "dead_end_ratio": 0.037037037037037035,
      "dead_end_count": 1,
      "total_rooms": 27,
      "dead_end_rooms": [
        "room_13"
      ],
      "score": 0.962962962962963
    },
    "key_path_length": {
      "raw_length": 3,
      "diameter": 7,
      "normalized_length": 0.42857142857142855,
      "score": 0.42437284567695,
      "path": [
        "room_0",
        "room_1",
        "room_3",
        "room_5"
      ],
      "entrance": "room_0",
      "exit": "room_5"
    },
    "loop_ratio": {
      "total_rooms": 27,
      "total_edges": 51,
      "connected_components": 1,
      "cyclomatic_number": 25,