{
  "scores": {
    "accessibility": {
      "score": 0.7070587906968745,
      "detail": {
        "reachability_ratio": 1.0,
        "avg_path_length": 4.346938775510204,
        "path_variance": 3.614327363598501,
        "normalized": [
          1.0,
          0.45663265306122447,
          0.7741045397750936
        ],
        "score": 0.7070587906968745
      }
    },
    "degree_variance": {
      "score": 0.971036046172379,
      "detail": {
        "raw_variance": 8.464806330695543,
        "normalized_variance": 0.014695844324124206,
        "score": 0.971036046172379,
        "degrees": [
          4,
          14,
          5,
          9,
          2,
          9,
          4,
          6,
          10,
          6,
          10,
          9,
          7,
          10,
          6,
          8,
          6,
          5,
          6,
          5,
          4,
          1,
          2,
          2,
          2,
          3,
          2,
          3,
          4,
          2,
          2,
          2,
          2,
          2,
          3,
          3,
          2,
          2,
          3,
          2,
          3,
          3,
          1,
          3,
          3,
          3,
          3,
          2,
          2
        ],
        "max_variance": 576.0,
        "room_count": 49,
        "mean_degree": 4.326530612244898
      }
    },
    "door_distribution": {
      "score": 0.5381777343539031,
      "detail": {
        "cv": 0.6724635240451599,
        "avg_distance": 3.323316607777101,
        "avg_entropy": 0.86800857087324,
        "weights": [
          0.3333333333333333,
          0.3333333333333333,
          0.3333333333333333
        ],
        "normalized": [
          0.6637682379774201,
          0.32462913476031935,
          0.6261358303239699
        ],
        "score": 0.5381777343539031,
        "debug": {
          "count": 106
        }
      }
    },
    "dead_end_ratio": {
      "score": 0.9591836734693877,
      "detail": {
        "dead_end_ratio": 0.04081632653061224,
        "dead_end_count": 2,
        "total_rooms": 49,
        "dead_end_rooms": [
          "room_42",
          "room_21"
        ],
        "score": 0.9591836734693877
      }
    },
    "key_path_length": {
      "score": 0.36787944117144233,
      "detail": {
        "raw_length": 4,
        "diameter": 8,
        "normalized_length": 0.5,
        "score": 0.36787944117144233,
        "path": [
          "room_0",
          "room_1",
          "room_3",
          "room_7",
          "room_8"
        ],
        "entrance": "room_0",
        "exit": "room_8"
      }
    },
    "loop_ratio": {
      "score": 0.8773258626723178,
      "detail": {
        "total_rooms": 49,
        "total_edges": 106,
        "connected_components": 1,
        "cyclomatic_number": 58,
        "loop_ratio": 1.183673469387755,
        "sigmoid_loop_ratio": 0.8773258626723178,
        "algorithm": "Cyclomatic formula + Sigmoid normalization",
        "note": "Direct calculation using E - V + C formula, then sigmoid mapping to [0,1]",
        "score_breakdown": {
          "raw_loop_ratio": 1.183673469387755,
          "sigmoid_loop_ratio": 0.8773258626723178,
          "final_score": 0.8773258626723178
        }
      }
    },
    "path_diversity": {
      "score": 0.4880668226557652,
      "detail": {
        "avg_path_diversity": 0.26832265897415086,
        "std_path_diversity": 0.18618279775678692,
        "max_path_diversity": 0.5497662338818706,
        "min_path_diversity": 0.0,
        "total_pairs_analyzed": 60,
        "rounds_completed": 7,
        "detailed_analysis": {
          "round_0": {
            "pairs_analyzed": 9,
            "avg_diversity": 0.16006943393308226
          },
          "round_1": {
            "pairs_analyzed": 8,
            "avg_diversity": 0.3039243524136411
          },
          "round_2": {
            "pairs_analyzed": 8,
            "avg_diversity": 0.23286046531432072
          },
          "round_3": {
            "pairs_analyzed": 9,
            "avg_diversity": 0.34533646579528027
          },
          "round_4": {
            "pairs_analyzed": 8,
            "avg_diversity": 0.28630643402684053
          },
          "round_5": {
            "pairs_analyzed": 9,
            "avg_diversity": 0.2338665315438739
          },
          "round_6": {
            "pairs_analyzed": 9,
            "avg_diversity": 0.3179086269956112
          }
        },
        "adaptive_params": {
          "num_walks": 49,
          "max_walk_length": 7,
          "graph_diameter": 7,
          "avg_degree": 4.326530612244898,
          "total_nodes": 49,
          "total_edges": 106
        },
        "algorithm": "Adaptive_random_walk_sampling",
        "sampling_strategy": "Multi-round (7 rounds, 10 pairs/round)",
        "normalization": "Robust_with_predefined_bounds",
        "fusion_method": "Geometric_mean_of_normalized_metrics",
        "performance": {
          "time_taken": 0.021554946899414062,
          "timeout": false
        }
      }
    },
    "treasure_monster_distribution": {
      "score": 0.8305084745762712,
      "detail": {
        "cv_treasure": 1.1742717339450017,
        "uniformity_treasure": 0.8305084745762712,
        "score": 0.8305084745762712,
        "cv_monster": 0.0,
        "uniformity_monster": 0.0,
        "avg_t2m_dist": 0.0,
        "proximity_score": 0.0,
        "note": "Only treasure distribution evaluated (no monsters found)"
      }
    },
    "geometric_balance": {
      "score": 0.48515187083579825,
      "detail": {
        "symmetry_ratio": 0.14285714285714285,
        "uniformity_area": 0.8214409319790508,
        "uniformity_spacing": 0.9730940825867631,
        "score": 0.48515187083579825
      }
    }
  },
  "category_scores": {
    "structural": 0.7012469101702958,
    "gameplay": 0.8305084745762712,
    "aesthetic": 0.48515187083579825
  },
  "overall_score": 0.672302418527455,
  "grade": "B",
  "details": {
    "accessibility": {
      "reachability_ratio": 1.0,
      "avg_path_length": 4.346938775510204,
      "path_variance": 3.614327363598501,
      "normalized": [
        1.0,
        0.45663265306122447,
        0.7741045397750936
      ],
      "score": 0.7070587906968745
    },
    "degree_variance": {
      "raw_variance": 8.464806330695543,
      "normalized_variance": 0.014695844324124206,
      "score": 0.971036046172379,
      "degrees": [
        4,
        14,
        5,
        9,
        2,
        9,
        4,
        6,
        10,
        6,
        10,
        9,
        7,
        10,
        6,
        8,
        6,
        5,
        6,
        5,
        4,
        1,
        2,
        2,
        2,
        3,
        2,
        3,
        4,
        2,
        2,
        2,
        2,
        2,
        3,
        3,
        2,
        2,
        3,
        2,
        3,
        3,
        1,
        3,
        3,
        3,
        3,
        2,
        2
      ],
      "max_variance": 576.0,
      "room_count": 49,
      "mean_degree": 4.326530612244898
    },
    "door_distribution": {
      "cv": 0.6724635240451599,
      "avg_distance": 3.323316607777101,
      "avg_entropy": 0.86800857087324,
      "weights": [
        0.3333333333333333,
        0.3333333333333333,
        0.3333333333333333
      ],
      "normalized": [
        0.6637682379774201,
        0.32462913476031935,
        0.6261358303239699
      ],
      "score": 0.5381777343539031,
      "debug": {
        "count": 106
      }
    },
    "dead_end_ratio": {
      "dead_end_ratio": 0.04081632653061224,
      "dead_end_count": 2,
      "total_rooms": 49,
      "dead_end_rooms": [
        "room_42",
        "room_21"
      ],
      "score": 0.9591836734693877
    },
    "key_path_length": {
      "raw_length": 4,
      "diameter": 8,
      "normalized_length": 0.5,
      "score": 0.36787944117144233,