{
  "scores": {
    "accessibility": {
      "score": 0.7733830192651291,
      "detail": {
        "reachability_ratio": 1.0,
        "avg_path_length": 3.048780487804878,
        "path_variance": 2.1439619274241526,
        "normalized": [
          1.0,
          0.491869918699187,
          0.9404455020159957
        ],
        "score": 0.7733830192651291
      }
    },
    "degree_variance": {
      "score": 0.9468202213273568,
      "detail": {
        "raw_variance": 10.929208804283165,
        "normalized_variance": 0.027323022010707913,
        "score": 0.9468202213273568,
        "degrees": [
          10,
          17,
          2,
          4,
          4,
          12,
          5,
          12,
          9,
          6,
          5,
          9,
          2,
          5,
          5,
          4,
          3,
          5,
          3,
          1,
          2,
          2,
          3,
          2,
          3,
          3,
          4,
          2,
          4,
          3,
          2,
          2,
          4,
          4,
          2,
          2,
          4,
          2,
          2,
          4,
          3
        ],
        "max_variance": 400.0,
        "room_count": 41,
        "mean_degree": 4.439024390243903
      }
    },
    "door_distribution": {
      "score": 0.5259802181234713,
      "detail": {
        "cv": 0.7447436868069198,
        "avg_distance": 2.6523517510083017,
        "avg_entropy": 0.8213161171750285,
        "weights": [
          0.3333333333333333,
          0.3333333333333333,
          0.3333333333333333
        ],
        "normalized": [
          0.62762815659654,
          0.35785815314857766,
          0.5924543446252962
        ],
        "score": 0.5259802181234713,
        "debug": {
          "count": 91
        }
      }
    },
    "dead_end_ratio": {
      "score": 0.975609756097561,
      "detail": {
        "dead_end_ratio": 0.024390243902439025,
        "dead_end_count": 1,
        "total_rooms": 41,
        "dead_end_rooms": [
          "room_19"
        ],
        "score": 0.975609756097561
      }
    },
    "key_path_length": {
      "score": 0.1353352832366127,
      "detail": {
        "raw_length": 6,
        "diameter": 6,
        "normalized_length": 1.0,
        "score": 0.1353352832366127,
        "path": [
          "room_0",
          "room_1",
          "room_5",
          "room_7",
          "room_11",
          "room_17",
          "room_18"
        ],
        "entrance": "room_0",
        "exit": "room_18"
      }
    },
    "loop_ratio": {
      "score": 0.889712214827818,
      "detail": {
        "total_rooms": 41,
        "total_edges": 91,
        "connected_components": 1,
        "cyclomatic_number": 51,
        "loop_ratio": 1.2439024390243902,
        "sigmoid_loop_ratio": 0.889712214827818,
        "algorithm": "Cyclomatic formula + Sigmoid normalization",
        "note": "Direct calculation using E - V + C formula, then sigmoid mapping to [0,1]",
        "score_breakdown": {
          "raw_loop_ratio": 1.2439024390243902,
          "sigmoid_loop_ratio": 0.889712214827818,
          "final_score": 0.889712214827818
        }
      }
    },
    "path_diversity": {
      "score": 0.4187863890598783,
      "detail": {
        "avg_path_diversity": 0.31267409517453304,
        "std_path_diversity": 0.2133281118486989,
        "max_path_diversity": 0.7466195257120134,
        "min_path_diversity": 0.0,
        "total_pairs_analyzed": 46,
        "rounds_completed": 5,
        "detailed_analysis": {
          "round_0": {
            "pairs_analyzed": 9,
            "avg_diversity": 0.35413429961273557
          },
          "round_1": {
            "pairs_analyzed": 10,
            "avg_diversity": 0.2328428262796356
          },
          "round_2": {
            "pairs_analyzed": 9,
            "avg_diversity": 0.3534695937204842
          },
          "round_3": {
            "pairs_analyzed": 9,
            "avg_diversity": 0.2232040277090332
          },
          "round_4": {
            "pairs_analyzed": 9,
            "avg_diversity": 0.4085898695390985
          }
        },
        "adaptive_params": {
          "num_walks": 41,
          "max_walk_length": 6,
          "graph_diameter": 6,
          "avg_degree": 4.439024390243903,
          "total_nodes": 41,
          "total_edges": 91
        },
        "algorithm": "Adaptive_random_walk_sampling",
        "sampling_strategy": "Multi-round (5 rounds, 12 pairs/round)",
        "normalization": "Robust_with_predefined_bounds",
        "fusion_method": "Geometric_mean_of_normalized_metrics",
        "performance": {
          "time_taken": 0.013008832931518555,
          "timeout": false
        }
      }
    },
    "treasure_monster_distribution": {
      "score": 0.803921568627451,
      "detail": {
        "cv_treasure": 1.240108886340541,
        "uniformity_treasure": 0.803921568627451,
        "score": 0.803921568627451,
        "cv_monster": 0.0,
        "uniformity_monster": 0.0,
        "avg_t2m_dist": 0.0,
        "proximity_score": 0.0,
        "note": "Only treasure distribution evaluated (no monsters found)"
      }
    },
    "geometric_balance": {
      "score": 0.8284064213086618,
      "detail": {
        "symmetry_ratio": 0.0,
        "uniformity_area": 0.7135420052604147,
        "uniformity_spacing": 0.9617614573580252,
        "score": 0.8284064213086618
      }
    }
  },
  "category_scores": {
    "structural": 0.6665181574196896,
    "gameplay": 0.803921568627451,
    "aesthetic": 0.8284064213086618
  },
  "overall_score": 0.7662820491186008,
  "grade": "B",
  "details": {
    "accessibility": {
      "reachability_ratio": 1.0,
      "avg_path_length": 3.048780487804878,
      "path_variance": 2.1439619274241526,
      "normalized": [
        1.0,
        0.491869918699187,
        0.9404455020159957
      ],
      "score": 0.7733830192651291
    },
    "degree_variance": {
      "raw_variance": 10.929208804283165,
      "normalized_variance": 0.027323022010707913,
      "score": 0.9468202213273568,
      "degrees": [
        10,
        17,
        2,
        4,
        4,
        12,
        5,
        12,
        9,
        6,
        5,
        9,
        2,
        5,
        5,
        4,
        3,
        5,
        3,
        1,
        2,
        2,
        3,
        2,
        3,
        3,
        4,
        2,
        4,
        3,
        2,
        2,
        4,
        4,
        2,
        2,
        4,
        2,
        2,
        4,
        3
      ],
      "max_variance": 400.0,
      "room_count": 41,
      "mean_degree": 4.439024390243903
    },
    "door_distribution": {
      "cv": 0.7447436868069198,
      "avg_distance": 2.6523517510083017,
      "avg_entropy": 0.8213161171750285,
      "weights": [
        0.3333333333333333,
        0.3333333333333333,
        0.3333333333333333
      ],
      "normalized": [
        0.62762815659654,
        0.35785815314857766,
        0.5924543446252962
      ],
      "score": 0.5259802181234713,
      "debug": {
        "count": 91
      }
    },
    "dead_end_ratio": {
      "dead_end_ratio": 0.024390243902439025,
      "dead_end_count": 1,
      "total_rooms": 41,
      "dead_end_rooms": [
        "room_19"
      ],
      "score": 0.975609756097561
    },
    "key_path_length": {
      "raw_length": 6,
      "diameter": 6,
      "normalized_length": 1.0,
      "score": 0.1353352832366127,
      "path": [
        "room_0",
        "room_1",
        "room_5",
        "room_7",
        "room_11",
        "room_17",
        "room_18"
      ],
      "entrance": "room_0",
      "exit": "room_18"
    },
    "loop_ratio": {
      "total_rooms": 41,
      "total_edges": 91,
      "connected_components": 1,
      "cyclomatic_number": 51,
      "loop_ratio": 1.2439024390243902,
      "sigmoid_loop_ratio": 0.889712214827818,
      "algorithm": "Cyclomatic formula + Sigmoid normalization",