{
  "scores": {
    "accessibility": {
      "score": 0.7323227370260926,
      "detail": {
        "reachability_ratio": 1.0,
        "avg_path_length": 5.125,
        "path_variance": 4.859375,
        "normalized": [
          1.0,
          0.4875,
          0.805625
        ],
        "score": 0.7323227370260926
      }
    },
    "degree_variance": {
      "score": 0.9896241153740248,
      "detail": {
        "raw_variance": 3.943877551020408,
        "normalized_variance": 0.005215044695564176,
        "score": 0.9896241153740248,
        "degrees": [
          3,
          6,
          4,
          7,
          4,
          10,
          4,
          4,
          4,
          7,
          4,
          7,
          6,
          7,
          2,
          3,
          2,
          6,
          6,
          7,
          6,
          2,
          6,
          3,
          4,
          4,
          1,
          2,
          2,
          2,
          2,
          2,
          2,
          3,
          2,
          2,
          2,
          2,
          2,
          2,
          2,
          2,
          2,
          2,
          2,
          3,
          2,
          2,
          2,
          2,
          2,
          2,
          1,
          2,
          2,
          2
        ],
        "max_variance": 756.25,
        "room_count": 56,
        "mean_degree": 3.357142857142857
      }
    },
    "door_distribution": {
      "score": 0.49243491844696174,
      "detail": {
        "cv": 0.5915505861471423,
        "avg_distance": 3.375714606332303,
        "avg_entropy": 0.7604797111383343,
        "weights": [
          0.3333333333333333,
          0.3333333333333333,
          0.3333333333333333
        ],
        "normalized": [
          0.7042247069264289,
          0.22450989443648317,
          0.5485701539779732
        ],
        "score": 0.49243491844696174,
        "debug": {
          "count": 94
        }
      }
    },
    "dead_end_ratio": {
      "score": 0.9642857142857143,
      "detail": {
        "dead_end_ratio": 0.03571428571428571,
        "dead_end_count": 2,
        "total_rooms": 56,
        "dead_end_rooms": [
          "room_26",
          "room_52"
        ],
        "score": 0.9642857142857143
      }
    },
    "key_path_length": {
      "score": 0.16529888822158653,
      "detail": {
        "raw_length": 9,
        "diameter": 10,
        "normalized_length": 0.9,
        "score": 0.16529888822158653,
        "path": [
          "room_0",
          "room_1",
          "room_3",
          "room_5",
          "room_9",
          "room_13",
          "room_17",
          "room_19",
          "room_22",
          "room_23"
        ],
        "entrance": "room_0",
        "exit": "room_23"
      }
    },
    "loop_ratio": {
      "score": 0.7296518920376238,
      "detail": {
        "total_rooms": 56,
        "total_edges": 94,
        "connected_components": 1,
        "cyclomatic_number": 39,
        "loop_ratio": 0.6964285714285714,
        "sigmoid_loop_ratio": 0.7296518920376238,
        "algorithm": "Cyclomatic formula + Sigmoid normalization",
        "note": "Direct calculation using E - V + C formula, then sigmoid mapping to [0,1]",
        "score_breakdown": {
          "raw_loop_ratio": 0.6964285714285714,
          "sigmoid_loop_ratio": 0.7296518920376238,
          "final_score": 0.7296518920376238
        }
      }
    },
    "path_diversity": {
      "score": 0.5749482413717685,
      "detail": {
        "avg_path_diversity": 0.33061007233472595,
        "std_path_diversity": 0.15546620415290907,
        "max_path_diversity": 0.5750257997936017,
        "min_path_diversity": 0.0,
        "total_pairs_analyzed": 61,
        "rounds_completed": 11,
        "detailed_analysis": {
          "round_0": {
            "pairs_analyzed": 6,
            "avg_diversity": 0.21254117808117934
          },
          "round_1": {
            "pairs_analyzed": 6,
            "avg_diversity": 0.36408205946387057
          },
          "round_2": {
            "pairs_analyzed": 6,
            "avg_diversity": 0.29531493803005926
          },
          "round_3": {
            "pairs_analyzed": 6,
            "avg_diversity": 0.30846574711460395
          },
          "round_4": {
            "pairs_analyzed": 6,
            "avg_diversity": 0.41232414212108104
          },
          "round_5": {
            "pairs_analyzed": 5,
            "avg_diversity": 0.4067516552903359
          },
          "round_6": {
            "pairs_analyzed": 6,
            "avg_diversity": 0.2948903111493003
          },
          "round_7": {
            "pairs_analyzed": 6,
            "avg_diversity": 0.41437343421274253
          },
          "round_8": {
            "pairs_analyzed": 5,
            "avg_diversity": 0.27961383946298324
          },
          "round_9": {
            "pairs_analyzed": 5,
            "avg_diversity": 0.3827276788500728
          },
          "round_10": {
            "pairs_analyzed": 4,
            "avg_diversity": 0.25244942084107486
          }
        },
        "adaptive_params": {
          "num_walks": 56,
          "max_walk_length": 12,
          "graph_diameter": 12,
          "avg_degree": 3.357142857142857,
          "total_nodes": 56,
          "total_edges": 94
        },
        "algorithm": "Adaptive_random_walk_sampling",
        "sampling_strategy": "Multi-round (11 rounds, 6 pairs/round)",
        "normalization": "Robust_with_predefined_bounds",
        "fusion_method": "Geometric_mean_of_normalized_metrics",
        "performance": {
          "time_taken": 0.058049917221069336,
          "timeout": false
        }
      }
    },
    "treasure_monster_distribution": {
      "score": 0.8156186711196393,
      "detail": {
        "cv_treasure": 1.367408532291219,
        "uniformity_treasure": 0.8156186711196393,
        "score": 0.8156186711196393,
        "cv_monster": 0.0,
        "uniformity_monster": 0.0,
        "avg_t2m_dist": 0.0,
        "proximity_score": 0.0,
        "note": "Only treasure distribution evaluated (no monsters found)"
      }
    },
    "geometric_balance": {
      "score": 0.3004607466084319,
      "detail": {
        "symmetry_ratio": 0.03571428571428571,
        "uniformity_area": 0.7854603236525404,
        "uniformity_spacing": 0.9669343872267094,
        "score": 0.3004607466084319
      }
    }
  },
  "category_scores": {
    "structural": 0.6640809295376818,
    "gameplay": 0.8156186711196393,
    "aesthetic": 0.3004607466084319
  },
  "overall_score": 0.5933867824219177,
  "grade": "C",
  "details": {
    "accessibility": {
      "reachability_ratio": 1.0,
      "avg_path_length": 5.125,
      "path_variance": 4.859375,
      "normalized": [
        1.0,
        0.4875,
        0.805625
      ],
      "score": 0.7323227370260926
    },
    "degree_variance": {
      "raw_variance": 3.943877551020408,
      "normalized_variance": 0.005215044695564176,
      "score": 0.9896241153740248,
      "degrees": [
        3,
        6,
        4,
        7,
        4,
        10,
        4,
        4,
        4,
        7,
        4,
        7,
        6,
        7,
        2,
        3,
        2,
        6,
        6,
        7,
        6,
        2,
        6,
        3,
        4,
        4,
        1,
        2,
        2,
        2,
        2,
        2,
        2,
        3,
        2,
        2,
        2,
        2,
        2,
        2,
        2,
        2,
        2,
        2,
        2,
        3,
        2,
        2,
        2,
        2,
        2,
        2,
        1,
        2,
        2,
        2
      ],
      "max_variance": 756.25,
      "room_count": 56,
      "mean_degree": 3.357142857142857
    },
    "door_distribution": {
      "cv": 0.5915505861471423,
      "avg_distance": 3.375714606332303,
      "avg_entropy": 0.7604797111383343,