{
  "scores": {
    "accessibility": {
      "score": 0.732178319794819,
      "detail": {
        "reachability_ratio": 1.0,
        "avg_path_length": 3.542372881355932,
        "path_variance": 1.5024418270611894,
        "normalized": [
          1.0,
          0.4096045197740113,
          0.9582655048038559
        ],
        "score": 0.732178319794819
      }
    },
    "degree_variance": {
      "score": 0.9801793944409269,
      "detail": {
        "raw_variance": 8.418270611893133,
        "normalized_variance": 0.010009834259088149,
        "score": 0.9801793944409269,
        "degrees": [
          4,
          6,
          6,
          6,
          10,
          16,
          14,
          10,
          6,
          3,
          7,
          6,
          6,
          6,
          2,
          6,
          6,
          8,
          8,
          6,
          6,
          4,
          2,
          4,
          4,
          1,
          2,
          2,
          2,
          2,
          2,
          2,
          2,
          2,
          2,
          3,
          2,
          2,
          2,
          2,
          3,
          3,
          4,
          3,
          3,
          3,
          3,
          2,
          2,
          2,
          2,
          2,
          3,
          3,
          4,
          4,
          4,
          4,
          4
        ],
        "max_variance": 841.0,
        "room_count": 59,
        "mean_degree": 4.237288135593221
      }
    },
    "door_distribution": {
      "score": 0.506167966190382,
      "detail": {
        "cv": 0.684736445648981,
        "avg_distance": 3.9576231932440376,
        "avg_entropy": 0.85399020817341,
        "weights": [
          0.3333333333333333,
          0.3333333333333333,
          0.3333333333333333
        ],
        "normalized": [
          0.6576317771755096,
          0.24484840224588006,
          0.6160237191497561
        ],
        "score": 0.506167966190382,
        "debug": {
          "count": 125
        }
      }
    },
    "dead_end_ratio": {
      "score": 0.9830508474576272,
      "detail": {
        "dead_end_ratio": 0.01694915254237288,
        "dead_end_count": 1,
        "total_rooms": 59,
        "dead_end_rooms": [
          "room_25"
        ],
        "score": 0.9830508474576272
      }
    },
    "key_path_length": {
      "score": 0.26359713811572677,
      "detail": {
        "raw_length": 4,
        "diameter": 6,
        "normalized_length": 0.6666666666666666,
        "score": 0.26359713811572677,
        "path": [
          "room_0",
          "room_9",
          "room_4",
          "room_16",
          "room_22"
        ],
        "entrance": "room_0",
        "exit": "room_22"
      }
    },
    "loop_ratio": {
      "score": 0.8665954988599663,
      "detail": {
        "total_rooms": 59,
        "total_edges": 125,
        "connected_components": 1,
        "cyclomatic_number": 67,
        "loop_ratio": 1.1355932203389831,
        "sigmoid_loop_ratio": 0.8665954988599663,
        "algorithm": "Cyclomatic formula + Sigmoid normalization",
        "note": "Direct calculation using E - V + C formula, then sigmoid mapping to [0,1]",
        "score_breakdown": {
          "raw_loop_ratio": 1.1355932203389831,
          "sigmoid_loop_ratio": 0.8665954988599663,
          "final_score": 0.8665954988599663
        }
      }
    },
    "path_diversity": {
      "score": 0.554908366051242,
      "detail": {
        "avg_path_diversity": 0.3452591592680762,
        "std_path_diversity": 0.18667219127564824,
        "max_path_diversity": 0.6221913029081884,
        "min_path_diversity": 0.0,
        "total_pairs_analyzed": 55,
        "rounds_completed": 7,
        "detailed_analysis": {
          "round_0": {
            "pairs_analyzed": 7,
            "avg_diversity": 0.34711103476246385
          },
          "round_1": {
            "pairs_analyzed": 9,
            "avg_diversity": 0.3253278694306828
          },
          "round_2": {
            "pairs_analyzed": 10,
            "avg_diversity": 0.30915523180767973
          },
          "round_3": {
            "pairs_analyzed": 7,
            "avg_diversity": 0.41352385919780776
          },
          "round_4": {
            "pairs_analyzed": 8,
            "avg_diversity": 0.34497419182081035
          },
          "round_5": {
            "pairs_analyzed": 6,
            "avg_diversity": 0.33567254197683954
          },
          "round_6": {
            "pairs_analyzed": 8,
            "avg_diversity": 0.35893469658022836
          }
        },
        "adaptive_params": {
          "num_walks": 59,
          "max_walk_length": 9,
          "graph_diameter": 9,
          "avg_degree": 4.237288135593221,
          "total_nodes": 59,
          "total_edges": 125
        },
        "algorithm": "Adaptive_random_walk_sampling",
        "sampling_strategy": "Multi-round (7 rounds, 10 pairs/round)",
        "normalization": "Robust_with_predefined_bounds",
        "fusion_method": "Geometric_mean_of_normalized_metrics",
        "performance": {
          "time_taken": 0.03184199333190918,
          "timeout": false
        }
      }
    },
    "treasure_monster_distribution": {
      "score": 0.8225355621976768,
      "detail": {
        "cv_treasure": 1.3515288926621916,
        "uniformity_treasure": 0.8225355621976768,
        "score": 0.8225355621976768,
        "cv_monster": 0.0,
        "uniformity_monster": 0.0,
        "avg_t2m_dist": 0.0,
        "proximity_score": 0.0,
        "note": "Only treasure distribution evaluated (no monsters found)"
      }
    },
    "geometric_balance": {
      "score": 0.8539057494816872,
      "detail": {
        "symmetry_ratio": 0.7627118644067796,
        "uniformity_area": 0.8385004566041321,
        "uniformity_spacing": 0.9735673654248248,
        "score": 0.8539057494816872
      }
    }
  },
  "category_scores": {
    "structural": 0.6980967901300987,
    "gameplay": 0.8225355621976768,
    "aesthetic": 0.8539057494816872
  },
  "overall_score": 0.7915127006031542,
  "grade": "B",
  "details": {
    "accessibility": {
      "reachability_ratio": 1.0,
      "avg_path_length": 3.542372881355932,
      "path_variance": 1.5024418270611894,
      "normalized": [
        1.0,
        0.4096045197740113,
        0.9582655048038559
      ],
      "score": 0.732178319794819
    },
    "degree_variance": {
      "raw_variance": 8.418270611893133,
      "normalized_variance": 0.010009834259088149,
      "score": 0.9801793944409269,
      "degrees": [
        4,
        6,
        6,
        6,
        10,
        16,
        14,
        10,
        6,
        3,
        7,
        6,
        6,
        6,
        2,
        6,
        6,
        8,
        8,
        6,
        6,
        4,
        2,
        4,
        4,
        1,
        2,
        2,
        2,
        2,
        2,
        2,
        2,
        2,
        2,
        3,
        2,
        2,
        2,
        2,
        3,
        3,
        4,
        3,
        3,
        3,
        3,
        2,
        2,
        2,
        2,
        2,
        3,
        3,
        4,
        4,
        4,
        4,
        4
      ],
      "max_variance": 841.0,
      "room_count": 59,
      "mean_degree": 4.237288135593221
    },
    "door_distribution": {
      "cv": 0.684736445648981,
      "avg_distance": 3.9576231932440376,
      "avg_entropy": 0.85399020817341,
      "weights": [
        0.3333333333333333,
        0.3333333333333333,
        0.3333333333333333
      ],
      "normalized": [
        0.6576317771755096,
        0.24484840224588006,
        0.6160237191497561
      ],
      "score": 0.506167966190382,
      "debug": {
        "count": 125
      }
    },
    "dead_end_ratio": {
      "dead_end_ratio": 0.01694915254237288,
      "dead_end_count": 1,
      "total_rooms": 59,
      "dead_end_rooms": [
        "room_25"
      ],
      "score": 0.9830508474576272
    },