{
  "scores": {
    "accessibility": {
      "score": 0.5910714991996112,
      "detail": {
        "reachability_ratio": 1.0,
        "avg_path_length": 1.3,
        "path_variance": 0.41,
        "normalized": [
          1.0,
          0.35,
          0.5900000000000001
        ],
        "score": 0.5910714991996112
      }
    },
    "degree_variance": {
      "score": 0.7319092373263687,
      "detail": {
        "raw_variance": 3.16,
        "normalized_variance": 0.1560493827160494,
        "score": 0.7319092373263687,
        "degrees": [
          7,
          5,
          5,
          2,
          2,
          1,
          2,
          3,
          2,
          3
        ],
        "max_variance": 20.25,
        "room_count": 10,
        "mean_degree": 3.2
      }
    },
    "door_distribution": {
      "score": 0.6267540464404471,
      "detail": {
        "cv": 0.5555121510822243,
        "avg_distance": 4.6255197602224865,
        "avg_entropy": 0.6646742306692236,
        "weights": [
          0.3333333333333333,
          0.3333333333333333,
          0.3333333333333333
        ],
        "normalized": [
          0.7222439244588879,
          0.6785571066658656,
          0.47946110819658794
        ],
        "score": 0.6267540464404471,
        "debug": {
          "count": 16
        }
      }
    },
    "dead_end_ratio": {
      "score": 0.9,
      "detail": {
        "dead_end_ratio": 0.1,
        "dead_end_count": 1,
        "total_rooms": 10,
        "dead_end_rooms": [
          "room_5"
        ],
        "score": 0.9
      }
    },
    "key_path_length": {
      "score": 0.1353352832366127,
      "detail": {
        "raw_length": 2,
        "diameter": 2,
        "normalized_length": 1.0,
        "score": 0.1353352832366127,
        "path": [
          "room_0",
          "room_1",
          "room_3"
        ],
        "entrance": "room_0",
        "exit": "room_3"
      }
    },
    "loop_ratio": {
      "score": 0.7310585786300049,
      "detail": {
        "total_rooms": 10,
        "total_edges": 16,
        "connected_components": 1,
        "cyclomatic_number": 7,
        "loop_ratio": 0.7,
        "sigmoid_loop_ratio": 0.7310585786300049,
        "algorithm": "Cyclomatic formula + Sigmoid normalization",
        "note": "Direct calculation using E - V + C formula, then sigmoid mapping to [0,1]",
        "score_breakdown": {
          "raw_loop_ratio": 0.7,
          "sigmoid_loop_ratio": 0.7310585786300049,
          "final_score": 0.7310585786300049
        }
      }
    },
    "path_diversity": {
      "score": 0.5714539500783481,
      "detail": {
        "avg_path_diversity": 0.30363021817997377,
        "std_path_diversity": 0.12259375489806036,
        "max_path_diversity": 0.5313292840802748,
        "min_path_diversity": 0.0,
        "total_pairs_analyzed": 42,
        "rounds_completed": 4,
        "detailed_analysis": {
          "round_0": {
            "pairs_analyzed": 11,
            "avg_diversity": 0.3434817088232326
          },
          "round_1": {
            "pairs_analyzed": 10,
            "avg_diversity": 0.31327126663805455
          },
          "round_2": {
            "pairs_analyzed": 11,
            "avg_diversity": 0.3333220679400917
          },
          "round_3": {
            "pairs_analyzed": 10,
            "avg_diversity": 0.21749149527817863
          }
        },
        "adaptive_params": {
          "num_walks": 10,
          "max_walk_length": 4,
          "graph_diameter": 4,
          "avg_degree": 3.2,
          "total_nodes": 10,
          "total_edges": 16
        },
        "algorithm": "Adaptive_random_walk_sampling",
        "sampling_strategy": "Multi-round (4 rounds, 11 pairs/round)",
        "normalization": "Robust_with_predefined_bounds",
        "fusion_method": "Geometric_mean_of_normalized_metrics",
        "performance": {
          "time_taken": 0.0024988651275634766,
          "timeout": false
        }
      }
    },
    "treasure_monster_distribution": {
      "score": 0.0,
      "detail": {
        "reason": "No treasures found"
      }
    },
    "geometric_balance": {
      "score": 0.7866145257988104,
      "detail": {
        "symmetry_ratio": 0.0,
        "uniformity_area": 0.6585021918307683,
        "uniformity_spacing": 0.9396512568582401,
        "score": 0.7866145257988104
      }
    }
  },
  "category_scores": {
    "structural": 0.6125117992730561,
    "gameplay": 0.0,
    "aesthetic": 0.7866145257988104
  },
  "overall_score": 0.4663754416906222,
  "grade": "D",
  "details": {
    "accessibility": {
      "reachability_ratio": 1.0,
      "avg_path_length": 1.3,
      "path_variance": 0.41,
      "normalized": [
        1.0,
        0.35,
        0.5900000000000001
      ],
      "score": 0.5910714991996112
    },
    "degree_variance": {
      "raw_variance": 3.16,
      "normalized_variance": 0.1560493827160494,
      "score": 0.7319092373263687,
      "degrees": [
        7,
        5,
        5,
        2,
        2,
        1,
        2,
        3,
        2,
        3
      ],
      "max_variance": 20.25,
      "room_count": 10,
      "mean_degree": 3.2
    },
    "door_distribution": {
      "cv": 0.5555121510822243,
      "avg_distance": 4.6255197602224865,
      "avg_entropy": 0.6646742306692236,
      "weights": [
        0.3333333333333333,
        0.3333333333333333,
        0.3333333333333333
      ],
      "normalized": [
        0.7222439244588879,
        0.6785571066658656,
        0.47946110819658794
      ],
      "score": 0.6267540464404471,
      "debug": {
        "count": 16
      }
    },
    "dead_end_ratio": {
      "dead_end_ratio": 0.1,
      "dead_end_count": 1,
      "total_rooms": 10,
      "dead_end_rooms": [
        "room_5"
      ],
      "score": 0.9
    },
    "key_path_length": {
      "raw_length": 2,
      "diameter": 2,
      "normalized_length": 1.0,
      "score": 0.1353352832366127,
      "path": [
        "room_0",
        "room_1",
        "room_3"
      ],
      "entrance": "room_0",
      "exit": "room_3"
    },
    "loop_ratio": {
      "total_rooms": 10,
      "total_edges": 16,
      "connected_components": 1,
      "cyclomatic_number": 7,
      "loop_ratio": 0.7,
      "sigmoid_loop_ratio": 0.7310585786300049,
      "algorithm": "Cyclomatic formula + Sigmoid normalization",
      "note": "Direct calculation using E - V + C formula, then sigmoid mapping to [0,1]",
      "score_breakdown": {
        "raw_loop_ratio": 0.7,
        "sigmoid_loop_ratio": 0.7310585786300049,
        "final_score": 0.7310585786300049
      }
    },
    "path_diversity": {
      "avg_path_diversity": 0.30363021817997377,
      "std_path_diversity": 0.12259375489806036,
      "max_path_diversity": 0.5313292840802748,
      "min_path_diversity": 0.0,
      "total_pairs_analyzed": 42,
      "rounds_completed": 4,
      "detailed_analysis": {
        "round_0": {
          "pairs_analyzed": 11,
          "avg_diversity": 0.3434817088232326
        },
        "round_1": {
          "pairs_analyzed": 10,
          "avg_diversity": 0.31327126663805455
        },
        "round_2": {
          "pairs_analyzed": 11,
          "avg_diversity": 0.3333220679400917
        },
        "round_3": {
          "pairs_analyzed": 10,
          "avg_diversity": 0.21749149527817863
        }
      },
      "adaptive_params": {
        "num_walks": 10,
        "max_walk_length": 4,
        "graph_diameter": 4,
        "avg_degree": 3.2,
        "total_nodes": 10,
        "total_edges": 16
      },
      "algorithm": "Adaptive_random_walk_sampling",
      "sampling_strategy": "Multi-round (4 rounds, 11 pairs/round)",
      "normalization": "Robust_with_predefined_bounds",
      "fusion_method": "Geometric_mean_of_normalized_metrics",
      "performance": {
        "time_taken": 0.0024988651275634766,
        "timeout": false
      }
    },
    "treasure_monster_distribution": {
      "reason": "No treasures found"
    },