{
  "scores": {
    "accessibility": {
      "score": 0.7592441154623804,
      "detail": {
        "reachability_ratio": 1.0,
        "avg_path_length": 3.7746478873239435,
        "path_variance": 2.456258678833565,
        "normalized": [
          1.0,
          0.4607645875251509,
          0.9498722718605395
        ],
        "score": 0.7592441154623804
      }
    },
    "degree_variance": {
      "score": 0.9870601464447275,
      "detail": {
        "raw_variance": 7.977385439396945,
        "normalized_variance": 0.006512151379099548,
        "score": 0.9870601464447275,
        "degrees": [
          6,
          5,
          8,
          16,
          8,
          8,
          5,
          11,
          13,
          4,
          4,
          8,
          7,
          11,
          4,
          3,
          4,
          6,
          5,
          6,
          4,
          6,
          4,
          7,
          5,
          5,
          8,
          5,
          6,
          6,
          2,
          4,
          4,
          1,
          2,
          2,
          2,
          4,
          2,
          2,
          3,
          3,
          3,
          3,
          2,
          2,
          2,
          2,
          2,
          3,
          4,
          3,
          3,
          2,
          3,
          3,
          4,
          2,
          2,
          2,
          2,
          2,
          3,
          2,
          3,
          2,
          1,
          3,
          2,
          2,
          2
        ],
        "max_variance": 1225.0,
        "room_count": 71,
        "mean_degree": 4.225352112676056
      }
    },
    "door_distribution": {
      "score": 0.4891265415033482,
      "detail": {
        "cv": 0.668447621150844,
        "avg_distance": 3.429571717352657,
        "avg_entropy": 0.8005550277896509,
        "weights": [
          0.3333333333333333,
          0.3333333333333333,
          0.3333333333333333
        ],
        "normalized": [
          0.665776189424578,
          0.224125050810039,
          0.5774783842754279
        ],
        "score": 0.4891265415033482,
        "debug": {
          "count": 150
        }
      }
    },
    "dead_end_ratio": {
      "score": 0.971830985915493,
      "detail": {
        "dead_end_ratio": 0.028169014084507043,
        "dead_end_count": 2,
        "total_rooms": 71,
        "dead_end_rooms": [
          "room_66",
          "room_33"
        ],
        "score": 0.971830985915493
      }
    },
    "key_path_length": {
      "score": 0.1800923121479524,
      "detail": {
        "raw_length": 6,
        "diameter": 7,
        "normalized_length": 0.8571428571428571,
        "score": 0.1800923121479524,
        "path": [
          "room_0",
          "room_1",
          "room_3",
          "room_11",
          "room_15",
          "room_29",
          "room_32"
        ],
        "entrance": "room_0",
        "exit": "room_32"
      }
    },
    "loop_ratio": {
      "score": 0.8645399937901435,
      "detail": {
        "total_rooms": 71,
        "total_edges": 150,
        "connected_components": 1,
        "cyclomatic_number": 80,
        "loop_ratio": 1.1267605633802817,
        "sigmoid_loop_ratio": 0.8645399937901435,
        "algorithm": "Cyclomatic formula + Sigmoid normalization",
        "note": "Direct calculation using E - V + C formula, then sigmoid mapping to [0,1]",
        "score_breakdown": {
          "raw_loop_ratio": 1.1267605633802817,
          "sigmoid_loop_ratio": 0.8645399937901435,
          "final_score": 0.8645399937901435
        }
      }
    },
    "path_diversity": {
      "score": 0.5147299802033105,
      "detail": {
        "avg_path_diversity": 0.3846939916908695,
        "std_path_diversity": 0.1948246066112895,
        "max_path_diversity": 0.7473704786710136,
        "min_path_diversity": 0.0,
        "total_pairs_analyzed": 54,
        "rounds_completed": 11,
        "detailed_analysis": {
          "round_0": {
            "pairs_analyzed": 5,
            "avg_diversity": 0.36412120902379835
          },
          "round_1": {
            "pairs_analyzed": 4,
            "avg_diversity": 0.4671077802980802
          },
          "round_2": {
            "pairs_analyzed": 6,
            "avg_diversity": 0.29959139513733124
          },
          "round_3": {
            "pairs_analyzed": 5,
            "avg_diversity": 0.4777308262478289
          },
          "round_4": {
            "pairs_analyzed": 5,
            "avg_diversity": 0.3341383145344247
          },
          "round_5": {
            "pairs_analyzed": 6,
            "avg_diversity": 0.3018258427751103
          },
          "round_6": {
            "pairs_analyzed": 5,
            "avg_diversity": 0.29898678577233484
          },
          "round_7": {
            "pairs_analyzed": 4,
            "avg_diversity": 0.46771171174905724
          },
          "round_8": {
            "pairs_analyzed": 5,
            "avg_diversity": 0.4184721012187659
          },
          "round_9": {
            "pairs_analyzed": 4,
            "avg_diversity": 0.5317350963082834
          },
          "round_10": {
            "pairs_analyzed": 5,
            "avg_diversity": 0.366301517284971
          }
        },
        "adaptive_params": {
          "num_walks": 71,
          "max_walk_length": 11,
          "graph_diameter": 11,
          "avg_degree": 4.225352112676056,
          "total_nodes": 71,
          "total_edges": 150
        },
        "algorithm": "Adaptive_random_walk_sampling",
        "sampling_strategy": "Multi-round (11 rounds, 7 pairs/round)",
        "normalization": "Robust_with_predefined_bounds",
        "fusion_method": "Geometric_mean_of_normalized_metrics",
        "performance": {
          "time_taken": 0.057791948318481445,
          "timeout": false
        }
      }
    },
    "treasure_monster_distribution": {
      "score": 0.8765432098765432,
      "detail": {
        "cv_treasure": 1.0329136130050316,
        "uniformity_treasure": 0.8765432098765432,
        "score": 0.8765432098765432,
        "cv_monster": 0.0,
        "uniformity_monster": 0.0,
        "avg_t2m_dist": 0.0,
        "proximity_score": 0.0,
        "note": "Only treasure distribution evaluated (no monsters found)"
      }
    },
    "geometric_balance": {
      "score": 0.463228715501495,
      "detail": {
        "symmetry_ratio": 0.1267605633802817,
        "uniformity_area": 0.8090067748905075,
        "uniformity_spacing": 0.9692818956213888,
        "score": 0.463228715501495
      }
    }
  },
  "category_scores": {
    "structural": 0.6809462964953366,
    "gameplay": 0.8765432098765432,
    "aesthetic": 0.463228715501495
  },
  "overall_score": 0.6735727406244583,
  "grade": "B",
  "details": {
    "accessibility": {
      "reachability_ratio": 1.0,
      "avg_path_length": 3.7746478873239435,
      "path_variance": 2.456258678833565,
      "normalized": [
        1.0,
        0.4607645875251509,
        0.9498722718605395
      ],
      "score": 0.7592441154623804
    },
    "degree_variance": {
      "raw_variance": 7.977385439396945,
      "normalized_variance": 0.006512151379099548,
      "score": 0.9870601464447275,