{
  "scores": {
    "accessibility": {
      "score": 0.746975698583398,
      "detail": {
        "reachability_ratio": 1.0,
        "avg_path_length": 4.071428571428571,
        "path_variance": 4.837755102040816,
        "normalized": [
          1.0,
          0.5476190476190477,
          0.7610985134794659
        ],
        "score": 0.746975698583398
      }
    },
    "degree_variance": {
      "score": 0.9892574372251279,
      "detail": {
        "raw_variance": 6.427755102040816,
        "normalized_variance": 0.005400340350380858,
        "score": 0.9892574372251279,
        "degrees": [
          10,
          13,
          9,
          9,
          2,
          8,
          2,
          6,
          6,
          9,
          4,
          4,
          6,
          5,
          6,
          4,
          7,
          4,
          8,
          7,
          4,
          8,
          6,
          2,
          5,
          4,
          8,
          4,
          8,
          2,
          5,
          6,
          5,
          1,
          2,
          2,
          2,
          2,
          2,
          2,
          3,
          4,
          2,
          2,
          2,
          2,
          3,
          2,
          2,
          2,
          3,
          3,
          2,
          3,
          3,
          2,
          2,
          2,
          2,
          3,
          2,
          3,
          2,
          3,
          2,
          3,
          2,
          2,
          2,
          3
        ],
        "max_variance": 1190.25,
        "room_count": 70,
        "mean_degree": 4.0285714285714285
      }
    },
    "door_distribution": {
      "score": 0.4919944966936898,
      "detail": {
        "cv": 0.6293302284107523,
        "avg_distance": 2.991853758654895,
        "avg_entropy": 0.7816457616557627,
        "weights": [
          0.3333333333333333,
          0.3333333333333333,
          0.3333333333333333
        ],
        "normalized": [
          0.6853348857946239,
          0.22681037225012263,
          0.5638382320363228
        ],
        "score": 0.4919944966936898,
        "debug": {
          "count": 141
        }
      }
    },
    "dead_end_ratio": {
      "score": 0.9857142857142858,
      "detail": {
        "dead_end_ratio": 0.014285714285714285,
        "dead_end_count": 1,
        "total_rooms": 70,
        "dead_end_rooms": [
          "room_33"
        ],
        "score": 0.9857142857142858
      }
    },
    "key_path_length": {
      "score": 0.1690133154060661,
      "detail": {
        "raw_length": 8,
        "diameter": 9,
        "normalized_length": 0.8888888888888888,
        "score": 0.1690133154060661,
        "path": [
          "room_0",
          "room_7",
          "room_9",
          "room_12",
          "room_15",
          "room_22",
          "room_25",
          "room_27",
          "room_29"
        ],
        "entrance": "room_0",
        "exit": "room_29"
      }
    },
    "loop_ratio": {
      "score": 0.8398540926827084,
      "detail": {
        "total_rooms": 70,
        "total_edges": 141,
        "connected_components": 1,
        "cyclomatic_number": 72,
        "loop_ratio": 1.0285714285714285,
        "sigmoid_loop_ratio": 0.8398540926827084,
        "algorithm": "Cyclomatic formula + Sigmoid normalization",
        "note": "Direct calculation using E - V + C formula, then sigmoid mapping to [0,1]",
        "score_breakdown": {
          "raw_loop_ratio": 1.0285714285714285,
          "sigmoid_loop_ratio": 0.8398540926827084,
          "final_score": 0.8398540926827084
        }
      }
    },
    "path_diversity": {
      "score": 0.5765725833383514,
      "detail": {
        "avg_path_diversity": 0.3157713131937327,
        "std_path_diversity": 0.1675959525902153,
        "max_path_diversity": 0.5476696643559062,
        "min_path_diversity": 0.0,
        "total_pairs_analyzed": 57,
        "rounds_completed": 12,
        "detailed_analysis": {
          "round_0": {
            "pairs_analyzed": 4,
            "avg_diversity": 0.39096670269000866
          },
          "round_1": {
            "pairs_analyzed": 4,
            "avg_diversity": 0.23778111422712672
          },
          "round_2": {
            "pairs_analyzed": 5,
            "avg_diversity": 0.3785750016127821
          },
          "round_3": {
            "pairs_analyzed": 5,
            "avg_diversity": 0.24420394160859712
          },
          "round_4": {
            "pairs_analyzed": 4,
            "avg_diversity": 0.11734203913515864
          },
          "round_5": {
            "pairs_analyzed": 4,
            "avg_diversity": 0.2675825644974925
          },
          "round_6": {
            "pairs_analyzed": 4,
            "avg_diversity": 0.2736622122772108
          },
          "round_7": {
            "pairs_analyzed": 5,
            "avg_diversity": 0.2937453012836232
          },
          "round_8": {
            "pairs_analyzed": 6,
            "avg_diversity": 0.32596858003498147
          },
          "round_9": {
            "pairs_analyzed": 5,
            "avg_diversity": 0.37950440653384676
          },
          "round_10": {
            "pairs_analyzed": 6,
            "avg_diversity": 0.37661032859056226
          },
          "round_11": {
            "pairs_analyzed": 5,
            "avg_diversity": 0.4308019227574533
          }
        },
        "adaptive_params": {
          "num_walks": 70,
          "max_walk_length": 13,
          "graph_diameter": 13,
          "avg_degree": 4.0285714285714285,
          "total_nodes": 70,
          "total_edges": 141
        },
        "algorithm": "Adaptive_random_walk_sampling",
        "sampling_strategy": "Multi-round (12 rounds, 6 pairs/round)",
        "normalization": "Robust_with_predefined_bounds",
        "fusion_method": "Geometric_mean_of_normalized_metrics",
        "performance": {
          "time_taken": 0.05968475341796875,
          "timeout": false
        }
      }
    },
    "treasure_monster_distribution": {
      "score": 0.875,
      "detail": {
        "cv_treasure": 1.0383279828647594,
        "uniformity_treasure": 0.875,
        "score": 0.875,
        "cv_monster": 0.0,
        "uniformity_monster": 0.0,
        "avg_t2m_dist": 0.0,
        "proximity_score": 0.0,
        "note": "Only treasure distribution evaluated (no monsters found)"
      }
    },
    "geometric_balance": {
      "score": 0.2835114042651862,
      "detail": {
        "symmetry_ratio": 0.02857142857142857,
        "uniformity_area": 0.8217839707861004,
        "uniformity_spacing": 0.9705590817390837,
        "score": 0.2835114042651862
      }
    }
  },
  "category_scores": {
    "structural": 0.6856259870919468,
    "gameplay": 0.875,
    "aesthetic": 0.2835114042651862
  },
  "overall_score": 0.614712463785711,
  "grade": "C",
  "details": {
    "accessibility": {
      "reachability_ratio": 1.0,
      "avg_path_length": 4.071428571428571,
      "path_variance": 4.837755102040816,
      "normalized": [
        1.0,
        0.5476190476190477,
        0.7610985134794659
      ],
      "score": 0.746975698583398
    },
    "degree_variance": {
      "raw_variance": 6.427755102040816,
      "normalized_variance": 0.005400340350380858,
      "score": 0.9892574372251279,