{
  "scores": {
    "accessibility": {
      "score": 0.7501595592091763,
      "detail": {
        "reachability_ratio": 1.0,
        "avg_path_length": 5.8765432098765435,
        "path_variance": 9.700807803688463,
        "normalized": [
          1.0,
          0.5479582146248813,
          0.7703950815695039
        ],
        "score": 0.7501595592091763
      }
    },
    "degree_variance": {
      "score": 0.9978490092797426,
      "detail": {
        "raw_variance": 6.976985215668343,
        "normalized_variance": 0.001076653711765494,
        "score": 0.9978490092797426,
        "degrees": [
          10,
          8,
          5,
          4,
          14,
          14,
          8,
          8,
          8,
          5,
          7,
          5,
          4,
          8,
          4,
          10,
          7,
          17,
          3,
          10,
          7,
          8,
          5,
          8,
          6,
          7,
          9,
          6,
          6,
          6,
          8,
          4,
          9,
          6,
          9,
          6,
          7,
          4,
          7,
          7,
          6,
          5,
          4,
          6,
          4,
          10,
          8,
          6,
          7,
          5,
          6,
          7,
          6,
          8,
          8,
          5,
          5,
          4,
          12,
          7,
          4,
          5,
          5,
          4,
          7,
          4,
          5,
          5,
          5,
          7,
          5,
          6,
          8,
          3,
          3,
          2,
          3,
          4,
          3,
          2,
          2,
          2,
          2,
          4,
          4,
          4,
          4,
          2,
          3,
          3,
          4,
          3,
          2,
          2,
          3,
          3,
          2,
          2,
          2,
          2,
          3,
          4,
          4,
          4,
          3,
          4,
          3,
          3,
          4,
          2,
          2,
          3,
          2,
          4,
          4,
          2,
          5,
          4,
          4,
          3,
          3,
          3,
          3,
          4,
          3,
          3,
          2,
          2,
          2,
          2,
          4,
          2,
          2,
          2,
          2,
          2,
          3,
          2,
          3,
          4,
          3,
          3,
          2,
          2,
          2,
          4,
          2,
          4,
          3,
          3,
          1,
          2,
          2,
          2,
          3,
          3,
          3,
          3,
          4,
          4,
          2,
          3
        ],
        "max_variance": 6480.25,
        "room_count": 162,
        "mean_degree": 4.617283950617284
      }
    },
    "door_distribution": {
      "score": 0.49425086121339834,
      "detail": {
        "cv": 0.5720675559493618,
        "avg_distance": 2.8783769811698052,
        "avg_entropy": 0.8583409232292079,
        "weights": [
          0.3333333333333333,
          0.3333333333333333,
          0.3333333333333333
        ],
        "normalized": [
          0.7139662220253191,
          0.1496242649474598,
          0.6191620966674163
        ],
        "score": 0.49425086121339834,
        "debug": {
          "count": 374
        }
      }
    },
    "dead_end_ratio": {
      "score": 0.9938271604938271,
      "detail": {
        "dead_end_ratio": 0.006172839506172839,
        "dead_end_count": 1,
        "total_rooms": 162,
        "dead_end_rooms": [
          "room_150"
        ],
        "score": 0.9938271604938271
      }
    },
    "key_path_length": {
      "score": 0.21471117234169726,
      "detail": {
        "raw_length": 10,
        "diameter": 13,
        "normalized_length": 0.7692307692307693,
        "score": 0.21471117234169726,
        "path": [
          "room_0",
          "room_1",
          "room_3",
          "room_5",
          "room_10",
          "room_15",
          "room_19",
          "room_57",
          "room_53",
          "room_58",
          "room_70"
        ],
        "entrance": "room_0",
        "exit": "room_70"
      }
    },
    "loop_ratio": {
      "score": 0.9028788865989529,
      "detail": {
        "total_rooms": 162,
        "total_edges": 374,
        "connected_components": 1,
        "cyclomatic_number": 213,
        "loop_ratio": 1.3148148148148149,
        "sigmoid_loop_ratio": 0.9028788865989529,
        "algorithm": "Cyclomatic formula + Sigmoid normalization",
        "note": "Direct calculation using E - V + C formula, then sigmoid mapping to [0,1]",
        "score_breakdown": {
          "raw_loop_ratio": 1.3148148148148149,
          "sigmoid_loop_ratio": 0.9028788865989529,
          "final_score": 0.9028788865989529
        }
      }
    },
    "path_diversity": {
      "score": 0.5462277231327003,
      "detail": {
        "avg_path_diversity": 0.32344783553301026,
        "std_path_diversity": 0.20595074447743122,
        "max_path_diversity": 0.5921483327100042,
        "min_path_diversity": 0.0,
        "total_pairs_analyzed": 131,
        "rounds_completed": 18,
        "detailed_analysis": {
          "round_0": {
            "pairs_analyzed": 8,
            "avg_diversity": 0.38869071289502277
          },
          "round_1": {
            "pairs_analyzed": 6,
            "avg_diversity": 0.36862020774394694
          },
          "round_2": {
            "pairs_analyzed": 9,
            "avg_diversity": 0.23763418408209336
          },
          "round_3": {
            "pairs_analyzed": 5,
            "avg_diversity": 0.429520410309995
          },
          "round_4": {
            "pairs_analyzed": 8,
            "avg_diversity": 0.41586767530546687
          },
          "round_5": {
            "pairs_analyzed": 8,
            "avg_diversity": 0.2817004206542401
          },
          "round_6": {
            "pairs_analyzed": 6,
            "avg_diversity": 0.37906536583820943
          },
          "round_7": {
            "pairs_analyzed": 10,
            "avg_diversity": 0.35425949725806044
          },
          "round_8": {
            "pairs_analyzed": 5,
            "avg_diversity": 0.28756449365417563
          },
          "round_9": {
            "pairs_analyzed": 7,
            "avg_diversity": 0.3216703353790288
          },
          "round_10": {
            "pairs_analyzed": 7,
            "avg_diversity": 0.37719229842093444
          },
          "round_11": {
            "pairs_analyzed": 8,
            "avg_diversity": 0.3679048348241657
          },
          "round_12": {
            "pairs_analyzed": 5,
            "avg_diversity": 0.2820408998703011
          },
          "round_13": {
            "pairs_analyzed": 9,
            "avg_diversity": 0.275629415006018
          },
          "round_14": {
            "pairs_analyzed": 8,
            "avg_diversity": 0.27313343186502825
          },
          "round_15": {
            "pairs_analyzed": 8,
            "avg_diversity": 0.33220852005919277
          },
          "round_16": {
            "pairs_analyzed": 7,
            "avg_diversity": 0.29601847427299605
          },
          "round_17": {
            "pairs_analyzed": 7,
            "avg_diversity": 0.18396344406425616
          }
        },
        "adaptive_params": {
          "num_walks": 162,
          "max_walk_length": 19,
          "graph_diameter": 19,
          "avg_degree": 4.617283950617284,
          "total_nodes": 162,
          "total_edges": 374
        },
        "algorithm": "Adaptive_random_walk_sampling",
        "sampling_strategy": "Multi-round (18 rounds, 10 pairs/round)",
        "normalization": "Robust_with_predefined_bounds",
        "fusion_method": "Geometric_mean_of_normalized_metrics",
        "performance": {
          "time_taken": 0.49994492530822754,
          "timeout": false
        }
      }
    },