{
  "scores": {
    "accessibility": {
      "score": 0.6903051392439425,
      "detail": {
        "reachability_ratio": 1.0,
        "avg_path_length": 2.566666666666667,
        "path_variance": 1.3122222222222222,
        "normalized": [
          1.0,
          0.3583333333333333,
          0.9179861111111112
        ],
        "score": 0.6903051392439425
      }
    },
    "degree_variance": {
      "score": 0.9651507230676175,
      "detail": {
        "raw_variance": 3.7288888888888887,
        "normalized_variance": 0.017735500066058923,
        "score": 0.9651507230676175,
        "degrees": [
          7,
          9,
          8,
          5,
          5,
          4,
          5,
          4,
          4,
          4,
          4,
          2,
          2,
          2,
          2,
          1,
          2,
          2,
          2,
          2,
          2,
          2,
          3,
          2,
          2,
          2,
          3,
          2,
          2,
          2
        ],
        "max_variance": 210.25,
        "room_count": 30,
        "mean_degree": 3.2666666666666666
      }
    },
    "door_distribution": {
      "score": 0.5202695442910122,
      "detail": {
        "cv": 0.5911325860391934,
        "avg_distance": 4.399955061466112,
        "avg_entropy": 0.7047638911486694,
        "weights": [
          0.3333333333333333,
          0.3333333333333333,
          0.3333333333333333
        ],
        "normalized": [
          0.7044337069804033,
          0.34799524051373615,
          0.5083796853788973
        ],
        "score": 0.5202695442910122,
        "debug": {
          "count": 49
        }
      }
    },
    "dead_end_ratio": {
      "score": 0.9666666666666667,
      "detail": {
        "dead_end_ratio": 0.03333333333333333,
        "dead_end_count": 1,
        "total_rooms": 30,
        "dead_end_rooms": [
          "room_15"
        ],
        "score": 0.9666666666666667
      }
    },
    "key_path_length": {
      "score": 0.1353352832366127,
      "detail": {
        "raw_length": 4,
        "diameter": 4,
        "normalized_length": 1.0,
        "score": 0.1353352832366127,
        "path": [
          "room_0",
          "room_2",
          "room_6",
          "room_10",
          "room_14"
        ],
        "entrance": "room_0",
        "exit": "room_14"
      }
    },
    "loop_ratio": {
      "score": 0.71775105695774,
      "detail": {
        "total_rooms": 30,
        "total_edges": 49,
        "connected_components": 1,
        "cyclomatic_number": 20,
        "loop_ratio": 0.6666666666666666,
        "sigmoid_loop_ratio": 0.71775105695774,
        "algorithm": "Cyclomatic formula + Sigmoid normalization",
        "note": "Direct calculation using E - V + C formula, then sigmoid mapping to [0,1]",
        "score_breakdown": {
          "raw_loop_ratio": 0.6666666666666666,
          "sigmoid_loop_ratio": 0.71775105695774,
          "final_score": 0.71775105695774
        }
      }
    },
    "path_diversity": {
      "score": 0.34474859417433296,
      "detail": {
        "avg_path_diversity": 0.23471967636812507,
        "std_path_diversity": 0.21704918030053466,
        "max_path_diversity": 0.6808430268737563,
        "min_path_diversity": 0.0,
        "total_pairs_analyzed": 39,
        "rounds_completed": 8,
        "detailed_analysis": {
          "round_0": {
            "pairs_analyzed": 5,
            "avg_diversity": 0.3043659996853228
          },
          "round_1": {
            "pairs_analyzed": 5,
            "avg_diversity": 0.21965727066029742
          },
          "round_2": {
            "pairs_analyzed": 6,
            "avg_diversity": 0.2277932134082754
          },
          "round_3": {
            "pairs_analyzed": 4,
            "avg_diversity": 0.12331132111869567
          },
          "round_4": {
            "pairs_analyzed": 5,
            "avg_diversity": 0.2595929287928442
          },
          "round_5": {
            "pairs_analyzed": 5,
            "avg_diversity": 0.2397554884619005
          },
          "round_6": {
            "pairs_analyzed": 4,
            "avg_diversity": 0.23711575371778515
          },
          "round_7": {
            "pairs_analyzed": 5,
            "avg_diversity": 0.24574827211189554
          }
        },
        "adaptive_params": {
          "num_walks": 30,
          "max_walk_length": 6,
          "graph_diameter": 6,
          "avg_degree": 3.2666666666666666,
          "total_nodes": 30,
          "total_edges": 49
        },
        "algorithm": "Adaptive_random_walk_sampling",
        "sampling_strategy": "Multi-round (8 rounds, 6 pairs/round)",
        "normalization": "Robust_with_predefined_bounds",
        "fusion_method": "Geometric_mean_of_normalized_metrics",
        "performance": {
          "time_taken": 0.008378267288208008,
          "timeout": false
        }
      }
    },
    "treasure_monster_distribution": {
      "score": 0.7220766664881395,
      "detail": {
        "cv_treasure": 1.4966629547095769,
        "uniformity_treasure": 0.7220766664881395,
        "score": 0.7220766664881395,
        "cv_monster": 0.0,
        "uniformity_monster": 0.0,
        "avg_t2m_dist": 0.0,
        "proximity_score": 0.0,
        "note": "Only treasure distribution evaluated (no monsters found)"
      }
    },
    "geometric_balance": {
      "score": 0.7960845463224934,
      "detail": {
        "symmetry_ratio": 0.6666666666666666,
        "uniformity_area": 0.7882381305202382,
        "uniformity_spacing": 0.9600887915278662,
        "score": 0.7960845463224934
      }
    }
  },
  "category_scores": {
    "structural": 0.6200324296625607,
    "gameplay": 0.7220766664881395,
    "aesthetic": 0.7960845463224934
  },
  "overall_score": 0.7127312141577311,
  "grade": "B",
  "details": {
    "accessibility": {
      "reachability_ratio": 1.0,
      "avg_path_length": 2.566666666666667,
      "path_variance": 1.3122222222222222,
      "normalized": [
        1.0,
        0.3583333333333333,
        0.9179861111111112
      ],
      "score": 0.6903051392439425
    },
    "degree_variance": {
      "raw_variance": 3.7288888888888887,
      "normalized_variance": 0.017735500066058923,
      "score": 0.9651507230676175,
      "degrees": [
        7,
        9,
        8,
        5,
        5,
        4,
        5,
        4,
        4,
        4,
        4,
        2,
        2,
        2,
        2,
        1,
        2,
        2,
        2,
        2,
        2,
        2,
        3,
        2,
        2,
        2,
        3,
        2,
        2,
        2
      ],
      "max_variance": 210.25,
      "room_count": 30,
      "mean_degree": 3.2666666666666666
    },
    "door_distribution": {
      "cv": 0.5911325860391934,
      "avg_distance": 4.399955061466112,
      "avg_entropy": 0.7047638911486694,
      "weights": [
        0.3333333333333333,
        0.3333333333333333,
        0.3333333333333333
      ],
      "normalized": [
        0.7044337069804033,
        0.34799524051373615,
        0.5083796853788973
      ],
      "score": 0.5202695442910122,
      "debug": {
        "count": 49
      }
    },
    "dead_end_ratio": {
      "dead_end_ratio": 0.03333333333333333,
      "dead_end_count": 1,
      "total_rooms": 30,
      "dead_end_rooms": [
        "room_15"
      ],
      "score": 0.9666666666666667
    },
    "key_path_length": {
      "raw_length": 4,
      "diameter": 4,
      "normalized_length": 1.0,
      "score": 0.1353352832366127,
      "path": [
        "room_0",
        "room_2",
        "room_6",
        "room_10",
        "room_14"
      ],
      "entrance": "room_0",
      "exit": "room_14"
    },
    "loop_ratio": {
      "total_rooms": 30,
      "total_edges": 49,
      "connected_components": 1,
      "cyclomatic_number": 20,
      "loop_ratio": 0.6666666666666666,
      "sigmoid_loop_ratio": 0.71775105695774,
      "algorithm": "Cyclomatic formula + Sigmoid normalization",