{
  "scores": {
    "accessibility": {
      "score": 0.7681550586050896,
      "detail": {
        "reachability_ratio": 1.0,
        "avg_path_length": 2.066666666666667,
        "path_variance": 0.9955555555555555,
        "normalized": [
          1.0,
          0.4833333333333333,
          0.9377777777777778
        ],
        "score": 0.7681550586050896
      }
    },
    "degree_variance": {
      "score": 0.8753320950437897,
      "detail": {
        "raw_variance": 3.262222222222222,
        "normalized_variance": 0.06657596371882085,
        "score": 0.8753320950437897,
        "degrees": [
          3,
          8,
          4,
          6,
          3,
          3,
          2,
          1,
          2,
          2,
          2,
          2,
          2,
          3,
          1
        ],
        "max_variance": 49.0,
        "room_count": 15,
        "mean_degree": 2.933333333333333
      }
    },
    "door_distribution": {
      "score": 0.5684252270691573,
      "detail": {
        "cv": 0.6157371447338212,
        "avg_distance": 4.266450713197494,
        "avg_entropy": 0.7404198399398295,
        "weights": [
          0.3333333333333333,
          0.3333333333333333,
          0.3333333333333333
        ],
        "normalized": [
          0.6921314276330894,
          0.47904423794588674,
          0.5341000156284961
        ],
        "score": 0.5684252270691573,
        "debug": {
          "count": 22
        }
      }
    },
    "dead_end_ratio": {
      "score": 0.8666666666666667,
      "detail": {
        "dead_end_ratio": 0.13333333333333333,
        "dead_end_count": 2,
        "total_rooms": 15,
        "dead_end_rooms": [
          "room_7",
          "room_14"
        ],
        "score": 0.8666666666666667
      }
    },
    "key_path_length": {
      "score": 0.22313016014842982,
      "detail": {
        "raw_length": 3,
        "diameter": 4,
        "normalized_length": 0.75,
        "score": 0.22313016014842982,
        "path": [
          "room_0",
          "room_1",
          "room_3",
          "room_5"
        ],
        "entrance": "room_0",
        "exit": "room_5"
      }
    },
    "loop_ratio": {
      "score": 0.6607563687658172,
      "detail": {
        "total_rooms": 15,
        "total_edges": 22,
        "connected_components": 1,
        "cyclomatic_number": 8,
        "loop_ratio": 0.5333333333333333,
        "sigmoid_loop_ratio": 0.6607563687658172,
        "algorithm": "Cyclomatic formula + Sigmoid normalization",
        "note": "Direct calculation using E - V + C formula, then sigmoid mapping to [0,1]",
        "score_breakdown": {
          "raw_loop_ratio": 0.5333333333333333,
          "sigmoid_loop_ratio": 0.6607563687658172,
          "final_score": 0.6607563687658172
        }
      }
    },
    "path_diversity": {
      "score": 0.4099670705273566,
      "detail": {
        "avg_path_diversity": 0.26838644720293037,
        "std_path_diversity": 0.20544917113164263,
        "max_path_diversity": 0.6546536697635116,
        "min_path_diversity": 0.0,
        "total_pairs_analyzed": 42,
        "rounds_completed": 4,
        "detailed_analysis": {
          "round_0": {
            "pairs_analyzed": 11,
            "avg_diversity": 0.3078151256567001
          },
          "round_1": {
            "pairs_analyzed": 11,
            "avg_diversity": 0.20998353033065423
          },
          "round_2": {
            "pairs_analyzed": 10,
            "avg_diversity": 0.3362428186768812
          },
          "round_3": {
            "pairs_analyzed": 10,
            "avg_diversity": 0.2214017379893364
          }
        },
        "adaptive_params": {
          "num_walks": 15,
          "max_walk_length": 4,
          "graph_diameter": 4,
          "avg_degree": 2.933333333333333,
          "total_nodes": 15,
          "total_edges": 22
        },
        "algorithm": "Adaptive_random_walk_sampling",
        "sampling_strategy": "Multi-round (4 rounds, 12 pairs/round)",
        "normalization": "Robust_with_predefined_bounds",
        "fusion_method": "Geometric_mean_of_normalized_metrics",
        "performance": {
          "time_taken": 0.003098011016845703,
          "timeout": false
        }
      }
    },
    "treasure_monster_distribution": {
      "score": 0.0,
      "detail": {
        "reason": "No treasures found"
      }
    },
    "geometric_balance": {
      "score": 0.4333172502063373,
      "detail": {
        "symmetry_ratio": 0.13333333333333333,
        "uniformity_area": 0.6558674152992922,
        "uniformity_spacing": 0.9303859512668946,
        "score": 0.4333172502063373
      }
    }
  },
  "category_scores": {
    "structural": 0.6246332352609011,
    "gameplay": 0.0,
    "aesthetic": 0.4333172502063373
  },
  "overall_score": 0.35265016182241277,
  "grade": "D",
  "details": {
    "accessibility": {
      "reachability_ratio": 1.0,
      "avg_path_length": 2.066666666666667,
      "path_variance": 0.9955555555555555,
      "normalized": [
        1.0,
        0.4833333333333333,
        0.9377777777777778
      ],
      "score": 0.7681550586050896
    },
    "degree_variance": {
      "raw_variance": 3.262222222222222,
      "normalized_variance": 0.06657596371882085,
      "score": 0.8753320950437897,
      "degrees": [
        3,
        8,
        4,
        6,
        3,
        3,
        2,
        1,
        2,
        2,
        2,
        2,
        2,
        3,
        1
      ],
      "max_variance": 49.0,
      "room_count": 15,
      "mean_degree": 2.933333333333333
    },
    "door_distribution": {
      "cv": 0.6157371447338212,
      "avg_distance": 4.266450713197494,
      "avg_entropy": 0.7404198399398295,
      "weights": [
        0.3333333333333333,
        0.3333333333333333,
        0.3333333333333333
      ],
      "normalized": [
        0.6921314276330894,
        0.47904423794588674,
        0.5341000156284961
      ],
      "score": 0.5684252270691573,
      "debug": {
        "count": 22
      }
    },
    "dead_end_ratio": {
      "dead_end_ratio": 0.13333333333333333,
      "dead_end_count": 2,
      "total_rooms": 15,
      "dead_end_rooms": [
        "room_7",
        "room_14"
      ],
      "score": 0.8666666666666667
    },
    "key_path_length": {
      "raw_length": 3,
      "diameter": 4,
      "normalized_length": 0.75,
      "score": 0.22313016014842982,
      "path": [
        "room_0",
        "room_1",
        "room_3",
        "room_5"
      ],
      "entrance": "room_0",
      "exit": "room_5"
    },
    "loop_ratio": {
      "total_rooms": 15,
      "total_edges": 22,
      "connected_components": 1,
      "cyclomatic_number": 8,
      "loop_ratio": 0.5333333333333333,
      "sigmoid_loop_ratio": 0.6607563687658172,
      "algorithm": "Cyclomatic formula + Sigmoid normalization",
      "note": "Direct calculation using E - V + C formula, then sigmoid mapping to [0,1]",
      "score_breakdown": {
        "raw_loop_ratio": 0.5333333333333333,
        "sigmoid_loop_ratio": 0.6607563687658172,
        "final_score": 0.6607563687658172
      }
    },
    "path_diversity": {
      "avg_path_diversity": 0.26838644720293037,
      "std_path_diversity": 0.20544917113164263,
      "max_path_diversity": 0.6546536697635116,
      "min_path_diversity": 0.0,
      "total_pairs_analyzed": 42,
      "rounds_completed": 4,
      "detailed_analysis": {
        "round_0": {
          "pairs_analyzed": 11,
          "avg_diversity": 0.3078151256567001
        },
        "round_1": {
          "pairs_analyzed": 11,
          "avg_diversity": 0.20998353033065423
        },
        "round_2": {
          "pairs_analyzed": 10,
          "avg_diversity": 0.3362428186768812
        },
        "round_3": {
          "pairs_analyzed": 10,
          "avg_diversity": 0.2214017379893364
        }
      },
      "adaptive_params": {
        "num_walks": 15,
        "max_walk_length": 4,
        "graph_diameter": 4,