{
  "scores": {
    "accessibility": {
      "score": 0.73622701654455,
      "detail": {
        "reachability_ratio": 1.0,
        "avg_path_length": 3.45,
        "path_variance": 2.1975000000000002,
        "normalized": [
          1.0,
          0.425,
          0.9389583333333333
        ],
        "score": 0.73622701654455
      }
    },
    "degree_variance": {
      "score": 0.9864178672755951,
      "detail": {
        "raw_variance": 2.6,
        "normalized_variance": 0.006837606837606838,
        "score": 0.9864178672755951,
        "degrees": [
          6,
          5,
          4,
          6,
          6,
          4,
          4,
          4,
          6,
          6,
          6,
          6,
          2,
          2,
          3,
          4,
          2,
          2,
          2,
          1,
          2,
          2,
          2,
          2,
          2,
          2,
          2,
          2,
          2,
          2,
          2,
          2,
          2,
          2,
          2,
          2,
          2,
          2,
          1,
          2
        ],
        "max_variance": 380.25,
        "room_count": 40,
        "mean_degree": 3.0
      }
    },
    "door_distribution": {
      "score": 0.5068849636699889,
      "detail": {
        "cv": 0.53748384988657,
        "avg_distance": 4.487233176751767,
        "avg_entropy": 0.7621160474821265,
        "weights": [
          0.3333333333333333,
          0.3333333333333333,
          0.3333333333333333
        ],
        "normalized": [
          0.731258075056715,
          0.23964629481107097,
          0.5497505211421808
        ],
        "score": 0.5068849636699889,
        "debug": {
          "count": 60
        }
      }
    },
    "dead_end_ratio": {
      "score": 0.95,
      "detail": {
        "dead_end_ratio": 0.05,
        "dead_end_count": 2,
        "total_rooms": 40,
        "dead_end_rooms": [
          "room_38",
          "room_19"
        ],
        "score": 0.95
      }
    },
    "key_path_length": {
      "score": 0.26359713811572677,
      "detail": {
        "raw_length": 4,
        "diameter": 6,
        "normalized_length": 0.6666666666666666,
        "score": 0.26359713811572677,
        "path": [
          "room_0",
          "room_2",
          "room_4",
          "room_8",
          "room_13"
        ],
        "entrance": "room_0",
        "exit": "room_13"
      }
    },
    "loop_ratio": {
      "score": 0.6570104626734988,
      "detail": {
        "total_rooms": 40,
        "total_edges": 60,
        "connected_components": 1,
        "cyclomatic_number": 21,
        "loop_ratio": 0.525,
        "sigmoid_loop_ratio": 0.6570104626734988,
        "algorithm": "Cyclomatic formula + Sigmoid normalization",
        "note": "Direct calculation using E - V + C formula, then sigmoid mapping to [0,1]",
        "score_breakdown": {
          "raw_loop_ratio": 0.525,
          "sigmoid_loop_ratio": 0.6570104626734988,
          "final_score": 0.6570104626734988
        }
      }
    },
    "path_diversity": {
      "score": 0.4049588283832618,
      "detail": {
        "avg_path_diversity": 0.3209435318924211,
        "std_path_diversity": 0.1842062395206847,
        "max_path_diversity": 0.7925337328086923,
        "min_path_diversity": 0.0,
        "total_pairs_analyzed": 46,
        "rounds_completed": 11,
        "detailed_analysis": {
          "round_0": {
            "pairs_analyzed": 5,
            "avg_diversity": 0.2322536603742685
          },
          "round_1": {
            "pairs_analyzed": 4,
            "avg_diversity": 0.14414175428137466
          },
          "round_2": {
            "pairs_analyzed": 3,
            "avg_diversity": 0.3475918027058605
          },
          "round_3": {
            "pairs_analyzed": 4,
            "avg_diversity": 0.3593781308663366
          },
          "round_4": {
            "pairs_analyzed": 5,
            "avg_diversity": 0.3578344310260559
          },
          "round_5": {
            "pairs_analyzed": 5,
            "avg_diversity": 0.3710217875212535
          },
          "round_6": {
            "pairs_analyzed": 4,
            "avg_diversity": 0.44708904088455187
          },
          "round_7": {
            "pairs_analyzed": 4,
            "avg_diversity": 0.39593028196058305
          },
          "round_8": {
            "pairs_analyzed": 4,
            "avg_diversity": 0.2792708486629259
          },
          "round_9": {
            "pairs_analyzed": 5,
            "avg_diversity": 0.32216251348752223
          },
          "round_10": {
            "pairs_analyzed": 3,
            "avg_diversity": 0.2670082900883998
          }
        },
        "adaptive_params": {
          "num_walks": 40,
          "max_walk_length": 10,
          "graph_diameter": 10,
          "avg_degree": 3.0,
          "total_nodes": 40,
          "total_edges": 60
        },
        "algorithm": "Adaptive_random_walk_sampling",
        "sampling_strategy": "Multi-round (11 rounds, 5 pairs/round)",
        "normalization": "Robust_with_predefined_bounds",
        "fusion_method": "Geometric_mean_of_normalized_metrics",
        "performance": {
          "time_taken": 0.019253015518188477,
          "timeout": false
        }
      }
    },
    "treasure_monster_distribution": {
      "score": 0.8,
      "detail": {
        "cv_treasure": 1.2489995996796797,
        "uniformity_treasure": 0.8,
        "score": 0.8,
        "cv_monster": 0.0,
        "uniformity_monster": 0.0,
        "avg_t2m_dist": 0.0,
        "proximity_score": 0.0,
        "note": "Only treasure distribution evaluated (no monsters found)"
      }
    },
    "geometric_balance": {
      "score": 0.5347285812159136,
      "detail": {
        "symmetry_ratio": 0.2,
        "uniformity_area": 0.7934891112018503,
        "uniformity_spacing": 0.9634500999099158,
        "score": 0.5347285812159136
      }
    }
  },
  "category_scores": {
    "structural": 0.6435851823803747,
    "gameplay": 0.8,
    "aesthetic": 0.5347285812159136
  },
  "overall_score": 0.6594379211987627,
  "grade": "B",
  "details": {
    "accessibility": {
      "reachability_ratio": 1.0,
      "avg_path_length": 3.45,
      "path_variance": 2.1975000000000002,
      "normalized": [
        1.0,
        0.425,
        0.9389583333333333
      ],
      "score": 0.73622701654455
    },
    "degree_variance": {
      "raw_variance": 2.6,
      "normalized_variance": 0.006837606837606838,
      "score": 0.9864178672755951,
      "degrees": [
        6,
        5,
        4,
        6,
        6,
        4,
        4,
        4,
        6,
        6,
        6,
        6,
        2,
        2,
        3,
        4,
        2,
        2,
        2,
        1,
        2,
        2,
        2,
        2,
        2,
        2,
        2,
        2,
        2,
        2,
        2,
        2,
        2,
        2,
        2,
        2,
        2,
        2,
        1,
        2
      ],
      "max_variance": 380.25,
      "room_count": 40,
      "mean_degree": 3.0
    },
    "door_distribution": {
      "cv": 0.53748384988657,
      "avg_distance": 4.487233176751767,
      "avg_entropy": 0.7621160474821265,
      "weights": [
        0.3333333333333333,
        0.3333333333333333,
        0.3333333333333333
      ],
      "normalized": [
        0.731258075056715,
        0.23964629481107097,
        0.5497505211421808
      ],
      "score": 0.5068849636699889,
      "debug": {
        "count": 60
      }
    },
    "dead_end_ratio": {
      "dead_end_ratio": 0.05,
      "dead_end_count": 2,
      "total_rooms": 40,
      "dead_end_rooms": [
        "room_38",
        "room_19"
      ],
      "score": 0.95
    },
    "key_path_length": {
      "raw_length": 4,
      "diameter": 6,
      "normalized_length": 0.6666666666666666,
      "score": 0.26359713811572677,