{
  "scores": {
    "accessibility": {
      "score": 0.7972956920301136,
      "detail": {
        "reachability_ratio": 1.0,
        "avg_path_length": 3.1875,
        "path_variance": 3.40234375,
        "normalized": [
          1.0,
          0.5446428571428571,
          0.9305644132653061
        ],
        "score": 0.7972956920301136
      }
    },
    "degree_variance": {
      "score": 0.9742268361685398,
      "detail": {
        "raw_variance": 0.734375,
        "normalized_variance": 0.013055555555555556,
        "score": 0.9742268361685398,
        "degrees": [
          2,
          2,
          3,
          2,
          4,
          3,
          2,
          3,
          2,
          4,
          2,
          3,
          4,
          2,
          3,
          1
        ],
        "max_variance": 56.25,
        "room_count": 16,
        "mean_degree": 2.625
      }
    },
    "door_distribution": {
      "score": 0.6390089868425745,
      "detail": {
        "cv": 0.3264597428762402,
        "avg_distance": 9.548863528981812,
        "avg_entropy": 0.8694267256287432,
        "weights": [
          0.3333333333333333,
          0.3333333333333333,
          0.3333333333333333
        ],
        "normalized": [
          0.8367701285618799,
          0.45309801922538484,
          0.6271588127404587
        ],
        "score": 0.6390089868425745,
        "debug": {
          "count": 21
        }
      }
    },
    "dead_end_ratio": {
      "score": 0.9375,
      "detail": {
        "dead_end_ratio": 0.0625,
        "dead_end_count": 1,
        "total_rooms": 16,
        "dead_end_rooms": [
          "room_16"
        ],
        "score": 0.9375
      }
    },
    "key_path_length": {
      "score": 0.1353352832366127,
      "detail": {
        "raw_length": 7,
        "diameter": 7,
        "normalized_length": 1.0,
        "score": 0.1353352832366127,
        "path": [
          "room_1",
          "room_2",
          "room_3",
          "room_10",
          "room_11",
          "room_12",
          "room_15",
          "room_16"
        ],
        "entrance": "room_1",
        "exit": "room_16"
      }
    },
    "loop_ratio": {
      "score": 0.5866175789173301,
      "detail": {
        "total_rooms": 16,
        "total_edges": 21,
        "connected_components": 1,
        "cyclomatic_number": 6,
        "loop_ratio": 0.375,
        "sigmoid_loop_ratio": 0.5866175789173301,
        "algorithm": "Cyclomatic formula + Sigmoid normalization",
        "note": "Direct calculation using E - V + C formula, then sigmoid mapping to [0,1]",
        "score_breakdown": {
          "raw_loop_ratio": 0.375,
          "sigmoid_loop_ratio": 0.5866175789173301,
          "final_score": 0.5866175789173301
        }
      }
    },
    "path_diversity": {
      "score": 0.261379494228247,
      "detail": {
        "avg_path_diversity": 0.15090752113561312,
        "std_path_diversity": 0.20325151358766982,
        "max_path_diversity": 0.5773502683566853,
        "min_path_diversity": 0.0,
        "total_pairs_analyzed": 45,
        "rounds_completed": 5,
        "detailed_analysis": {
          "round_0": {
            "pairs_analyzed": 9,
            "avg_diversity": 0.19512471794719988
          },
          "round_1": {
            "pairs_analyzed": 9,
            "avg_diversity": 0.13814177842043285
          },
          "round_2": {
            "pairs_analyzed": 9,
            "avg_diversity": 0.16024004721100515
          },
          "round_3": {
            "pairs_analyzed": 9,
            "avg_diversity": 0.12731035540544322
          },
          "round_4": {
            "pairs_analyzed": 9,
            "avg_diversity": 0.13372070669398445
          }
        },
        "adaptive_params": {
          "num_walks": 16,
          "max_walk_length": 4,
          "graph_diameter": 4,
          "avg_degree": 2.625,
          "total_nodes": 16,
          "total_edges": 21
        },
        "algorithm": "Adaptive_random_walk_sampling",
        "sampling_strategy": "Multi-round (5 rounds, 10 pairs/round)",
        "normalization": "Robust_with_predefined_bounds",
        "fusion_method": "Geometric_mean_of_normalized_metrics",
        "performance": {
          "time_taken": 0.0035867691040039062,
          "timeout": false
        }
      }
    },
    "treasure_monster_distribution": {
      "score": 0.750205069995604,
      "detail": {
        "cv_treasure": 1.2371791482634835,
        "uniformity_treasure": 0.6805617175000301,
        "score": 0.750205069995604,
        "cv_monster": 1.1236664374387366,
        "uniformity_monster": 0.7098705734071703,
        "avg_t2m_dist": 5.753673213394384,
        "proximity_score": 0.8739634999274288
      }
    },
    "geometric_balance": {
      "score": 0.48569107533517697,
      "detail": {
        "symmetry_ratio": 0.125,
        "uniformity_area": 0.9548246048547374,
        "uniformity_spacing": 0.9599458934846093,
        "score": 0.48569107533517697
      }
    }
  },
  "category_scores": {
    "structural": 0.6187662673462027,
    "gameplay": 0.750205069995604,
    "aesthetic": 0.48569107533517697
  },
  "overall_score": 0.6182208042256612,
  "grade": "C",
  "details": {
    "accessibility": {
      "reachability_ratio": 1.0,
      "avg_path_length": 3.1875,
      "path_variance": 3.40234375,
      "normalized": [
        1.0,
        0.5446428571428571,
        0.9305644132653061
      ],
      "score": 0.7972956920301136
    },
    "degree_variance": {
      "raw_variance": 0.734375,
      "normalized_variance": 0.013055555555555556,
      "score": 0.9742268361685398,
      "degrees": [
        2,
        2,
        3,
        2,
        4,
        3,
        2,
        3,
        2,
        4,
        2,
        3,
        4,
        2,
        3,
        1
      ],
      "max_variance": 56.25,
      "room_count": 16,
      "mean_degree": 2.625
    },
    "door_distribution": {
      "cv": 0.3264597428762402,
      "avg_distance": 9.548863528981812,
      "avg_entropy": 0.8694267256287432,
      "weights": [
        0.3333333333333333,
        0.3333333333333333,
        0.3333333333333333
      ],
      "normalized": [
        0.8367701285618799,
        0.45309801922538484,
        0.6271588127404587
      ],
      "score": 0.6390089868425745,
      "debug": {
        "count": 21
      }
    },
    "dead_end_ratio": {
      "dead_end_ratio": 0.0625,
      "dead_end_count": 1,
      "total_rooms": 16,
      "dead_end_rooms": [
        "room_16"
      ],
      "score": 0.9375
    },
    "key_path_length": {
      "raw_length": 7,
      "diameter": 7,
      "normalized_length": 1.0,
      "score": 0.1353352832366127,
      "path": [
        "room_1",
        "room_2",
        "room_3",
        "room_10",
        "room_11",
        "room_12",
        "room_15",
        "room_16"
      ],
      "entrance": "room_1",
      "exit": "room_16"
    },
    "loop_ratio": {
      "total_rooms": 16,
      "total_edges": 21,
      "connected_components": 1,
      "cyclomatic_number": 6,
      "loop_ratio": 0.375,
      "sigmoid_loop_ratio": 0.5866175789173301,
      "algorithm": "Cyclomatic formula + Sigmoid normalization",
      "note": "Direct calculation using E - V + C formula, then sigmoid mapping to [0,1]",
      "score_breakdown": {
        "raw_loop_ratio": 0.375,
        "sigmoid_loop_ratio": 0.5866175789173301,
        "final_score": 0.5866175789173301
      }
    },
    "path_diversity": {
      "avg_path_diversity": 0.15090752113561312,
      "std_path_diversity": 0.20325151358766982,
      "max_path_diversity": 0.5773502683566853,
      "min_path_diversity": 0.0,
      "total_pairs_analyzed": 45,
      "rounds_completed": 5,
      "detailed_analysis": {
        "round_0": {
          "pairs_analyzed": 9,
          "avg_diversity": 0.19512471794719988
        },
        "round_1": {
          "pairs_analyzed": 9,
          "avg_diversity": 0.13814177842043285
        },