{
  "scores": {
    "accessibility": {
      "score": 0.6806466075551717,
      "detail": {
        "reachability_ratio": 1.0,
        "avg_path_length": 2.909090909090909,
        "path_variance": 1.537190082644628,
        "normalized": [
          1.0,
          0.41818181818181815,
          0.7540495867768595
        ],
        "score": 0.6806466075551717
      }
    },
    "degree_variance": {
      "score": 0.9838532659225844,
      "detail": {
        "raw_variance": 0.6592797783933517,
        "normalized_variance": 0.008139256523374713,
        "score": 0.9838532659225844,
        "degrees": [
          1,
          1,
          2,
          1,
          3,
          2,
          3,
          1,
          1,
          3,
          2,
          1,
          2,
          3,
          2,
          1,
          2,
          1,
          3
        ],
        "max_variance": 81.0,
        "room_count": 19,
        "mean_degree": 1.8421052631578947
      }
    },
    "door_distribution": {
      "score": 0.4530660387008572,
      "detail": {
        "cv": 0.6387487769068524,
        "avg_distance": 5.701798656880043,
        "avg_entropy": 0.5150398132725879,
        "weights": [
          0.3333333333333333,
          0.3333333333333333,
          0.3333333333333333
        ],
        "normalized": [
          0.6806256115465739,
          0.3070498123216276,
          0.3715226922343701
        ],
        "score": 0.4530660387008572,
        "debug": {
          "count": 25
        }
      }
    },
    "dead_end_ratio": {
      "score": 0.5789473684210527,
      "detail": {
        "dead_end_ratio": 0.42105263157894735,
        "dead_end_count": 8,
        "total_rooms": 19,
        "dead_end_rooms": [
          "room_1",
          "room_9",
          "room_18",
          "room_12",
          "room_2",
          "room_8",
          "room_16",
          "room_4"
        ],
        "score": 0.5789473684210527
      }
    },
    "key_path_length": {
      "score": 0.6065306597126334,
      "detail": {
        "raw_length": 2,
        "diameter": 8,
        "normalized_length": 0.25,
        "score": 0.6065306597126334,
        "path": [
          "room_2",
          "room_19",
          "room_3"
        ],
        "entrance": "room_2",
        "exit": "room_3"
      }
    },
    "loop_ratio": {
      "score": 0.4909100925297132,
      "detail": {
        "total_rooms": 22,
        "total_edges": 25,
        "connected_components": 1,
        "cyclomatic_number": 4,
        "loop_ratio": 0.18181818181818182,
        "sigmoid_loop_ratio": 0.4909100925297132,
        "algorithm": "Cyclomatic formula + Sigmoid normalization",
        "note": "Direct calculation using E - V + C formula, then sigmoid mapping to [0,1]",
        "score_breakdown": {
          "raw_loop_ratio": 0.18181818181818182,
          "sigmoid_loop_ratio": 0.4909100925297132,
          "final_score": 0.4909100925297132
        }
      }
    },
    "path_diversity": {
      "score": 0.5937392367124955,
      "detail": {
        "avg_path_diversity": 0.3136141101442866,
        "std_path_diversity": 0.11966496927509193,
        "max_path_diversity": 0.5282017605586456,
        "min_path_diversity": 0.0,
        "total_pairs_analyzed": 47,
        "rounds_completed": 8,
        "detailed_analysis": {
          "round_0": {
            "pairs_analyzed": 6,
            "avg_diversity": 0.24050981982041564
          },
          "round_1": {
            "pairs_analyzed": 5,
            "avg_diversity": 0.3353152259283596
          },
          "round_2": {
            "pairs_analyzed": 6,
            "avg_diversity": 0.36517794812708065
          },
          "round_3": {
            "pairs_analyzed": 6,
            "avg_diversity": 0.25683274662057315
          },
          "round_4": {
            "pairs_analyzed": 6,
            "avg_diversity": 0.27903724136269614
          },
          "round_5": {
            "pairs_analyzed": 6,
            "avg_diversity": 0.3361886990934577
          },
          "round_6": {
            "pairs_analyzed": 6,
            "avg_diversity": 0.30880273753644477
          },
          "round_7": {
            "pairs_analyzed": 6,
            "avg_diversity": 0.3906653152959434
          }
        },
        "adaptive_params": {
          "num_walks": 22,
          "max_walk_length": 8,
          "graph_diameter": 8,
          "avg_degree": 2.272727272727273,
          "total_nodes": 22,
          "total_edges": 25
        },
        "algorithm": "Adaptive_random_walk_sampling",
        "sampling_strategy": "Multi-round (8 rounds, 6 pairs/round)",
        "normalization": "Robust_with_predefined_bounds",
        "fusion_method": "Geometric_mean_of_normalized_metrics",
        "performance": {
          "time_taken": 0.006714820861816406,
          "timeout": false
        }
      }
    },
    "treasure_monster_distribution": {
      "score": 0.6573346013366954,
      "detail": {
        "cv_treasure": 1.4139190265868387,
        "uniformity_treasure": 0.6667360894172547,
        "score": 0.6573346013366954,
        "cv_monster": 1.4951158704731542,
        "uniformity_monster": 0.6475978097762682,
        "avg_t2m_dist": 15.606287608057462,
        "proximity_score": 0.6578095075435322
      }
    },
    "geometric_balance": {
      "score": 0.9238504289702791,
      "detail": {
        "symmetry_ratio": 0.0,
        "uniformity_area": 0.9393122866842885,
        "uniformity_spacing": 0.9086430862321274,
        "score": 0.9238504289702791
      }
    }
  },
  "category_scores": {
    "structural": 0.6268133242220727,
    "gameplay": 0.6573346013366954,
    "aesthetic": 0.9238504289702791
  },
  "overall_score": 0.7359994515096824,
  "grade": "B",
  "details": {
    "accessibility": {
      "reachability_ratio": 1.0,
      "avg_path_length": 2.909090909090909,
      "path_variance": 1.537190082644628,
      "normalized": [
        1.0,
        0.41818181818181815,
        0.7540495867768595
      ],
      "score": 0.6806466075551717
    },
    "degree_variance": {
      "raw_variance": 0.6592797783933517,
      "normalized_variance": 0.008139256523374713,
      "score": 0.9838532659225844,
      "degrees": [
        1,
        1,
        2,
        1,
        3,
        2,
        3,
        1,
        1,
        3,
        2,
        1,
        2,
        3,
        2,
        1,
        2,
        1,
        3
      ],
      "max_variance": 81.0,
      "room_count": 19,
      "mean_degree": 1.8421052631578947
    },
    "door_distribution": {
      "cv": 0.6387487769068524,
      "avg_distance": 5.701798656880043,
      "avg_entropy": 0.5150398132725879,
      "weights": [
        0.3333333333333333,
        0.3333333333333333,
        0.3333333333333333
      ],
      "normalized": [
        0.6806256115465739,
        0.3070498123216276,
        0.3715226922343701
      ],
      "score": 0.4530660387008572,
      "debug": {
        "count": 25
      }
    },
    "dead_end_ratio": {
      "dead_end_ratio": 0.42105263157894735,
      "dead_end_count": 8,
      "total_rooms": 19,
      "dead_end_rooms": [
        "room_1",
        "room_9",
        "room_18",
        "room_12",
        "room_2",
        "room_8",
        "room_16",
        "room_4"
      ],
      "score": 0.5789473684210527
    },
    "key_path_length": {
      "raw_length": 2,
      "diameter": 8,
      "normalized_length": 0.25,
      "score": 0.6065306597126334,
      "path": [
        "room_2",
        "room_19",
        "room_3"
      ],
      "entrance": "room_2",
      "exit": "room_3"
    },
    "loop_ratio": {
      "total_rooms": 22,
      "total_edges": 25,
      "connected_components": 1,
      "cyclomatic_number": 4,
      "loop_ratio": 0.18181818181818182,
      "sigmoid_loop_ratio": 0.4909100925297132,
      "algorithm": "Cyclomatic formula + Sigmoid normalization",
      "note": "Direct calculation using E - V + C formula, then sigmoid mapping to [0,1]",