{
  "scores": {
    "accessibility": {
      "score": 0.694858585575743,
      "detail": {
        "reachability_ratio": 1.0,
        "avg_path_length": 3.1538461538461537,
        "path_variance": 2.2840236686390534,
        "normalized": [
          1.0,
          0.36923076923076925,
          0.9086390532544378
        ],
        "score": 0.694858585575743
      }
    },
    "degree_variance": {
      "score": 0.9685768617505982,
      "detail": {
        "raw_variance": 0.7822222222222222,
        "normalized_variance": 0.015963718820861676,
        "score": 0.9685768617505982,
        "degrees": [
          1,
          3,
          2,
          0,
          2,
          0,
          2,
          3,
          2,
          2,
          2,
          2,
          2,
          2,
          3
        ],
        "max_variance": 49.0,
        "room_count": 15,
        "mean_degree": 1.8666666666666667
      }
    },
    "door_distribution": {
      "score": 0.544868596245361,
      "detail": {
        "cv": 0.24743582965269675,
        "avg_distance": 11.263603678540388,
        "avg_entropy": 0.6699973269459417,
        "weights": [
          0.3333333333333333,
          0.3333333333333333,
          0.3333333333333333
        ],
        "normalized": [
          0.8762820851736516,
          0.27502279306554583,
          0.4833009104968858
        ],
        "score": 0.544868596245361,
        "debug": {
          "count": 14
        }
      }
    },
    "dead_end_ratio": {
      "score": 0.9333333333333333,
      "detail": {
        "dead_end_ratio": 0.06666666666666667,
        "dead_end_count": 1,
        "total_rooms": 15,
        "dead_end_rooms": [
          "room_entrance"
        ],
        "score": 0.9333333333333333
      }
    },
    "key_path_length": {
      "score": 0.1353352832366127,
      "detail": {
        "raw_length": 5,
        "diameter": 5,
        "normalized_length": 1.0,
        "score": 0.1353352832366127,
        "path": [
          "room_entrance",
          "room_1a",
          "room_4",
          "room_3",
          "room_1d",
          "room_1b"
        ],
        "entrance": "room_entrance",
        "exit": "room_1b"
      }
    },
    "loop_ratio": {
      "score": 0.4769394489539686,
      "detail": {
        "total_rooms": 13,
        "total_edges": 14,
        "connected_components": 1,
        "cyclomatic_number": 2,
        "loop_ratio": 0.15384615384615385,
        "sigmoid_loop_ratio": 0.4769394489539686,
        "algorithm": "Cyclomatic formula + Sigmoid normalization",
        "note": "Direct calculation using E - V + C formula, then sigmoid mapping to [0,1]",
        "score_breakdown": {
          "raw_loop_ratio": 0.15384615384615385,
          "sigmoid_loop_ratio": 0.4769394489539686,
          "final_score": 0.4769394489539686
        }
      }
    },
    "path_diversity": {
      "score": 0.18828755249139367,
      "detail": {
        "avg_path_diversity": 0.10975112182733204,
        "std_path_diversity": 0.19937255198858336,
        "max_path_diversity": 0.5828910109835784,
        "min_path_diversity": 0.0,
        "total_pairs_analyzed": 45,
        "rounds_completed": 4,
        "detailed_analysis": {
          "round_0": {
            "pairs_analyzed": 12,
            "avg_diversity": 0.12047689684416145
          },
          "round_1": {
            "pairs_analyzed": 12,
            "avg_diversity": 0.13772385339516743
          },
          "round_2": {
            "pairs_analyzed": 10,
            "avg_diversity": 0.07471990838880514
          },
          "round_3": {
            "pairs_analyzed": 11,
            "avg_diversity": 0.09938112686090404
          }
        },
        "adaptive_params": {
          "num_walks": 13,
          "max_walk_length": 4,
          "graph_diameter": 4,
          "avg_degree": 2.1538461538461537,
          "total_nodes": 13,
          "total_edges": 14
        },
        "algorithm": "Adaptive_random_walk_sampling",
        "sampling_strategy": "Multi-round (4 rounds, 12 pairs/round)",
        "normalization": "Robust_with_predefined_bounds",
        "fusion_method": "Geometric_mean_of_normalized_metrics",
        "performance": {
          "time_taken": 0.002869844436645508,
          "timeout": false
        }
      }
    },
    "treasure_monster_distribution": {
      "score": 0.7092580976852099,
      "detail": {
        "cv_treasure": 1.0878565864408423,
        "uniformity_treasure": 0.7092580976852099,
        "score": 0.7092580976852099,
        "cv_monster": 0.0,
        "uniformity_monster": 0.0,
        "avg_t2m_dist": 0.0,
        "proximity_score": 0.0,
        "note": "Only treasure distribution evaluated (no monsters found)"
      }
    },
    "geometric_balance": {
      "score": 0.8835131220484618,
      "detail": {
        "symmetry_ratio": 0.0,
        "uniformity_area": 0.8807208700890663,
        "uniformity_spacing": 0.8863142266094812,
        "score": 0.8835131220484618
      }
    }
  },
  "category_scores": {
    "structural": 0.5631713802267159,
    "gameplay": 0.7092580976852099,
    "aesthetic": 0.8835131220484618
  },
  "overall_score": 0.7186475333201292,
  "grade": "B",
  "details": {
    "accessibility": {
      "reachability_ratio": 1.0,
      "avg_path_length": 3.1538461538461537,
      "path_variance": 2.2840236686390534,
      "normalized": [
        1.0,
        0.36923076923076925,
        0.9086390532544378
      ],
      "score": 0.694858585575743
    },
    "degree_variance": {
      "raw_variance": 0.7822222222222222,
      "normalized_variance": 0.015963718820861676,
      "score": 0.9685768617505982,
      "degrees": [
        1,
        3,
        2,
        0,
        2,
        0,
        2,
        3,
        2,
        2,
        2,
        2,
        2,
        2,
        3
      ],
      "max_variance": 49.0,
      "room_count": 15,
      "mean_degree": 1.8666666666666667
    },
    "door_distribution": {
      "cv": 0.24743582965269675,
      "avg_distance": 11.263603678540388,
      "avg_entropy": 0.6699973269459417,
      "weights": [
        0.3333333333333333,
        0.3333333333333333,
        0.3333333333333333
      ],
      "normalized": [
        0.8762820851736516,
        0.27502279306554583,
        0.4833009104968858
      ],
      "score": 0.544868596245361,
      "debug": {
        "count": 14
      }
    },
    "dead_end_ratio": {
      "dead_end_ratio": 0.06666666666666667,
      "dead_end_count": 1,
      "total_rooms": 15,
      "dead_end_rooms": [
        "room_entrance"
      ],
      "score": 0.9333333333333333
    },
    "key_path_length": {
      "raw_length": 5,
      "diameter": 5,
      "normalized_length": 1.0,
      "score": 0.1353352832366127,
      "path": [
        "room_entrance",
        "room_1a",
        "room_4",
        "room_3",
        "room_1d",
        "room_1b"
      ],
      "entrance": "room_entrance",
      "exit": "room_1b"
    },
    "loop_ratio": {
      "total_rooms": 13,
      "total_edges": 14,
      "connected_components": 1,
      "cyclomatic_number": 2,
      "loop_ratio": 0.15384615384615385,
      "sigmoid_loop_ratio": 0.4769394489539686,
      "algorithm": "Cyclomatic formula + Sigmoid normalization",
      "note": "Direct calculation using E - V + C formula, then sigmoid mapping to [0,1]",
      "score_breakdown": {
        "raw_loop_ratio": 0.15384615384615385,
        "sigmoid_loop_ratio": 0.4769394489539686,
        "final_score": 0.4769394489539686
      }
    },
    "path_diversity": {
      "avg_path_diversity": 0.10975112182733204,
      "std_path_diversity": 0.19937255198858336,
      "max_path_diversity": 0.5828910109835784,
      "min_path_diversity": 0.0,
      "total_pairs_analyzed": 45,
      "rounds_completed": 4,
      "detailed_analysis": {
        "round_0": {
          "pairs_analyzed": 12,
          "avg_diversity": 0.12047689684416145
        },
        "round_1": {
          "pairs_analyzed": 12,