{
  "scores": {
    "accessibility": {
      "score": 0.8002445963145205,
      "detail": {
        "reachability_ratio": 1.0,
        "avg_path_length": 3.5625,
        "path_variance": 4.87109375,
        "normalized": [
          1.0,
          0.5546875,
          0.92388916015625
        ],
        "score": 0.8002445963145205
      }
    },
    "degree_variance": {
      "score": 0.9397430799012622,
      "detail": {
        "raw_variance": 0.7768595041322314,
        "normalized_variance": 0.031074380165289253,
        "score": 0.9397430799012622,
        "degrees": [
          3,
          1,
          1,
          1,
          1,
          3,
          0,
          1,
          2,
          1,
          1
        ],
        "max_variance": 25.0,
        "room_count": 11,
        "mean_degree": 1.3636363636363635
      }
    },
    "door_distribution": {
      "score": 0.43097160399612977,
      "detail": {
        "cv": 0.5303300858899106,
        "avg_distance": 7.4045711658508475,
        "avg_entropy": 0.4519077317885879,
        "weights": [
          0.3333333333333333,
          0.3333333333333333,
          0.3333333333333333
        ],
        "normalized": [
          0.7348349570550448,
          0.23209733313795688,
          0.3259825217953878
        ],
        "score": 0.43097160399612977,
        "debug": {
          "count": 16
        }
      }
    },
    "dead_end_ratio": {
      "score": 0.36363636363636365,
      "detail": {
        "dead_end_ratio": 0.6363636363636364,
        "dead_end_count": 7,
        "total_rooms": 11,
        "dead_end_rooms": [
          "room_2",
          "room_3",
          "room_4",
          "room_5",
          "room_8",
          "room_10",
          "room_11"
        ],
        "score": 0.36363636363636365
      }
    },
    "key_path_length": {
      "score": 0.6411803884299546,
      "detail": {
        "raw_length": 2,
        "diameter": 9,
        "normalized_length": 0.2222222222222222,
        "score": 0.6411803884299546,
        "path": [
          "room_3",
          "room_1",
          "room_11"
        ],
        "entrance": "room_3",
        "exit": "room_11"
      }
    },
    "loop_ratio": {
      "score": 0.4316800165217519,
      "detail": {
        "total_rooms": 16,
        "total_edges": 16,
        "connected_components": 1,
        "cyclomatic_number": 1,
        "loop_ratio": 0.0625,
        "sigmoid_loop_ratio": 0.4316800165217519,
        "algorithm": "Cyclomatic formula + Sigmoid normalization",
        "note": "Direct calculation using E - V + C formula, then sigmoid mapping to [0,1]",
        "score_breakdown": {
          "raw_loop_ratio": 0.0625,
          "sigmoid_loop_ratio": 0.4316800165217519,
          "final_score": 0.4316800165217519
        }
      }
    },
    "path_diversity": {
      "score": 0.4904100200978823,
      "detail": {
        "avg_path_diversity": 0.2937055672954952,
        "std_path_diversity": 0.22230532885188203,
        "max_path_diversity": 0.598897973652483,
        "min_path_diversity": 0.0,
        "total_pairs_analyzed": 39,
        "rounds_completed": 7,
        "detailed_analysis": {
          "round_0": {
            "pairs_analyzed": 6,
            "avg_diversity": 0.34092674277531493
          },
          "round_1": {
            "pairs_analyzed": 6,
            "avg_diversity": 0.1545345004817342
          },
          "round_2": {
            "pairs_analyzed": 6,
            "avg_diversity": 0.3308093111162295
          },
          "round_3": {
            "pairs_analyzed": 4,
            "avg_diversity": 0.25603539724188434
          },
          "round_4": {
            "pairs_analyzed": 5,
            "avg_diversity": 0.41136764773606344
          },
          "round_5": {
            "pairs_analyzed": 6,
            "avg_diversity": 0.21058012223953834
          },
          "round_6": {
            "pairs_analyzed": 6,
            "avg_diversity": 0.3587388728665921
          }
        },
        "adaptive_params": {
          "num_walks": 16,
          "max_walk_length": 6,
          "graph_diameter": 6,
          "avg_degree": 2.0,
          "total_nodes": 16,
          "total_edges": 16
        },
        "algorithm": "Adaptive_random_walk_sampling",
        "sampling_strategy": "Multi-round (7 rounds, 7 pairs/round)",
        "normalization": "Robust_with_predefined_bounds",
        "fusion_method": "Geometric_mean_of_normalized_metrics",
        "performance": {
          "time_taken": 0.004169940948486328,
          "timeout": false
        }
      }
    },
    "treasure_monster_distribution": {
      "score": 0.5348450674093733,
      "detail": {
        "cv_treasure": 1.5058465048420853,
        "uniformity_treasure": 0.523809523809524,
        "score": 0.5348450674093733,
        "cv_monster": 1.5058465048420853,
        "uniformity_monster": 0.523809523809524,
        "avg_t2m_dist": 37.20215047547655,
        "proximity_score": 0.5576185385144814
      }
    },
    "geometric_balance": {
      "score": 0.8847463253781022,
      "detail": {
        "symmetry_ratio": 0.0,
        "uniformity_area": 0.908423143351307,
        "uniformity_spacing": 0.8616866115742914,
        "score": 0.8847463253781022
      }
    }
  },
  "category_scores": {
    "structural": 0.5854094384139809,
    "gameplay": 0.5348450674093733,
    "aesthetic": 0.8847463253781022
  },
  "overall_score": 0.6683336104004853,
  "grade": "B",
  "details": {
    "accessibility": {
      "reachability_ratio": 1.0,
      "avg_path_length": 3.5625,
      "path_variance": 4.87109375,
      "normalized": [
        1.0,
        0.5546875,
        0.92388916015625
      ],
      "score": 0.8002445963145205
    },
    "degree_variance": {
      "raw_variance": 0.7768595041322314,
      "normalized_variance": 0.031074380165289253,
      "score": 0.9397430799012622,
      "degrees": [
        3,
        1,
        1,
        1,
        1,
        3,
        0,
        1,
        2,
        1,
        1
      ],
      "max_variance": 25.0,
      "room_count": 11,
      "mean_degree": 1.3636363636363635
    },
    "door_distribution": {
      "cv": 0.5303300858899106,
      "avg_distance": 7.4045711658508475,
      "avg_entropy": 0.4519077317885879,
      "weights": [
        0.3333333333333333,
        0.3333333333333333,
        0.3333333333333333
      ],
      "normalized": [
        0.7348349570550448,
        0.23209733313795688,
        0.3259825217953878
      ],
      "score": 0.43097160399612977,
      "debug": {
        "count": 16
      }
    },
    "dead_end_ratio": {
      "dead_end_ratio": 0.6363636363636364,
      "dead_end_count": 7,
      "total_rooms": 11,
      "dead_end_rooms": [
        "room_2",
        "room_3",
        "room_4",
        "room_5",
        "room_8",
        "room_10",
        "room_11"
      ],
      "score": 0.36363636363636365
    },
    "key_path_length": {
      "raw_length": 2,
      "diameter": 9,
      "normalized_length": 0.2222222222222222,
      "score": 0.6411803884299546,
      "path": [
        "room_3",
        "room_1",
        "room_11"
      ],
      "entrance": "room_3",
      "exit": "room_11"
    },
    "loop_ratio": {
      "total_rooms": 16,
      "total_edges": 16,
      "connected_components": 1,
      "cyclomatic_number": 1,
      "loop_ratio": 0.0625,
      "sigmoid_loop_ratio": 0.4316800165217519,
      "algorithm": "Cyclomatic formula + Sigmoid normalization",
      "note": "Direct calculation using E - V + C formula, then sigmoid mapping to [0,1]",
      "score_breakdown": {
        "raw_loop_ratio": 0.0625,
        "sigmoid_loop_ratio": 0.4316800165217519,
        "final_score": 0.4316800165217519
      }
    },
    "path_diversity": {
      "avg_path_diversity": 0.2937055672954952,
      "std_path_diversity": 0.22230532885188203,
      "max_path_diversity": 0.598897973652483,
      "min_path_diversity": 0.0,
      "total_pairs_analyzed": 39,
      "rounds_completed": 7,