{
  "scores": {
    "accessibility": {
      "score": 0.6770670233735155,
      "detail": {
        "reachability_ratio": 1.0,
        "avg_path_length": 3.357142857142857,
        "path_variance": 2.6581632653061225,
        "normalized": [
          1.0,
          0.44047619047619047,
          0.7046485260770975
        ],
        "score": 0.6770670233735155
      }
    },
    "degree_variance": {
      "score": 0.9686226086553907,
      "detail": {
        "raw_variance": 0.673469387755102,
        "normalized_variance": 0.015940103852191762,
        "score": 0.9686226086553907,
        "degrees": [
          1,
          3,
          3,
          2,
          1,
          3,
          4,
          2,
          2,
          2,
          3,
          3,
          2,
          3
        ],
        "max_variance": 42.25,
        "room_count": 14,
        "mean_degree": 2.4285714285714284
      }
    },
    "door_distribution": {
      "score": 0.6175993661488484,
      "detail": {
        "cv": 0.3379154497963546,
        "avg_distance": 11.180917403241203,
        "avg_entropy": 0.7409238689215505,
        "weights": [
          0.3333333333333333,
          0.3333333333333333,
          0.3333333333333333
        ],
        "normalized": [
          0.8310422751018227,
          0.4872922276600299,
          0.5344635956846926
        ],
        "score": 0.6175993661488484,
        "debug": {
          "count": 17
        }
      }
    },
    "dead_end_ratio": {
      "score": 0.8571428571428572,
      "detail": {
        "dead_end_ratio": 0.14285714285714285,
        "dead_end_count": 2,
        "total_rooms": 14,
        "dead_end_rooms": [
          "room_entrance",
          "room_blood_pit"
        ],
        "score": 0.8571428571428572
      }
    },
    "key_path_length": {
      "score": 0.26359713811572677,
      "detail": {
        "raw_length": 4,
        "diameter": 6,
        "normalized_length": 0.6666666666666666,
        "score": 0.26359713811572677,
        "path": [
          "room_entrance",
          "room_corpse",
          "room_deep_pit",
          "room_boss",
          "room_dead_end"
        ],
        "entrance": "room_entrance",
        "exit": "room_dead_end"
      }
    },
    "loop_ratio": {
      "score": 0.5427524941173191,
      "detail": {
        "total_rooms": 14,
        "total_edges": 17,
        "connected_components": 1,
        "cyclomatic_number": 4,
        "loop_ratio": 0.2857142857142857,
        "sigmoid_loop_ratio": 0.5427524941173191,
        "algorithm": "Cyclomatic formula + Sigmoid normalization",
        "note": "Direct calculation using E - V + C formula, then sigmoid mapping to [0,1]",
        "score_breakdown": {
          "raw_loop_ratio": 0.2857142857142857,
          "sigmoid_loop_ratio": 0.5427524941173191,
          "final_score": 0.5427524941173191
        }
      }
    },
    "path_diversity": {
      "score": 0.5139779102005051,
      "detail": {
        "avg_path_diversity": 0.2813483788384359,
        "std_path_diversity": 0.18371527872157123,
        "max_path_diversity": 0.547393911790257,
        "min_path_diversity": 0.0,
        "total_pairs_analyzed": 39,
        "rounds_completed": 4,
        "detailed_analysis": {
          "round_0": {
            "pairs_analyzed": 11,
            "avg_diversity": 0.3159710692655074
          },
          "round_1": {
            "pairs_analyzed": 10,
            "avg_diversity": 0.1407728569838416
          },
          "round_2": {
            "pairs_analyzed": 10,
            "avg_diversity": 0.32614187160900293
          },
          "round_3": {
            "pairs_analyzed": 8,
            "avg_diversity": 0.35346971585624676
          }
        },
        "adaptive_params": {
          "num_walks": 14,
          "max_walk_length": 5,
          "graph_diameter": 5,
          "avg_degree": 2.4285714285714284,
          "total_nodes": 14,
          "total_edges": 17
        },
        "algorithm": "Adaptive_random_walk_sampling",
        "sampling_strategy": "Multi-round (4 rounds, 12 pairs/round)",
        "normalization": "Robust_with_predefined_bounds",
        "fusion_method": "Geometric_mean_of_normalized_metrics",
        "performance": {
          "time_taken": 0.0032248497009277344,
          "timeout": false
        }
      }
    },
    "treasure_monster_distribution": {
      "score": 0.6073577268728204,
      "detail": {
        "cv_treasure": 1.4408763192842222,
        "uniformity_treasure": 0.600372811478378,
        "score": 0.6073577268728204,
        "cv_monster": 1.5023130314433288,
        "uniformity_monster": 0.5833333333333333,
        "avg_t2m_dist": 19.929220529954037,
        "proximity_score": 0.6397287555390091
      }
    },
    "geometric_balance": {
      "score": 0.4962370257720777,
      "detail": {
        "symmetry_ratio": 0.14285714285714285,
        "uniformity_area": 0.9006787362129272,
        "uniformity_spacing": 0.949720091819464,
        "score": 0.4962370257720777
      }
    }
  },
  "category_scores": {
    "structural": 0.6343941996791661,
    "gameplay": 0.6073577268728204,
    "aesthetic": 0.4962370257720777
  },
  "overall_score": 0.579329650774688,
  "grade": "C",
  "details": {
    "accessibility": {
      "reachability_ratio": 1.0,
      "avg_path_length": 3.357142857142857,
      "path_variance": 2.6581632653061225,
      "normalized": [
        1.0,
        0.44047619047619047,
        0.7046485260770975
      ],
      "score": 0.6770670233735155
    },
    "degree_variance": {
      "raw_variance": 0.673469387755102,
      "normalized_variance": 0.015940103852191762,
      "score": 0.9686226086553907,
      "degrees": [
        1,
        3,
        3,
        2,
        1,
        3,
        4,
        2,
        2,
        2,
        3,
        3,
        2,
        3
      ],
      "max_variance": 42.25,
      "room_count": 14,
      "mean_degree": 2.4285714285714284
    },
    "door_distribution": {
      "cv": 0.3379154497963546,
      "avg_distance": 11.180917403241203,
      "avg_entropy": 0.7409238689215505,
      "weights": [
        0.3333333333333333,
        0.3333333333333333,
        0.3333333333333333
      ],
      "normalized": [
        0.8310422751018227,
        0.4872922276600299,
        0.5344635956846926
      ],
      "score": 0.6175993661488484,
      "debug": {
        "count": 17
      }
    },
    "dead_end_ratio": {
      "dead_end_ratio": 0.14285714285714285,
      "dead_end_count": 2,
      "total_rooms": 14,
      "dead_end_rooms": [
        "room_entrance",
        "room_blood_pit"
      ],
      "score": 0.8571428571428572
    },
    "key_path_length": {
      "raw_length": 4,
      "diameter": 6,
      "normalized_length": 0.6666666666666666,
      "score": 0.26359713811572677,
      "path": [
        "room_entrance",
        "room_corpse",
        "room_deep_pit",
        "room_boss",
        "room_dead_end"
      ],
      "entrance": "room_entrance",
      "exit": "room_dead_end"
    },
    "loop_ratio": {
      "total_rooms": 14,
      "total_edges": 17,
      "connected_components": 1,
      "cyclomatic_number": 4,
      "loop_ratio": 0.2857142857142857,
      "sigmoid_loop_ratio": 0.5427524941173191,
      "algorithm": "Cyclomatic formula + Sigmoid normalization",
      "note": "Direct calculation using E - V + C formula, then sigmoid mapping to [0,1]",
      "score_breakdown": {
        "raw_loop_ratio": 0.2857142857142857,
        "sigmoid_loop_ratio": 0.5427524941173191,
        "final_score": 0.5427524941173191
      }
    },
    "path_diversity": {
      "avg_path_diversity": 0.2813483788384359,
      "std_path_diversity": 0.18371527872157123,
      "max_path_diversity": 0.547393911790257,
      "min_path_diversity": 0.0,
      "total_pairs_analyzed": 39,
      "rounds_completed": 4,
      "detailed_analysis": {
        "round_0": {
          "pairs_analyzed": 11,
          "avg_diversity": 0.3159710692655074
        },