{
  "scores": {
    "accessibility": {
      "score": 0.6976028042508872,
      "detail": {
        "reachability_ratio": 1.0,
        "avg_path_length": 1.8571428571428572,
        "path_variance": 0.9795918367346939,
        "normalized": [
          1.0,
          0.38095238095238093,
          0.891156462585034
        ],
        "score": 0.6976028042508872
      }
    },
    "degree_variance": {
      "score": 0.7899167929885725,
      "detail": {
        "raw_variance": 1.0612244897959182,
        "normalized_variance": 0.11791383219954647,
        "score": 0.7899167929885725,
        "degrees": [
          1,
          4,
          2,
          1,
          1,
          2,
          1
        ],
        "max_variance": 9.0,
        "room_count": 7,
        "mean_degree": 1.7142857142857142
      }
    },
    "door_distribution": {
      "score": 0.4517492072837168,
      "detail": {
        "cv": 0.6009252125773316,
        "avg_distance": 5.572329733368363,
        "avg_entropy": 0.45322696031996873,
        "weights": [
          0.3333333333333333,
          0.3333333333333333,
          0.3333333333333333
        ],
        "normalized": [
          0.6995373937113343,
          0.32877608411441717,
          0.32693414402539894
        ],
        "score": 0.4517492072837168,
        "debug": {
          "count": 6
        }
      }
    },
    "dead_end_ratio": {
      "score": 0.4285714285714286,
      "detail": {
        "dead_end_ratio": 0.5714285714285714,
        "dead_end_count": 4,
        "total_rooms": 7,
        "dead_end_rooms": [
          "room_1",
          "room_4",
          "room_5",
          "room_7"
        ],
        "score": 0.4285714285714286
      }
    },
    "key_path_length": {
      "score": 0.1353352832366127,
      "detail": {
        "raw_length": 3,
        "diameter": 3,
        "normalized_length": 1.0,
        "score": 0.1353352832366127,
        "path": [
          "room_1",
          "room_2",
          "room_3",
          "room_4"
        ],
        "entrance": "room_1",
        "exit": "room_4"
      }
    },
    "loop_ratio": {
      "score": 0.45016600268752216,
      "detail": {
        "total_rooms": 7,
        "total_edges": 6,
        "connected_components": 1,
        "cyclomatic_number": 0,
        "loop_ratio": 0.1,
        "sigmoid_loop_ratio": 0.45016600268752216,
        "algorithm": "Cyclomatic formula + Sigmoid normalization",
        "note": "Direct calculation using E - V + C formula, then sigmoid mapping to [0,1]",
        "score_breakdown": {
          "raw_loop_ratio": 0.1,
          "sigmoid_loop_ratio": 0.45016600268752216,
          "final_score": 0.45016600268752216
        }
      }
    },
    "path_diversity": {
      "score": 0.0,
      "detail": {
        "avg_path_diversity": 0.0,
        "std_path_diversity": 0.0,
        "max_path_diversity": 0.0,
        "min_path_diversity": 0.0,
        "total_pairs_analyzed": 13,
        "rounds_completed": 1,
        "detailed_analysis": {
          "round_0": {
            "pairs_analyzed": 13,
            "avg_diversity": 0.0
          }
        },
        "adaptive_params": {
          "num_walks": 6,
          "max_walk_length": 2,
          "graph_diameter": 2,
          "avg_degree": 1.7142857142857142,
          "total_nodes": 7,
          "total_edges": 6
        },
        "algorithm": "Adaptive_random_walk_sampling",
        "sampling_strategy": "Multi-round (1 rounds, 21 pairs/round)",
        "normalization": "Robust_with_predefined_bounds",
        "fusion_method": "Geometric_mean_of_normalized_metrics",
        "performance": {
          "time_taken": 0.0005981922149658203,
          "timeout": false
        }
      }
    },
    "treasure_monster_distribution": {
      "score": 0.6177801182775418,
      "detail": {
        "cv_treasure": 0.9362436797669608,
        "uniformity_treasure": 0.6177801182775418,
        "score": 0.6177801182775418,
        "cv_monster": 0.0,
        "uniformity_monster": 0.0,
        "avg_t2m_dist": 0.0,
        "proximity_score": 0.0,
        "note": "Only treasure distribution evaluated (no monsters found)"
      }
    },
    "geometric_balance": {
      "score": 0.795464572338612,
      "detail": {
        "symmetry_ratio": 0.5714285714285714,
        "uniformity_area": 0.9130434782608695,
        "uniformity_spacing": 0.9647374032042354,
        "score": 0.795464572338612
      }
    }
  },
  "category_scores": {
    "structural": 0.4219059312883915,
    "gameplay": 0.6177801182775418,
    "aesthetic": 0.795464572338612
  },
  "overall_score": 0.6117168739681818,
  "grade": "C",
  "details": {
    "accessibility": {
      "reachability_ratio": 1.0,
      "avg_path_length": 1.8571428571428572,
      "path_variance": 0.9795918367346939,
      "normalized": [
        1.0,
        0.38095238095238093,
        0.891156462585034
      ],
      "score": 0.6976028042508872
    },
    "degree_variance": {
      "raw_variance": 1.0612244897959182,
      "normalized_variance": 0.11791383219954647,
      "score": 0.7899167929885725,
      "degrees": [
        1,
        4,
        2,
        1,
        1,
        2,
        1
      ],
      "max_variance": 9.0,
      "room_count": 7,
      "mean_degree": 1.7142857142857142
    },
    "door_distribution": {
      "cv": 0.6009252125773316,
      "avg_distance": 5.572329733368363,
      "avg_entropy": 0.45322696031996873,
      "weights": [
        0.3333333333333333,
        0.3333333333333333,
        0.3333333333333333
      ],
      "normalized": [
        0.6995373937113343,
        0.32877608411441717,
        0.32693414402539894
      ],
      "score": 0.4517492072837168,
      "debug": {
        "count": 6
      }
    },
    "dead_end_ratio": {
      "dead_end_ratio": 0.5714285714285714,
      "dead_end_count": 4,
      "total_rooms": 7,
      "dead_end_rooms": [
        "room_1",
        "room_4",
        "room_5",
        "room_7"
      ],
      "score": 0.4285714285714286
    },
    "key_path_length": {
      "raw_length": 3,
      "diameter": 3,
      "normalized_length": 1.0,
      "score": 0.1353352832366127,
      "path": [
        "room_1",
        "room_2",
        "room_3",
        "room_4"
      ],
      "entrance": "room_1",
      "exit": "room_4"
    },
    "loop_ratio": {
      "total_rooms": 7,
      "total_edges": 6,
      "connected_components": 1,
      "cyclomatic_number": 0,
      "loop_ratio": 0.1,
      "sigmoid_loop_ratio": 0.45016600268752216,
      "algorithm": "Cyclomatic formula + Sigmoid normalization",
      "note": "Direct calculation using E - V + C formula, then sigmoid mapping to [0,1]",
      "score_breakdown": {
        "raw_loop_ratio": 0.1,
        "sigmoid_loop_ratio": 0.45016600268752216,
        "final_score": 0.45016600268752216
      }
    },
    "path_diversity": {
      "avg_path_diversity": 0.0,
      "std_path_diversity": 0.0,
      "max_path_diversity": 0.0,
      "min_path_diversity": 0.0,
      "total_pairs_analyzed": 13,
      "rounds_completed": 1,
      "detailed_analysis": {
        "round_0": {
          "pairs_analyzed": 13,
          "avg_diversity": 0.0
        }
      },
      "adaptive_params": {
        "num_walks": 6,
        "max_walk_length": 2,
        "graph_diameter": 2,
        "avg_degree": 1.7142857142857142,
        "total_nodes": 7,
        "total_edges": 6
      },
      "algorithm": "Adaptive_random_walk_sampling",
      "sampling_strategy": "Multi-round (1 rounds, 21 pairs/round)",
      "normalization": "Robust_with_predefined_bounds",
      "fusion_method": "Geometric_mean_of_normalized_metrics",
      "performance": {
        "time_taken": 0.0005981922149658203,
        "timeout": false
      }
    },
    "treasure_monster_distribution": {
      "cv_treasure": 0.9362436797669608,
      "uniformity_treasure": 0.6177801182775418,
      "score": 0.6177801182775418,
      "cv_monster": 0.0,
      "uniformity_monster": 0.0,
      "avg_t2m_dist": 0.0,