{
  "scores": {
    "accessibility": {
      "score": 0.653949523360646,
      "detail": {
        "reachability_ratio": 1.0,
        "avg_path_length": 5.65,
        "path_variance": 8.9275,
        "normalized": [
          1.0,
          0.43499999999999994,
          0.6429
        ],
        "score": 0.653949523360646
      }
    },
    "degree_variance": {
      "score": 0.9870103115437885,
      "detail": {
        "raw_variance": 0.59,
        "normalized_variance": 0.006537396121883656,
        "score": 0.9870103115437885,
        "degrees": [
          1,
          3,
          2,
          2,
          1,
          2,
          2,
          2,
          2,
          3,
          2,
          2,
          2,
          1,
          4,
          2,
          1,
          2,
          1,
          1
        ],
        "max_variance": 90.25,
        "room_count": 20,
        "mean_degree": 1.9
      }
    },
    "door_distribution": {
      "score": 0.5447460465196926,
      "detail": {
        "cv": 0.40427082883518994,
        "avg_distance": 12.263824985708185,
        "avg_entropy": 0.5384208576887795,
        "weights": [
          0.3333333333333333,
          0.3333333333333333,
          0.3333333333333333
        ],
        "normalized": [
          0.797864585582405,
          0.4479850033272808,
          0.3883885506493922
        ],
        "score": 0.5447460465196926,
        "debug": {
          "count": 19
        }
      }
    },
    "dead_end_ratio": {
      "score": 0.7,
      "detail": {
        "dead_end_ratio": 0.3,
        "dead_end_count": 6,
        "total_rooms": 20,
        "dead_end_rooms": [
          "room_prison",
          "room_cryo",
          "room_incinerator",
          "room_counsel",
          "room_main_door",
          "room_countess"
        ],
        "score": 0.7
      }
    },
    "key_path_length": {
      "score": 0.20189651799465538,
      "detail": {
        "raw_length": 8,
        "diameter": 10,
        "normalized_length": 0.8,
        "score": 0.20189651799465538,
        "path": [
          "room_prison",
          "room_security",
          "room_power",
          "room_small_room",
          "room_experimental",
          "room_operational",
          "room_large_lab",
          "room_hall",
          "room_main_door"
        ],
        "entrance": "room_prison",
        "exit": "room_main_door"
      }
    },
    "loop_ratio": {
      "score": 0.45016600268752216,
      "detail": {
        "total_rooms": 20,
        "total_edges": 19,
        "connected_components": 1,
        "cyclomatic_number": 0,
        "loop_ratio": 0.1,
        "sigmoid_loop_ratio": 0.45016600268752216,
        "algorithm": "Cyclomatic formula + Sigmoid normalization",
        "note": "Direct calculation using E - V + C formula, then sigmoid mapping to [0,1]",
        "score_breakdown": {
          "raw_loop_ratio": 0.1,
          "sigmoid_loop_ratio": 0.45016600268752216,
          "final_score": 0.45016600268752216
        }
      }
    },
    "path_diversity": {
      "score": 0.2645993251062978,
      "detail": {
        "avg_path_diversity": 0.12517115998110287,
        "std_path_diversity": 0.14418766013153847,
        "max_path_diversity": 0.47305925640897883,
        "min_path_diversity": 0.0,
        "total_pairs_analyzed": 46,
        "rounds_completed": 7,
        "detailed_analysis": {
          "round_0": {
            "pairs_analyzed": 7,
            "avg_diversity": 0.23478232522903048
          },
          "round_1": {
            "pairs_analyzed": 7,
            "avg_diversity": 0.1801608410488166
          },
          "round_2": {
            "pairs_analyzed": 6,
            "avg_diversity": 0.06837506138828316
          },
          "round_3": {
            "pairs_analyzed": 6,
            "avg_diversity": 0.14013220305103347
          },
          "round_4": {
            "pairs_analyzed": 7,
            "avg_diversity": 0.02124832479548794
          },
          "round_5": {
            "pairs_analyzed": 7,
            "avg_diversity": 0.09520803207573827
          },
          "round_6": {
            "pairs_analyzed": 6,
            "avg_diversity": 0.13117218507521966
          }
        },
        "adaptive_params": {
          "num_walks": 19,
          "max_walk_length": 8,
          "graph_diameter": 8,
          "avg_degree": 1.9,
          "total_nodes": 20,
          "total_edges": 19
        },
        "algorithm": "Adaptive_random_walk_sampling",
        "sampling_strategy": "Multi-round (7 rounds, 7 pairs/round)",
        "normalization": "Robust_with_predefined_bounds",
        "fusion_method": "Geometric_mean_of_normalized_metrics",
        "performance": {
          "time_taken": 0.0056989192962646484,
          "timeout": false
        }
      }
    },
    "treasure_monster_distribution": {
      "score": 0.5425860680028884,
      "detail": {
        "cv_treasure": 2.1794494717703365,
        "uniformity_treasure": 0.5000000000000001,
        "score": 0.5425860680028884,
        "cv_monster": 1.4529663145135578,
        "uniformity_monster": 0.6666666666666667,
        "avg_t2m_dist": 38.748909404395505,
        "proximity_score": 0.47921143120558896
      }
    },
    "geometric_balance": {
      "score": 0.95674317027538,
      "detail": {
        "symmetry_ratio": 0.0,
        "uniformity_area": 0.9532926926720736,
        "uniformity_spacing": 0.9602061370079774,
        "score": 0.95674317027538
      }
    }
  },
  "category_scores": {
    "structural": 0.5431953896018005,
    "gameplay": 0.5425860680028884,
    "aesthetic": 0.95674317027538
  },
  "overall_score": 0.6808415426266896,
  "grade": "B",
  "details": {
    "accessibility": {
      "reachability_ratio": 1.0,
      "avg_path_length": 5.65,
      "path_variance": 8.9275,
      "normalized": [
        1.0,
        0.43499999999999994,
        0.6429
      ],
      "score": 0.653949523360646
    },
    "degree_variance": {
      "raw_variance": 0.59,
      "normalized_variance": 0.006537396121883656,
      "score": 0.9870103115437885,
      "degrees": [
        1,
        3,
        2,
        2,
        1,
        2,
        2,
        2,
        2,
        3,
        2,
        2,
        2,
        1,
        4,
        2,
        1,
        2,
        1,
        1
      ],
      "max_variance": 90.25,
      "room_count": 20,
      "mean_degree": 1.9
    },
    "door_distribution": {
      "cv": 0.40427082883518994,
      "avg_distance": 12.263824985708185,
      "avg_entropy": 0.5384208576887795,
      "weights": [
        0.3333333333333333,
        0.3333333333333333,
        0.3333333333333333
      ],
      "normalized": [
        0.797864585582405,
        0.4479850033272808,
        0.3883885506493922
      ],
      "score": 0.5447460465196926,
      "debug": {
        "count": 19
      }
    },
    "dead_end_ratio": {
      "dead_end_ratio": 0.3,
      "dead_end_count": 6,
      "total_rooms": 20,
      "dead_end_rooms": [
        "room_prison",
        "room_cryo",
        "room_incinerator",
        "room_counsel",
        "room_main_door",
        "room_countess"
      ],
      "score": 0.7
    },
    "key_path_length": {
      "raw_length": 8,
      "diameter": 10,
      "normalized_length": 0.8,
      "score": 0.20189651799465538,
      "path": [
        "room_prison",
        "room_security",
        "room_power",
        "room_small_room",
        "room_experimental",
        "room_operational",
        "room_large_lab",
        "room_hall",
        "room_main_door"
      ],
      "entrance": "room_prison",
      "exit": "room_main_door"
    },
    "loop_ratio": {
      "total_rooms": 20,
      "total_edges": 19,
      "connected_components": 1,
      "cyclomatic_number": 0,
      "loop_ratio": 0.1,
      "sigmoid_loop_ratio": 0.45016600268752216,
      "algorithm": "Cyclomatic formula + Sigmoid normalization",