{
  "scores": {
    "accessibility": {
      "score": 0.7166095742031893,
      "detail": {
        "reachability_ratio": 1.0,
        "avg_path_length": 3.0,
        "path_variance": 2.0,
        "normalized": [
          1.0,
          0.4,
          0.92
        ],
        "score": 0.7166095742031893
      }
    },
    "degree_variance": {
      "score": 0.8979379410881502,
      "detail": {
        "raw_variance": 1.09,
        "normalized_variance": 0.053827160493827166,
        "score": 0.8979379410881502,
        "degrees": [
          1,
          2,
          4,
          3,
          1,
          1,
          1,
          3,
          2,
          1
        ],
        "max_variance": 20.25,
        "room_count": 10,
        "mean_degree": 1.9
      }
    },
    "door_distribution": {
      "score": 0.5651489576849764,
      "detail": {
        "cv": 0.5656854249492379,
        "avg_distance": 27.093099370748114,
        "avg_entropy": 0.40132436351297807,
        "weights": [
          0.3333333333333333,
          0.3333333333333333,
          0.3333333333333333
        ],
        "normalized": [
          0.7171572875253811,
          0.6887952510155018,
          0.28949433451404655
        ],
        "score": 0.5651489576849764,
        "debug": {
          "count": 10
        }
      }
    },
    "dead_end_ratio": {
      "score": 0.4,
      "detail": {
        "dead_end_ratio": 0.6,
        "dead_end_count": 6,
        "total_rooms": 10,
        "dead_end_rooms": [
          "entrance",
          "second_room",
          "third_room",
          "fourth_room",
          "reward_chamber",
          "cor_3"
        ],
        "score": 0.4
      }
    },
    "key_path_length": {
      "score": 0.30119421191220214,
      "detail": {
        "raw_length": 3,
        "diameter": 5,
        "normalized_length": 0.6,
        "score": 0.30119421191220214,
        "path": [
          "entrance",
          "first_room",
          "fragment_pedestal",
          "second_room"
        ],
        "entrance": "entrance",
        "exit": "second_room"
      }
    },
    "loop_ratio": {
      "score": 0.45016600268752216,
      "detail": {
        "total_rooms": 11,
        "total_edges": 10,
        "connected_components": 1,
        "cyclomatic_number": 0,
        "loop_ratio": 0.1,
        "sigmoid_loop_ratio": 0.45016600268752216,
        "algorithm": "Cyclomatic formula + Sigmoid normalization",
        "note": "Direct calculation using E - V + C formula, then sigmoid mapping to [0,1]",
        "score_breakdown": {
          "raw_loop_ratio": 0.1,
          "sigmoid_loop_ratio": 0.45016600268752216,
          "final_score": 0.45016600268752216
        }
      }
    },
    "path_diversity": {
      "score": 0.09834898522862325,
      "detail": {
        "avg_path_diversity": 0.05678181301435331,
        "std_path_diversity": 0.1619873864641802,
        "max_path_diversity": 0.5773502683566853,
        "min_path_diversity": 0.0,
        "total_pairs_analyzed": 27,
        "rounds_completed": 3,
        "detailed_analysis": {
          "round_0": {
            "pairs_analyzed": 9,
            "avg_diversity": 0.11144240246924057
          },
          "round_1": {
            "pairs_analyzed": 9,
            "avg_diversity": 0.0
          },
          "round_2": {
            "pairs_analyzed": 9,
            "avg_diversity": 0.058903036573819345
          }
        },
        "adaptive_params": {
          "num_walks": 10,
          "max_walk_length": 3,
          "graph_diameter": 3,
          "avg_degree": 1.8181818181818181,
          "total_nodes": 11,
          "total_edges": 10
        },
        "algorithm": "Adaptive_random_walk_sampling",
        "sampling_strategy": "Multi-round (3 rounds, 16 pairs/round)",
        "normalization": "Robust_with_predefined_bounds",
        "fusion_method": "Geometric_mean_of_normalized_metrics",
        "performance": {
          "time_taken": 0.0015311241149902344,
          "timeout": false
        }
      }
    },
    "treasure_monster_distribution": {
      "score": 1.0,
      "detail": {
        "cv_treasure": 0.0,
        "uniformity_treasure": 1.0,
        "score": 1.0,
        "cv_monster": 0.0,
        "uniformity_monster": 1.0,
        "avg_t2m_dist": 101.54801819828883,
        "proximity_score": 0.0
      }
    },
    "geometric_balance": {
      "score": 0.877662841700148,
      "detail": {
        "symmetry_ratio": 0.0,
        "uniformity_area": 0.8859282125330675,
        "uniformity_spacing": 0.8694745836107207,
        "score": 0.877662841700148
      }
    }
  },
  "category_scores": {
    "structural": 0.48991509611495204,
    "gameplay": 1.0,
    "aesthetic": 0.877662841700148
  },
  "overall_score": 0.7891926459383666,
  "grade": "B",
  "details": {
    "accessibility": {
      "reachability_ratio": 1.0,
      "avg_path_length": 3.0,
      "path_variance": 2.0,
      "normalized": [
        1.0,
        0.4,
        0.92
      ],
      "score": 0.7166095742031893
    },
    "degree_variance": {
      "raw_variance": 1.09,
      "normalized_variance": 0.053827160493827166,
      "score": 0.8979379410881502,
      "degrees": [
        1,
        2,
        4,
        3,
        1,
        1,
        1,
        3,
        2,
        1
      ],
      "max_variance": 20.25,
      "room_count": 10,
      "mean_degree": 1.9
    },
    "door_distribution": {
      "cv": 0.5656854249492379,
      "avg_distance": 27.093099370748114,
      "avg_entropy": 0.40132436351297807,
      "weights": [
        0.3333333333333333,
        0.3333333333333333,
        0.3333333333333333
      ],
      "normalized": [
        0.7171572875253811,
        0.6887952510155018,
        0.28949433451404655
      ],
      "score": 0.5651489576849764,
      "debug": {
        "count": 10
      }
    },
    "dead_end_ratio": {
      "dead_end_ratio": 0.6,
      "dead_end_count": 6,
      "total_rooms": 10,
      "dead_end_rooms": [
        "entrance",
        "second_room",
        "third_room",
        "fourth_room",
        "reward_chamber",
        "cor_3"
      ],
      "score": 0.4
    },
    "key_path_length": {
      "raw_length": 3,
      "diameter": 5,
      "normalized_length": 0.6,
      "score": 0.30119421191220214,
      "path": [
        "entrance",
        "first_room",
        "fragment_pedestal",
        "second_room"
      ],
      "entrance": "entrance",
      "exit": "second_room"
    },
    "loop_ratio": {
      "total_rooms": 11,
      "total_edges": 10,
      "connected_components": 1,
      "cyclomatic_number": 0,
      "loop_ratio": 0.1,
      "sigmoid_loop_ratio": 0.45016600268752216,
      "algorithm": "Cyclomatic formula + Sigmoid normalization",
      "note": "Direct calculation using E - V + C formula, then sigmoid mapping to [0,1]",
      "score_breakdown": {
        "raw_loop_ratio": 0.1,
        "sigmoid_loop_ratio": 0.45016600268752216,
        "final_score": 0.45016600268752216
      }
    },
    "path_diversity": {
      "avg_path_diversity": 0.05678181301435331,
      "std_path_diversity": 0.1619873864641802,
      "max_path_diversity": 0.5773502683566853,
      "min_path_diversity": 0.0,
      "total_pairs_analyzed": 27,
      "rounds_completed": 3,
      "detailed_analysis": {
        "round_0": {
          "pairs_analyzed": 9,
          "avg_diversity": 0.11144240246924057
        },
        "round_1": {
          "pairs_analyzed": 9,
          "avg_diversity": 0.0
        },
        "round_2": {
          "pairs_analyzed": 9,
          "avg_diversity": 0.058903036573819345
        }
      },
      "adaptive_params": {
        "num_walks": 10,
        "max_walk_length": 3,
        "graph_diameter": 3,
        "avg_degree": 1.8181818181818181,
        "total_nodes": 11,
        "total_edges": 10
      },
      "algorithm": "Adaptive_random_walk_sampling",
      "sampling_strategy": "Multi-round (3 rounds, 16 pairs/round)",
      "normalization": "Robust_with_predefined_bounds",