{
  "scores": {
    "accessibility": {
      "score": 0.5648288321745921,
      "detail": {
        "reachability_ratio": 0.7391304347826086,
        "avg_path_length": 1.8235294117647058,
        "path_variance": 0.8512110726643599,
        "normalized": [
          0.7391304347826086,
          0.39215686274509803,
          0.621683967704729
        ],
        "score": 0.5648288321745921
      }
    },
    "degree_variance": {
      "score": 0.8232919154257804,
      "detail": {
        "raw_variance": 1.5555555555555556,
        "normalized_variance": 0.09722222222222222,
        "score": 0.8232919154257804,
        "degrees": [
          6,
          2,
          3,
          4,
          3,
          3,
          2,
          2,
          2
        ],
        "max_variance": 16.0,
        "room_count": 9,
        "mean_degree": 3.0
      }
    },
    "door_distribution": {
      "score": 0.49244058904510457,
      "detail": {
        "cv": 0.5976143046671968,
        "avg_distance": 4.7230819278999885,
        "avg_entropy": 0.5196313423810229,
        "weights": [
          0.3333333333333333,
          0.3333333333333333,
          0.3333333333333333
        ],
        "normalized": [
          0.7011928476664016,
          0.4012941390971239,
          0.3748347803717884
        ],
        "score": 0.49244058904510457,
        "debug": {
          "count": 14
        }
      }
    },
    "dead_end_ratio": {
      "score": 0.2222222222222222,
      "detail": {
        "dead_end_ratio": 0.7777777777777778,
        "dead_end_count": 7,
        "total_rooms": 9,
        "dead_end_rooms": [
          "D7",
          "outside_west",
          "D2",
          "D3",
          "D4",
          "D5",
          "D6"
        ],
        "score": 0.2222222222222222
      }
    },
    "key_path_length": {
      "score": 0.31890655732397044,
      "detail": {
        "raw_length": 4,
        "diameter": 7,
        "normalized_length": 0.5714285714285714,
        "score": 0.31890655732397044,
        "path": [
          "entry_hall",
          "c_south",
          "hub",
          "c_north",
          "r3_north"
        ],
        "entrance": "entry_hall",
        "exit": "r3_north"
      }
    },
    "loop_ratio": {
      "score": 0.5519853695061505,
      "detail": {
        "total_rooms": 23,
        "total_edges": 28,
        "connected_components": 2,
        "cyclomatic_number": 7,
        "loop_ratio": 0.30434782608695654,
        "sigmoid_loop_ratio": 0.5519853695061505,
        "algorithm": "Cyclomatic formula + Sigmoid normalization",
        "note": "Direct calculation using E - V + C formula, then sigmoid mapping to [0,1]",
        "score_breakdown": {
          "raw_loop_ratio": 0.30434782608695654,
          "sigmoid_loop_ratio": 0.5519853695061505,
          "final_score": 0.5519853695061505
        }
      }
    },
    "path_diversity": {
      "score": 0.5141836381021397,
      "detail": {
        "avg_path_diversity": 0.21683963796096326,
        "std_path_diversity": 0.1904710547599156,
        "max_path_diversity": 0.4217163322452693,
        "min_path_diversity": 0.0,
        "total_pairs_analyzed": 14,
        "rounds_completed": 3,
        "detailed_analysis": {
          "round_0": {
            "pairs_analyzed": 3,
            "avg_diversity": 0.0
          },
          "round_1": {
            "pairs_analyzed": 5,
            "avg_diversity": 0.30707315360830606
          },
          "round_2": {
            "pairs_analyzed": 6,
            "avg_diversity": 0.2500648605686592
          }
        },
        "adaptive_params": {
          "num_walks": 23,
          "max_walk_length": 3,
          "graph_diameter": 3,
          "avg_degree": 2.4347826086956523,
          "total_nodes": 23,
          "total_edges": 28
        },
        "algorithm": "Adaptive_random_walk_sampling",
        "sampling_strategy": "Multi-round (3 rounds, 16 pairs/round)",
        "normalization": "Robust_with_predefined_bounds",
        "fusion_method": "Geometric_mean_of_normalized_metrics",
        "performance": {
          "time_taken": 0.0027437210083007812,
          "timeout": false
        }
      }
    },
    "treasure_monster_distribution": {
      "score": 0.5581161534328695,
      "detail": {
        "cv_treasure": 1.4886458551295738,
        "uniformity_treasure": 0.4736842105263158,
        "score": 0.5581161534328695,
        "cv_monster": 1.4886458551295738,
        "uniformity_monster": 0.4736842105263158,
        "avg_t2m_dist": 7.0710678118654755,
        "proximity_score": 0.7748113254444775
      }
    },
    "geometric_balance": {
      "score": 0.8725650963332308,
      "detail": {
        "symmetry_ratio": 0.0,
        "uniformity_area": 0.8638166610853962,
        "uniformity_spacing": 0.8814021326960164,
        "score": 0.8725650963332308
      }
    }
  },
  "category_scores": {
    "structural": 0.4982655891142801,
    "gameplay": 0.5581161534328695,
    "aesthetic": 0.8725650963332308
  },
  "overall_score": 0.6429822796267934,
  "grade": "C",
  "details": {
    "accessibility": {
      "reachability_ratio": 0.7391304347826086,
      "avg_path_length": 1.8235294117647058,
      "path_variance": 0.8512110726643599,
      "normalized": [
        0.7391304347826086,
        0.39215686274509803,
        0.621683967704729
      ],
      "score": 0.5648288321745921
    },
    "degree_variance": {
      "raw_variance": 1.5555555555555556,
      "normalized_variance": 0.09722222222222222,
      "score": 0.8232919154257804,
      "degrees": [
        6,
        2,
        3,
        4,
        3,
        3,
        2,
        2,
        2
      ],
      "max_variance": 16.0,
      "room_count": 9,
      "mean_degree": 3.0
    },
    "door_distribution": {
      "cv": 0.5976143046671968,
      "avg_distance": 4.7230819278999885,
      "avg_entropy": 0.5196313423810229,
      "weights": [
        0.3333333333333333,
        0.3333333333333333,
        0.3333333333333333
      ],
      "normalized": [
        0.7011928476664016,
        0.4012941390971239,
        0.3748347803717884
      ],
      "score": 0.49244058904510457,
      "debug": {
        "count": 14
      }
    },
    "dead_end_ratio": {
      "dead_end_ratio": 0.7777777777777778,
      "dead_end_count": 7,
      "total_rooms": 9,
      "dead_end_rooms": [
        "D7",
        "outside_west",
        "D2",
        "D3",
        "D4",
        "D5",
        "D6"
      ],
      "score": 0.2222222222222222
    },
    "key_path_length": {
      "raw_length": 4,
      "diameter": 7,
      "normalized_length": 0.5714285714285714,
      "score": 0.31890655732397044,
      "path": [
        "entry_hall",
        "c_south",
        "hub",
        "c_north",
        "r3_north"
      ],
      "entrance": "entry_hall",
      "exit": "r3_north"
    },
    "loop_ratio": {
      "total_rooms": 23,
      "total_edges": 28,
      "connected_components": 2,
      "cyclomatic_number": 7,
      "loop_ratio": 0.30434782608695654,
      "sigmoid_loop_ratio": 0.5519853695061505,
      "algorithm": "Cyclomatic formula + Sigmoid normalization",
      "note": "Direct calculation using E - V + C formula, then sigmoid mapping to [0,1]",
      "score_breakdown": {
        "raw_loop_ratio": 0.30434782608695654,
        "sigmoid_loop_ratio": 0.5519853695061505,
        "final_score": 0.5519853695061505
      }
    },
    "path_diversity": {
      "avg_path_diversity": 0.21683963796096326,
      "std_path_diversity": 0.1904710547599156,
      "max_path_diversity": 0.4217163322452693,
      "min_path_diversity": 0.0,
      "total_pairs_analyzed": 14,
      "rounds_completed": 3,
      "detailed_analysis": {
        "round_0": {
          "pairs_analyzed": 3,
          "avg_diversity": 0.0
        },
        "round_1": {
          "pairs_analyzed": 5,
          "avg_diversity": 0.30707315360830606
        },
        "round_2": {
          "pairs_analyzed": 6,