{
  "scores": {
    "accessibility": {
      "score": 0.5796781606973519,
      "detail": {
        "reachability_ratio": 1.0,
        "avg_path_length": 2.3333333333333335,
        "path_variance": 1.1111111111111112,
        "normalized": [
          1.0,
          0.22222222222222218,
          0.8765432098765432
        ],
        "score": 0.5796781606973519
      }
    },
    "degree_variance": {
      "score": 0.6451505329883188,
      "detail": {
        "raw_variance": 3.5061728395061724,
        "normalized_variance": 0.21913580246913578,
        "score": 0.6451505329883188,
        "degrees": [
          1,
          2,
          7,
          1,
          1,
          1,
          1,
          1,
          1
        ],
        "max_variance": 16.0,
        "room_count": 9,
        "mean_degree": 1.7777777777777777
      }
    },
    "door_distribution": {
      "score": 0.45437031177159326,
      "detail": {
        "cv": 1.0532687216470449,
        "avg_distance": 19.37625559984098,
        "avg_entropy": 0.3049923527610657,
        "weights": [
          0.3333333333333333,
          0.3333333333333333,
          0.3333333333333333
        ],
        "normalized": [
          0.47336563917647756,
          0.6697398187195789,
          0.2200054774187234
        ],
        "score": 0.45437031177159326,
        "debug": {
          "count": 8
        }
      }
    },
    "dead_end_ratio": {
      "score": 0.2222222222222222,
      "detail": {
        "dead_end_ratio": 0.7777777777777778,
        "dead_end_count": 7,
        "total_rooms": 9,
        "dead_end_rooms": [
          "room_surface_entry",
          "room_constellation",
          "room_supplies",
          "room_mudroom",
          "room_twin_statues",
          "room_crab",
          "room_island"
        ],
        "score": 0.2222222222222222
      }
    },
    "key_path_length": {
      "score": 0.1353352832366127,
      "detail": {
        "raw_length": 3,
        "diameter": 3,
        "normalized_length": 1.0,
        "score": 0.1353352832366127,
        "path": [
          "room_surface_entry",
          "room_study",
          "room_center",
          "room_island"
        ],
        "entrance": "room_surface_entry",
        "exit": "room_island"
      }
    },
    "loop_ratio": {
      "score": 0.45016600268752216,
      "detail": {
        "total_rooms": 9,
        "total_edges": 8,
        "connected_components": 1,
        "cyclomatic_number": 0,
        "loop_ratio": 0.1,
        "sigmoid_loop_ratio": 0.45016600268752216,
        "algorithm": "Cyclomatic formula + Sigmoid normalization",
        "note": "Direct calculation using E - V + C formula, then sigmoid mapping to [0,1]",
        "score_breakdown": {
          "raw_loop_ratio": 0.1,
          "sigmoid_loop_ratio": 0.45016600268752216,
          "final_score": 0.45016600268752216
        }
      }
    },
    "path_diversity": {
      "score": 0.0,
      "detail": {
        "avg_path_diversity": 0.0,
        "std_path_diversity": 0.0,
        "max_path_diversity": 0.0,
        "min_path_diversity": 0.0,
        "total_pairs_analyzed": 20,
        "rounds_completed": 2,
        "detailed_analysis": {
          "round_0": {
            "pairs_analyzed": 10,
            "avg_diversity": 0.0
          },
          "round_1": {
            "pairs_analyzed": 10,
            "avg_diversity": 0.0
          }
        },
        "adaptive_params": {
          "num_walks": 8,
          "max_walk_length": 2,
          "graph_diameter": 2,
          "avg_degree": 1.7777777777777777,
          "total_nodes": 9,
          "total_edges": 8
        },
        "algorithm": "Adaptive_random_walk_sampling",
        "sampling_strategy": "Multi-round (2 rounds, 18 pairs/round)",
        "normalization": "Robust_with_predefined_bounds",
        "fusion_method": "Geometric_mean_of_normalized_metrics",
        "performance": {
          "time_taken": 0.0008709430694580078,
          "timeout": false
        }
      }
    },
    "treasure_monster_distribution": {
      "score": 0.698206889389746,
      "detail": {
        "cv_treasure": 1.0448159327066062,
        "uniformity_treasure": 0.6306017844457057,
        "score": 0.698206889389746,
        "cv_monster": 1.0878565864408425,
        "uniformity_monster": 0.6153846153846154,
        "avg_t2m_dist": 7.523870943447195,
        "proximity_score": 0.877102925062522
      }
    },
    "geometric_balance": {
      "score": 0.8437948797778345,
      "detail": {
        "symmetry_ratio": 0.0,
        "uniformity_area": 0.7739617560635071,
        "uniformity_spacing": 0.9199289158169568,
        "score": 0.8437948797778345
      }
    }
  },
  "category_scores": {
    "structural": 0.3552746448005173,
    "gameplay": 0.698206889389746,
    "aesthetic": 0.8437948797778345
  },
  "overall_score": 0.6324254713226992,
  "grade": "C",
  "details": {
    "accessibility": {
      "reachability_ratio": 1.0,
      "avg_path_length": 2.3333333333333335,
      "path_variance": 1.1111111111111112,
      "normalized": [
        1.0,
        0.22222222222222218,
        0.8765432098765432
      ],
      "score": 0.5796781606973519
    },
    "degree_variance": {
      "raw_variance": 3.5061728395061724,
      "normalized_variance": 0.21913580246913578,
      "score": 0.6451505329883188,
      "degrees": [
        1,
        2,
        7,
        1,
        1,
        1,
        1,
        1,
        1
      ],
      "max_variance": 16.0,
      "room_count": 9,
      "mean_degree": 1.7777777777777777
    },
    "door_distribution": {
      "cv": 1.0532687216470449,
      "avg_distance": 19.37625559984098,
      "avg_entropy": 0.3049923527610657,
      "weights": [
        0.3333333333333333,
        0.3333333333333333,
        0.3333333333333333
      ],
      "normalized": [
        0.47336563917647756,
        0.6697398187195789,
        0.2200054774187234
      ],
      "score": 0.45437031177159326,
      "debug": {
        "count": 8
      }
    },
    "dead_end_ratio": {
      "dead_end_ratio": 0.7777777777777778,
      "dead_end_count": 7,
      "total_rooms": 9,
      "dead_end_rooms": [
        "room_surface_entry",
        "room_constellation",
        "room_supplies",
        "room_mudroom",
        "room_twin_statues",
        "room_crab",
        "room_island"
      ],
      "score": 0.2222222222222222
    },
    "key_path_length": {
      "raw_length": 3,
      "diameter": 3,
      "normalized_length": 1.0,
      "score": 0.1353352832366127,
      "path": [
        "room_surface_entry",
        "room_study",
        "room_center",
        "room_island"
      ],
      "entrance": "room_surface_entry",
      "exit": "room_island"
    },
    "loop_ratio": {
      "total_rooms": 9,
      "total_edges": 8,
      "connected_components": 1,
      "cyclomatic_number": 0,
      "loop_ratio": 0.1,
      "sigmoid_loop_ratio": 0.45016600268752216,
      "algorithm": "Cyclomatic formula + Sigmoid normalization",
      "note": "Direct calculation using E - V + C formula, then sigmoid mapping to [0,1]",
      "score_breakdown": {
        "raw_loop_ratio": 0.1,
        "sigmoid_loop_ratio": 0.45016600268752216,
        "final_score": 0.45016600268752216
      }
    },
    "path_diversity": {
      "avg_path_diversity": 0.0,
      "std_path_diversity": 0.0,
      "max_path_diversity": 0.0,
      "min_path_diversity": 0.0,
      "total_pairs_analyzed": 20,
      "rounds_completed": 2,
      "detailed_analysis": {
        "round_0": {
          "pairs_analyzed": 10,
          "avg_diversity": 0.0
        },
        "round_1": {
          "pairs_analyzed": 10,
          "avg_diversity": 0.0
        }
      },
      "adaptive_params": {
        "num_walks": 8,
        "max_walk_length": 2,
        "graph_diameter": 2,
        "avg_degree": 1.7777777777777777,
        "total_nodes": 9,
        "total_edges": 8
      },
      "algorithm": "Adaptive_random_walk_sampling",