{
  "scores": {
    "accessibility": {
      "score": 0.7172207976598914,
      "detail": {
        "reachability_ratio": 1.0,
        "avg_path_length": 3.0476190476190474,
        "path_variance": 1.3786848072562359,
        "normalized": [
          1.0,
          0.39047619047619053,
          0.9448526077097505
        ],
        "score": 0.7172207976598914
      }
    },
    "degree_variance": {
      "score": 0.8380400876076146,
      "detail": {
        "raw_variance": 4.328888888888889,
        "normalized_variance": 0.08834467120181405,
        "score": 0.8380400876076146,
        "degrees": [
          1,
          4,
          3,
          9,
          1,
          3,
          3,
          6,
          2,
          1,
          3,
          2,
          3,
          4,
          1
        ],
        "max_variance": 49.0,
        "room_count": 15,
        "mean_degree": 3.066666666666667
      }
    },
    "door_distribution": {
      "score": 0.5092801960760387,
      "detail": {
        "cv": 0.6199010757774179,
        "avg_distance": 11.095307950385124,
        "avg_entropy": 0.44771989992369937,
        "weights": [
          0.3333333333333333,
          0.3333333333333333,
          0.3333333333333333
        ],
        "normalized": [
          0.690049462111291,
          0.5148294864532132,
          0.322961639663612
        ],
        "score": 0.5092801960760387,
        "debug": {
          "count": 17
        }
      }
    },
    "dead_end_ratio": {
      "score": 0.6666666666666667,
      "detail": {
        "dead_end_ratio": 0.3333333333333333,
        "dead_end_count": 5,
        "total_rooms": 15,
        "dead_end_rooms": [
          "room_1",
          "room_5",
          "room_10",
          "room_15",
          "cor_12"
        ],
        "score": 0.6666666666666667
      }
    },
    "key_path_length": {
      "score": 0.1353352832366127,
      "detail": {
        "raw_length": 5,
        "diameter": 5,
        "normalized_length": 1.0,
        "score": 0.1353352832366127,
        "path": [
          "room_1",
          "room_2",
          "room_4",
          "cor_7",
          "room_14",
          "room_15"
        ],
        "entrance": "room_1",
        "exit": "room_15"
      }
    },
    "loop_ratio": {
      "score": 0.6776203184984102,
      "detail": {
        "total_rooms": 21,
        "total_edges": 32,
        "connected_components": 1,
        "cyclomatic_number": 12,
        "loop_ratio": 0.5714285714285714,
        "sigmoid_loop_ratio": 0.6776203184984102,
        "algorithm": "Cyclomatic formula + Sigmoid normalization",
        "note": "Direct calculation using E - V + C formula, then sigmoid mapping to [0,1]",
        "score_breakdown": {
          "raw_loop_ratio": 0.5714285714285714,
          "sigmoid_loop_ratio": 0.6776203184984102,
          "final_score": 0.6776203184984102
        }
      }
    },
    "path_diversity": {
      "score": 0.42132395550571355,
      "detail": {
        "avg_path_diversity": 0.24572640026183437,
        "std_path_diversity": 0.20865924599733243,
        "max_path_diversity": 0.5832243741443325,
        "min_path_diversity": 0.0,
        "total_pairs_analyzed": 39,
        "rounds_completed": 4,
        "detailed_analysis": {
          "round_0": {
            "pairs_analyzed": 9,
            "avg_diversity": 0.20294806125631823
          },
          "round_1": {
            "pairs_analyzed": 10,
            "avg_diversity": 0.26688087274637806
          },
          "round_2": {
            "pairs_analyzed": 10,
            "avg_diversity": 0.17361325259462182
          },
          "round_3": {
            "pairs_analyzed": 10,
            "avg_diversity": 0.3351855805494679
          }
        },
        "adaptive_params": {
          "num_walks": 21,
          "max_walk_length": 4,
          "graph_diameter": 4,
          "avg_degree": 3.0476190476190474,
          "total_nodes": 21,
          "total_edges": 32
        },
        "algorithm": "Adaptive_random_walk_sampling",
        "sampling_strategy": "Multi-round (4 rounds, 12 pairs/round)",
        "normalization": "Robust_with_predefined_bounds",
        "fusion_method": "Geometric_mean_of_normalized_metrics",
        "performance": {
          "time_taken": 0.0042629241943359375,
          "timeout": false
        }
      }
    },
    "treasure_monster_distribution": {
      "score": 0.7919680262098086,
      "detail": {
        "cv_treasure": 1.1009637651263604,
        "uniformity_treasure": 0.7057550568317502,
        "score": 0.7919680262098086,
        "cv_monster": 0.9898413858211946,
        "uniformity_monster": 0.7354537619291123,
        "avg_t2m_dist": 2.3380711874576985,
        "proximity_score": 0.957003602648659
      }
    },
    "geometric_balance": {
      "score": 0.8549155777990521,
      "detail": {
        "symmetry_ratio": 0.0,
        "uniformity_area": 0.7997400492834895,
        "uniformity_spacing": 0.913897766928522,
        "score": 0.8549155777990521
      }
    }
  },
  "category_scores": {
    "structural": 0.5664981864644213,
    "gameplay": 0.7919680262098086,
    "aesthetic": 0.8549155777990521
  },
  "overall_score": 0.7377939301577606,
  "grade": "B",
  "details": {
    "accessibility": {
      "reachability_ratio": 1.0,
      "avg_path_length": 3.0476190476190474,
      "path_variance": 1.3786848072562359,
      "normalized": [
        1.0,
        0.39047619047619053,
        0.9448526077097505
      ],
      "score": 0.7172207976598914
    },
    "degree_variance": {
      "raw_variance": 4.328888888888889,
      "normalized_variance": 0.08834467120181405,
      "score": 0.8380400876076146,
      "degrees": [
        1,
        4,
        3,
        9,
        1,
        3,
        3,
        6,
        2,
        1,
        3,
        2,
        3,
        4,
        1
      ],
      "max_variance": 49.0,
      "room_count": 15,
      "mean_degree": 3.066666666666667
    },
    "door_distribution": {
      "cv": 0.6199010757774179,
      "avg_distance": 11.095307950385124,
      "avg_entropy": 0.44771989992369937,
      "weights": [
        0.3333333333333333,
        0.3333333333333333,
        0.3333333333333333
      ],
      "normalized": [
        0.690049462111291,
        0.5148294864532132,
        0.322961639663612
      ],
      "score": 0.5092801960760387,
      "debug": {
        "count": 17
      }
    },
    "dead_end_ratio": {
      "dead_end_ratio": 0.3333333333333333,
      "dead_end_count": 5,
      "total_rooms": 15,
      "dead_end_rooms": [
        "room_1",
        "room_5",
        "room_10",
        "room_15",
        "cor_12"
      ],
      "score": 0.6666666666666667
    },
    "key_path_length": {
      "raw_length": 5,
      "diameter": 5,
      "normalized_length": 1.0,
      "score": 0.1353352832366127,
      "path": [
        "room_1",
        "room_2",
        "room_4",
        "cor_7",
        "room_14",
        "room_15"
      ],
      "entrance": "room_1",
      "exit": "room_15"
    },
    "loop_ratio": {
      "total_rooms": 21,
      "total_edges": 32,
      "connected_components": 1,
      "cyclomatic_number": 12,
      "loop_ratio": 0.5714285714285714,
      "sigmoid_loop_ratio": 0.6776203184984102,
      "algorithm": "Cyclomatic formula + Sigmoid normalization",
      "note": "Direct calculation using E - V + C formula, then sigmoid mapping to [0,1]",
      "score_breakdown": {
        "raw_loop_ratio": 0.5714285714285714,
        "sigmoid_loop_ratio": 0.6776203184984102,
        "final_score": 0.6776203184984102
      }
    },
    "path_diversity": {
      "avg_path_diversity": 0.24572640026183437,
      "std_path_diversity": 0.20865924599733243,
      "max_path_diversity": 0.5832243741443325,
      "min_path_diversity": 0.0,
      "total_pairs_analyzed": 39,
      "rounds_completed": 4,
      "detailed_analysis": {
        "round_0": {
          "pairs_analyzed": 9,