{
  "scores": {
    "accessibility": {
      "score": 0.7465699145111079,
      "detail": {
        "reachability_ratio": 1.0,
        "avg_path_length": 3.8666666666666667,
        "path_variance": 3.448888888888889,
        "normalized": [
          1.0,
          0.44761904761904764,
          0.9296145124716553
        ],
        "score": 0.7465699145111079
      }
    },
    "degree_variance": {
      "score": 0.6943383381212626,
      "detail": {
        "raw_variance": 2.234375,
        "normalized_variance": 0.18239795918367346,
        "score": 0.6943383381212626,
        "degrees": [
          1,
          4,
          3,
          5,
          1,
          3,
          1,
          1
        ],
        "max_variance": 12.25,
        "room_count": 8,
        "mean_degree": 2.375
      }
    },
    "door_distribution": {
      "score": 0.49131685344646997,
      "detail": {
        "cv": 0.47628967220784024,
        "avg_distance": 3.6642175522453915,
        "avg_entropy": 0.5824988383327792,
        "weights": [
          0.3333333333333333,
          0.3333333333333333,
          0.3333333333333333
        ],
        "normalized": [
          0.7618551638960799,
          0.2919113037501889,
          0.4201840926931413
        ],
        "score": 0.49131685344646997,
        "debug": {
          "count": 18
        }
      }
    },
    "dead_end_ratio": {
      "score": 0.5,
      "detail": {
        "dead_end_ratio": 0.5,
        "dead_end_count": 4,
        "total_rooms": 8,
        "dead_end_rooms": [
          "room_1",
          "room_5",
          "room_8",
          "room_7"
        ],
        "score": 0.5
      }
    },
    "key_path_length": {
      "score": 0.513417119032592,
      "detail": {
        "raw_length": 2,
        "diameter": 6,
        "normalized_length": 0.3333333333333333,
        "score": 0.513417119032592,
        "path": [
          "room_3",
          "corridor_b",
          "room_4"
        ],
        "entrance": "room_3",
        "exit": "room_4"
      }
    },
    "loop_ratio": {
      "score": 0.5332840382511314,
      "detail": {
        "total_rooms": 15,
        "total_edges": 18,
        "connected_components": 1,
        "cyclomatic_number": 4,
        "loop_ratio": 0.26666666666666666,
        "sigmoid_loop_ratio": 0.5332840382511314,
        "algorithm": "Cyclomatic formula + Sigmoid normalization",
        "note": "Direct calculation using E - V + C formula, then sigmoid mapping to [0,1]",
        "score_breakdown": {
          "raw_loop_ratio": 0.26666666666666666,
          "sigmoid_loop_ratio": 0.5332840382511314,
          "final_score": 0.5332840382511314
        }
      }
    },
    "path_diversity": {
      "score": 0.5292208832499572,
      "detail": {
        "avg_path_diversity": 0.36499620506587915,
        "std_path_diversity": 0.20056494530277835,
        "max_path_diversity": 0.6896859451660889,
        "min_path_diversity": 0.0,
        "total_pairs_analyzed": 45,
        "rounds_completed": 5,
        "detailed_analysis": {
          "round_0": {
            "pairs_analyzed": 10,
            "avg_diversity": 0.32244656017779205
          },
          "round_1": {
            "pairs_analyzed": 10,
            "avg_diversity": 0.29749691490044183
          },
          "round_2": {
            "pairs_analyzed": 9,
            "avg_diversity": 0.3855772958917167
          },
          "round_3": {
            "pairs_analyzed": 7,
            "avg_diversity": 0.44862921761206
          },
          "round_4": {
            "pairs_analyzed": 9,
            "avg_diversity": 0.4016438100969282
          }
        },
        "adaptive_params": {
          "num_walks": 15,
          "max_walk_length": 7,
          "graph_diameter": 7,
          "avg_degree": 2.4,
          "total_nodes": 15,
          "total_edges": 18
        },
        "algorithm": "Adaptive_random_walk_sampling",
        "sampling_strategy": "Multi-round (5 rounds, 10 pairs/round)",
        "normalization": "Robust_with_predefined_bounds",
        "fusion_method": "Geometric_mean_of_normalized_metrics",
        "performance": {
          "time_taken": 0.004588127136230469,
          "timeout": false
        }
      }
    },
    "treasure_monster_distribution": {
      "score": 0.6147762869940001,
      "detail": {
        "cv_treasure": 1.0192061437387938,
        "uniformity_treasure": 0.6147762869940001,
        "score": 0.6147762869940001,
        "cv_monster": 0.0,
        "uniformity_monster": 0.0,
        "avg_t2m_dist": 0.0,
        "proximity_score": 0.0,
        "note": "Only treasure distribution evaluated (no monsters found)"
      }
    },
    "geometric_balance": {
      "score": 0.9131589031429447,
      "detail": {
        "symmetry_ratio": 0.0,
        "uniformity_area": 0.9057276684082115,
        "uniformity_spacing": 0.9206511090190141,
        "score": 0.9131589031429447
      }
    }
  },
  "category_scores": {
    "structural": 0.5725924495160745,
    "gameplay": 0.6147762869940001,
    "aesthetic": 0.9131589031429447
  },
  "overall_score": 0.7001758798843397,
  "grade": "B",
  "details": {
    "accessibility": {
      "reachability_ratio": 1.0,
      "avg_path_length": 3.8666666666666667,
      "path_variance": 3.448888888888889,
      "normalized": [
        1.0,
        0.44761904761904764,
        0.9296145124716553
      ],
      "score": 0.7465699145111079
    },
    "degree_variance": {
      "raw_variance": 2.234375,
      "normalized_variance": 0.18239795918367346,
      "score": 0.6943383381212626,
      "degrees": [
        1,
        4,
        3,
        5,
        1,
        3,
        1,
        1
      ],
      "max_variance": 12.25,
      "room_count": 8,
      "mean_degree": 2.375
    },
    "door_distribution": {
      "cv": 0.47628967220784024,
      "avg_distance": 3.6642175522453915,
      "avg_entropy": 0.5824988383327792,
      "weights": [
        0.3333333333333333,
        0.3333333333333333,
        0.3333333333333333
      ],
      "normalized": [
        0.7618551638960799,
        0.2919113037501889,
        0.4201840926931413
      ],
      "score": 0.49131685344646997,
      "debug": {
        "count": 18
      }
    },
    "dead_end_ratio": {
      "dead_end_ratio": 0.5,
      "dead_end_count": 4,
      "total_rooms": 8,
      "dead_end_rooms": [
        "room_1",
        "room_5",
        "room_8",
        "room_7"
      ],
      "score": 0.5
    },
    "key_path_length": {
      "raw_length": 2,
      "diameter": 6,
      "normalized_length": 0.3333333333333333,
      "score": 0.513417119032592,
      "path": [
        "room_3",
        "corridor_b",
        "room_4"
      ],
      "entrance": "room_3",
      "exit": "room_4"
    },
    "loop_ratio": {
      "total_rooms": 15,
      "total_edges": 18,
      "connected_components": 1,
      "cyclomatic_number": 4,
      "loop_ratio": 0.26666666666666666,
      "sigmoid_loop_ratio": 0.5332840382511314,
      "algorithm": "Cyclomatic formula + Sigmoid normalization",
      "note": "Direct calculation using E - V + C formula, then sigmoid mapping to [0,1]",
      "score_breakdown": {
        "raw_loop_ratio": 0.26666666666666666,
        "sigmoid_loop_ratio": 0.5332840382511314,
        "final_score": 0.5332840382511314
      }
    },
    "path_diversity": {
      "avg_path_diversity": 0.36499620506587915,
      "std_path_diversity": 0.20056494530277835,
      "max_path_diversity": 0.6896859451660889,
      "min_path_diversity": 0.0,
      "total_pairs_analyzed": 45,
      "rounds_completed": 5,
      "detailed_analysis": {
        "round_0": {
          "pairs_analyzed": 10,
          "avg_diversity": 0.32244656017779205
        },
        "round_1": {
          "pairs_analyzed": 10,
          "avg_diversity": 0.29749691490044183
        },
        "round_2": {
          "pairs_analyzed": 9,
          "avg_diversity": 0.3855772958917167
        },
        "round_3": {
          "pairs_analyzed": 7,