{
  "scores": {
    "accessibility": {
      "score": 0.7768081264884648,
      "detail": {
        "reachability_ratio": 1.0,
        "avg_path_length": 2.0,
        "path_variance": 1.0,
        "normalized": [
          1.0,
          0.5,
          0.9375
        ],
        "score": 0.7768081264884648
      }
    },
    "degree_variance": {
      "score": 0.9693678595521019,
      "detail": {
        "raw_variance": 0.875,
        "normalized_variance": 0.015555555555555555,
        "score": 0.9693678595521019,
        "degrees": [
          4,
          2,
          3,
          1,
          3,
          2,
          4,
          1,
          4,
          2,
          2,
          2,
          3,
          2,
          3,
          2
        ],
        "max_variance": 56.25,
        "room_count": 16,
        "mean_degree": 2.5
      }
    },
    "door_distribution": {
      "score": 0.6033172837707269,
      "detail": {
        "cv": 0.3741657386773941,
        "avg_distance": 15.126501736097008,
        "avg_entropy": 0.6111103439390134,
        "weights": [
          0.3333333333333333,
          0.3333333333333333,
          0.3333333333333333
        ],
        "normalized": [
          0.812917130661303,
          0.5562117893324962,
          0.44082293131838174
        ],
        "score": 0.6033172837707269,
        "debug": {
          "count": 20
        }
      }
    },
    "dead_end_ratio": {
      "score": 0.875,
      "detail": {
        "dead_end_ratio": 0.125,
        "dead_end_count": 2,
        "total_rooms": 16,
        "dead_end_rooms": [
          "room_3",
          "room_7"
        ],
        "score": 0.875
      }
    },
    "key_path_length": {
      "score": 0.22313016014842982,
      "detail": {
        "raw_length": 3,
        "diameter": 4,
        "normalized_length": 0.75,
        "score": 0.22313016014842982,
        "path": [
          "room_8",
          "room_12",
          "room_14",
          "room_15"
        ],
        "entrance": "room_8",
        "exit": "room_15"
      }
    },
    "loop_ratio": {
      "score": 0.5560138905446199,
      "detail": {
        "total_rooms": 16,
        "total_edges": 20,
        "connected_components": 1,
        "cyclomatic_number": 5,
        "loop_ratio": 0.3125,
        "sigmoid_loop_ratio": 0.5560138905446199,
        "algorithm": "Cyclomatic formula + Sigmoid normalization",
        "note": "Direct calculation using E - V + C formula, then sigmoid mapping to [0,1]",
        "score_breakdown": {
          "raw_loop_ratio": 0.3125,
          "sigmoid_loop_ratio": 0.5560138905446199,
          "final_score": 0.5560138905446199
        }
      }
    },
    "path_diversity": {
      "score": 0.3221289439452555,
      "detail": {
        "avg_path_diversity": 0.1880914540239477,
        "std_path_diversity": 0.2189668173859235,
        "max_path_diversity": 0.5839011289091522,
        "min_path_diversity": 0.0,
        "total_pairs_analyzed": 38,
        "rounds_completed": 5,
        "detailed_analysis": {
          "round_0": {
            "pairs_analyzed": 7,
            "avg_diversity": 0.2256701564960041
          },
          "round_1": {
            "pairs_analyzed": 7,
            "avg_diversity": 0.3382841018503126
          },
          "round_2": {
            "pairs_analyzed": 8,
            "avg_diversity": 0.12785012643452723
          },
          "round_3": {
            "pairs_analyzed": 9,
            "avg_diversity": 0.19859305740123012
          },
          "round_4": {
            "pairs_analyzed": 7,
            "avg_diversity": 0.05566527377121523
          }
        },
        "adaptive_params": {
          "num_walks": 16,
          "max_walk_length": 4,
          "graph_diameter": 4,
          "avg_degree": 2.5,
          "total_nodes": 16,
          "total_edges": 20
        },
        "algorithm": "Adaptive_random_walk_sampling",
        "sampling_strategy": "Multi-round (5 rounds, 10 pairs/round)",
        "normalization": "Robust_with_predefined_bounds",
        "fusion_method": "Geometric_mean_of_normalized_metrics",
        "performance": {
          "time_taken": 0.003248929977416992,
          "timeout": false
        }
      }
    },
    "treasure_monster_distribution": {
      "score": 0.7459238910616878,
      "detail": {
        "cv_treasure": 0.9840325385872647,
        "uniformity_treasure": 0.7459238910616878,
        "score": 0.7459238910616878,
        "cv_monster": 0.0,
        "uniformity_monster": 0.0,
        "avg_t2m_dist": 0.0,
        "proximity_score": 0.0,
        "note": "Only treasure distribution evaluated (no monsters found)"
      }
    },
    "geometric_balance": {
      "score": 0.9066378990526758,
      "detail": {
        "symmetry_ratio": 0.0,
        "uniformity_area": 0.8699102761227843,
        "uniformity_spacing": 0.9449161626901267,
        "score": 0.9066378990526758
      }
    }
  },
  "category_scores": {
    "structural": 0.6179666092070857,
    "gameplay": 0.7459238910616878,
    "aesthetic": 0.9066378990526758
  },
  "overall_score": 0.7568427997738163,
  "grade": "B",
  "details": {
    "accessibility": {
      "reachability_ratio": 1.0,
      "avg_path_length": 2.0,
      "path_variance": 1.0,
      "normalized": [
        1.0,
        0.5,
        0.9375
      ],
      "score": 0.7768081264884648
    },
    "degree_variance": {
      "raw_variance": 0.875,
      "normalized_variance": 0.015555555555555555,
      "score": 0.9693678595521019,
      "degrees": [
        4,
        2,
        3,
        1,
        3,
        2,
        4,
        1,
        4,
        2,
        2,
        2,
        3,
        2,
        3,
        2
      ],
      "max_variance": 56.25,
      "room_count": 16,
      "mean_degree": 2.5
    },
    "door_distribution": {
      "cv": 0.3741657386773941,
      "avg_distance": 15.126501736097008,
      "avg_entropy": 0.6111103439390134,
      "weights": [
        0.3333333333333333,
        0.3333333333333333,
        0.3333333333333333
      ],
      "normalized": [
        0.812917130661303,
        0.5562117893324962,
        0.44082293131838174
      ],
      "score": 0.6033172837707269,
      "debug": {
        "count": 20
      }
    },
    "dead_end_ratio": {
      "dead_end_ratio": 0.125,
      "dead_end_count": 2,
      "total_rooms": 16,
      "dead_end_rooms": [
        "room_3",
        "room_7"
      ],
      "score": 0.875
    },
    "key_path_length": {
      "raw_length": 3,
      "diameter": 4,
      "normalized_length": 0.75,
      "score": 0.22313016014842982,
      "path": [
        "room_8",
        "room_12",
        "room_14",
        "room_15"
      ],
      "entrance": "room_8",
      "exit": "room_15"
    },
    "loop_ratio": {
      "total_rooms": 16,
      "total_edges": 20,
      "connected_components": 1,
      "cyclomatic_number": 5,
      "loop_ratio": 0.3125,
      "sigmoid_loop_ratio": 0.5560138905446199,
      "algorithm": "Cyclomatic formula + Sigmoid normalization",
      "note": "Direct calculation using E - V + C formula, then sigmoid mapping to [0,1]",
      "score_breakdown": {
        "raw_loop_ratio": 0.3125,
        "sigmoid_loop_ratio": 0.5560138905446199,
        "final_score": 0.5560138905446199
      }
    },
    "path_diversity": {
      "avg_path_diversity": 0.1880914540239477,
      "std_path_diversity": 0.2189668173859235,
      "max_path_diversity": 0.5839011289091522,
      "min_path_diversity": 0.0,
      "total_pairs_analyzed": 38,
      "rounds_completed": 5,
      "detailed_analysis": {
        "round_0": {
          "pairs_analyzed": 7,
          "avg_diversity": 0.2256701564960041
        },
        "round_1": {
          "pairs_analyzed": 7,
          "avg_diversity": 0.3382841018503126
        },
        "round_2": {
          "pairs_analyzed": 8,
          "avg_diversity": 0.12785012643452723
        },
        "round_3": {
          "pairs_analyzed": 9,