{
  "scores": {
    "accessibility": {
      "score": 0.7133735092520281,
      "detail": {
        "reachability_ratio": 1.0,
        "avg_path_length": 2.066666666666667,
        "path_variance": 0.9955555555555555,
        "normalized": [
          1.0,
          0.4833333333333333,
          0.7511111111111111
        ],
        "score": 0.7133735092520281
      }
    },
    "degree_variance": {
      "score": 0.9522005621647477,
      "detail": {
        "raw_variance": 1.2,
        "normalized_variance": 0.024489795918367346,
        "score": 0.9522005621647477,
        "degrees": [
          3,
          2,
          2,
          3,
          1,
          2,
          1,
          5,
          1,
          2,
          1,
          3,
          1,
          2,
          1
        ],
        "max_variance": 49.0,
        "room_count": 15,
        "mean_degree": 2.0
      }
    },
    "door_distribution": {
      "score": 0.536056765681206,
      "detail": {
        "cv": 0.5477225575051661,
        "avg_distance": 13.705459564601338,
        "avg_entropy": 0.535638962387554,
        "weights": [
          0.3333333333333333,
          0.3333333333333333,
          0.3333333333333333
        ],
        "normalized": [
          0.726138721247417,
          0.49564973842448395,
          0.3863818373717171
        ],
        "score": 0.536056765681206,
        "debug": {
          "count": 15
        }
      }
    },
    "dead_end_ratio": {
      "score": 0.6,
      "detail": {
        "dead_end_ratio": 0.4,
        "dead_end_count": 6,
        "total_rooms": 15,
        "dead_end_rooms": [
          "room_4",
          "room_6",
          "room_8",
          "room_10",
          "room_12",
          "room_14"
        ],
        "score": 0.6
      }
    },
    "key_path_length": {
      "score": 0.18887560283756183,
      "detail": {
        "raw_length": 5,
        "diameter": 6,
        "normalized_length": 0.8333333333333334,
        "score": 0.18887560283756183,
        "path": [
          "room_10",
          "room_9",
          "room_7",
          "room_0",
          "room_3",
          "room_4"
        ],
        "entrance": "room_10",
        "exit": "room_4"
      }
    },
    "loop_ratio": {
      "score": 0.43372560580456077,
      "detail": {
        "total_rooms": 15,
        "total_edges": 15,
        "connected_components": 1,
        "cyclomatic_number": 1,
        "loop_ratio": 0.06666666666666667,
        "sigmoid_loop_ratio": 0.43372560580456077,
        "algorithm": "Cyclomatic formula + Sigmoid normalization",
        "note": "Direct calculation using E - V + C formula, then sigmoid mapping to [0,1]",
        "score_breakdown": {
          "raw_loop_ratio": 0.06666666666666667,
          "sigmoid_loop_ratio": 0.43372560580456077,
          "final_score": 0.43372560580456077
        }
      }
    },
    "path_diversity": {
      "score": 0.43341041133341945,
      "detail": {
        "avg_path_diversity": 0.21481616258603675,
        "std_path_diversity": 0.15912699747955547,
        "max_path_diversity": 0.49564144508005425,
        "min_path_diversity": 0.0,
        "total_pairs_analyzed": 42,
        "rounds_completed": 6,
        "detailed_analysis": {
          "round_0": {
            "pairs_analyzed": 8,
            "avg_diversity": 0.16262014163083133
          },
          "round_1": {
            "pairs_analyzed": 5,
            "avg_diversity": 0.18609890198574747
          },
          "round_2": {
            "pairs_analyzed": 5,
            "avg_diversity": 0.1932942653787848
          },
          "round_3": {
            "pairs_analyzed": 8,
            "avg_diversity": 0.18878338982554896
          },
          "round_4": {
            "pairs_analyzed": 8,
            "avg_diversity": 0.2706329925739308
          },
          "round_5": {
            "pairs_analyzed": 8,
            "avg_diversity": 0.26862759994354923
          }
        },
        "adaptive_params": {
          "num_walks": 15,
          "max_walk_length": 5,
          "graph_diameter": 5,
          "avg_degree": 2.0,
          "total_nodes": 15,
          "total_edges": 15
        },
        "algorithm": "Adaptive_random_walk_sampling",
        "sampling_strategy": "Multi-round (6 rounds, 8 pairs/round)",
        "normalization": "Robust_with_predefined_bounds",
        "fusion_method": "Geometric_mean_of_normalized_metrics",
        "performance": {
          "time_taken": 0.0034008026123046875,
          "timeout": false
        }
      }
    },
    "treasure_monster_distribution": {
      "score": 0.7194484546143785,
      "detail": {
        "cv_treasure": 1.0497277621629557,
        "uniformity_treasure": 0.7194484546143785,
        "score": 0.7194484546143785,
        "cv_monster": 0.0,
        "uniformity_monster": 0.0,
        "avg_t2m_dist": 0.0,
        "proximity_score": 0.0,
        "note": "Only treasure distribution evaluated (no monsters found)"
      }
    },
    "geometric_balance": {
      "score": 0.9050194977341665,
      "detail": {
        "symmetry_ratio": 0.0,
        "uniformity_area": 0.878691842503261,
        "uniformity_spacing": 0.9321359908675415,
        "score": 0.9050194977341665
      }
    }
  },
  "category_scores": {
    "structural": 0.551091779581932,
    "gameplay": 0.7194484546143785,
    "aesthetic": 0.9050194977341665
  },
  "overall_score": 0.7251865773101589,
  "grade": "B",
  "details": {
    "accessibility": {
      "reachability_ratio": 1.0,
      "avg_path_length": 2.066666666666667,
      "path_variance": 0.9955555555555555,
      "normalized": [
        1.0,
        0.4833333333333333,
        0.7511111111111111
      ],
      "score": 0.7133735092520281
    },
    "degree_variance": {
      "raw_variance": 1.2,
      "normalized_variance": 0.024489795918367346,
      "score": 0.9522005621647477,
      "degrees": [
        3,
        2,
        2,
        3,
        1,
        2,
        1,
        5,
        1,
        2,
        1,
        3,
        1,
        2,
        1
      ],
      "max_variance": 49.0,
      "room_count": 15,
      "mean_degree": 2.0
    },
    "door_distribution": {
      "cv": 0.5477225575051661,
      "avg_distance": 13.705459564601338,
      "avg_entropy": 0.535638962387554,
      "weights": [
        0.3333333333333333,
        0.3333333333333333,
        0.3333333333333333
      ],
      "normalized": [
        0.726138721247417,
        0.49564973842448395,
        0.3863818373717171
      ],
      "score": 0.536056765681206,
      "debug": {
        "count": 15
      }
    },
    "dead_end_ratio": {
      "dead_end_ratio": 0.4,
      "dead_end_count": 6,
      "total_rooms": 15,
      "dead_end_rooms": [
        "room_4",
        "room_6",
        "room_8",
        "room_10",
        "room_12",
        "room_14"
      ],
      "score": 0.6
    },
    "key_path_length": {
      "raw_length": 5,
      "diameter": 6,
      "normalized_length": 0.8333333333333334,
      "score": 0.18887560283756183,
      "path": [
        "room_10",
        "room_9",
        "room_7",
        "room_0",
        "room_3",
        "room_4"
      ],
      "entrance": "room_10",
      "exit": "room_4"
    },
    "loop_ratio": {
      "total_rooms": 15,
      "total_edges": 15,
      "connected_components": 1,
      "cyclomatic_number": 1,
      "loop_ratio": 0.06666666666666667,
      "sigmoid_loop_ratio": 0.43372560580456077,
      "algorithm": "Cyclomatic formula + Sigmoid normalization",
      "note": "Direct calculation using E - V + C formula, then sigmoid mapping to [0,1]",
      "score_breakdown": {
        "raw_loop_ratio": 0.06666666666666667,
        "sigmoid_loop_ratio": 0.43372560580456077,
        "final_score": 0.43372560580456077
      }
    },
    "path_diversity": {
      "avg_path_diversity": 0.21481616258603675,
      "std_path_diversity": 0.15912699747955547,
      "max_path_diversity": 0.49564144508005425,
      "min_path_diversity": 0.0,