{
  "scores": {
    "accessibility": {
      "score": 0.7768081264884648,
      "detail": {
        "reachability_ratio": 1.0,
        "avg_path_length": 2.0,
        "path_variance": 1.0,
        "normalized": [
          1.0,
          0.5,
          0.9375
        ],
        "score": 0.7768081264884648
      }
    },
    "degree_variance": {
      "score": 0.9607894391523232,
      "detail": {
        "raw_variance": 1.125,
        "normalized_variance": 0.02,
        "score": 0.9607894391523232,
        "degrees": [
          4,
          1,
          2,
          1,
          3,
          1,
          2,
          1,
          4,
          2,
          3,
          1,
          3,
          1,
          2,
          1
        ],
        "max_variance": 56.25,
        "room_count": 16,
        "mean_degree": 2.0
      }
    },
    "door_distribution": {
      "score": 0.530626282649842,
      "detail": {
        "cv": 0.5303300858899106,
        "avg_distance": 15.381532528053492,
        "avg_entropy": 0.43024688239608966,
        "weights": [
          0.3333333333333333,
          0.3333333333333333,
          0.3333333333333333
        ],
        "normalized": [
          0.7348349570550448,
          0.5466863690990935,
          0.31035752179538784
        ],
        "score": 0.530626282649842,
        "debug": {
          "count": 16
        }
      }
    },
    "dead_end_ratio": {
      "score": 0.5625,
      "detail": {
        "dead_end_ratio": 0.4375,
        "dead_end_count": 7,
        "total_rooms": 16,
        "dead_end_rooms": [
          "room_1",
          "room_3",
          "room_5",
          "room_7",
          "room_11",
          "room_13",
          "room_15"
        ],
        "score": 0.5625
      }
    },
    "key_path_length": {
      "score": 0.36787944117144233,
      "detail": {
        "raw_length": 3,
        "diameter": 6,
        "normalized_length": 0.5,
        "score": 0.36787944117144233,
        "path": [
          "room_6",
          "room_4",
          "room_0",
          "room_1"
        ],
        "entrance": "room_6",
        "exit": "room_1"
      }
    },
    "loop_ratio": {
      "score": 0.4316800165217519,
      "detail": {
        "total_rooms": 16,
        "total_edges": 16,
        "connected_components": 1,
        "cyclomatic_number": 1,
        "loop_ratio": 0.0625,
        "sigmoid_loop_ratio": 0.4316800165217519,
        "algorithm": "Cyclomatic formula + Sigmoid normalization",
        "note": "Direct calculation using E - V + C formula, then sigmoid mapping to [0,1]",
        "score_breakdown": {
          "raw_loop_ratio": 0.0625,
          "sigmoid_loop_ratio": 0.4316800165217519,
          "final_score": 0.4316800165217519
        }
      }
    },
    "path_diversity": {
      "score": 0.3821723458563261,
      "detail": {
        "avg_path_diversity": 0.19108617265248395,
        "std_path_diversity": 0.2077832640247015,
        "max_path_diversity": 0.49999999927865246,
        "min_path_diversity": 0.0,
        "total_pairs_analyzed": 43,
        "rounds_completed": 5,
        "detailed_analysis": {
          "round_0": {
            "pairs_analyzed": 9,
            "avg_diversity": 0.13430202378666764
          },
          "round_1": {
            "pairs_analyzed": 6,
            "avg_diversity": 0.23876387749337816
          },
          "round_2": {
            "pairs_analyzed": 9,
            "avg_diversity": 0.2497537342941754
          },
          "round_3": {
            "pairs_analyzed": 10,
            "avg_diversity": 0.19775155796933525
          },
          "round_4": {
            "pairs_analyzed": 9,
            "avg_diversity": 0.15001163963062225
          }
        },
        "adaptive_params": {
          "num_walks": 16,
          "max_walk_length": 5,
          "graph_diameter": 5,
          "avg_degree": 2.0,
          "total_nodes": 16,
          "total_edges": 16
        },
        "algorithm": "Adaptive_random_walk_sampling",
        "sampling_strategy": "Multi-round (5 rounds, 10 pairs/round)",
        "normalization": "Robust_with_predefined_bounds",
        "fusion_method": "Geometric_mean_of_normalized_metrics",
        "performance": {
          "time_taken": 0.0033600330352783203,
          "timeout": false
        }
      }
    },
    "treasure_monster_distribution": {
      "score": 0.6277747147151915,
      "detail": {
        "cv_treasure": 1.441622330945368,
        "uniformity_treasure": 0.6277747147151915,
        "score": 0.6277747147151915,
        "cv_monster": 0.0,
        "uniformity_monster": 0.0,
        "avg_t2m_dist": 0.0,
        "proximity_score": 0.0,
        "note": "Only treasure distribution evaluated (no monsters found)"
      }
    },
    "geometric_balance": {
      "score": 0.8960602536405144,
      "detail": {
        "symmetry_ratio": 0.0,
        "uniformity_area": 0.8636852134902274,
        "uniformity_spacing": 0.9296488646709802,
        "score": 0.8960602536405144
      }
    }
  },
  "category_scores": {
    "structural": 0.5732079502628787,
    "gameplay": 0.6277747147151915,
    "aesthetic": 0.8960602536405144
  },
  "overall_score": 0.6990143062061949,
  "grade": "B",
  "details": {
    "accessibility": {
      "reachability_ratio": 1.0,
      "avg_path_length": 2.0,
      "path_variance": 1.0,
      "normalized": [
        1.0,
        0.5,
        0.9375
      ],
      "score": 0.7768081264884648
    },
    "degree_variance": {
      "raw_variance": 1.125,
      "normalized_variance": 0.02,
      "score": 0.9607894391523232,
      "degrees": [
        4,
        1,
        2,
        1,
        3,
        1,
        2,
        1,
        4,
        2,
        3,
        1,
        3,
        1,
        2,
        1
      ],
      "max_variance": 56.25,
      "room_count": 16,
      "mean_degree": 2.0
    },
    "door_distribution": {
      "cv": 0.5303300858899106,
      "avg_distance": 15.381532528053492,
      "avg_entropy": 0.43024688239608966,
      "weights": [
        0.3333333333333333,
        0.3333333333333333,
        0.3333333333333333
      ],
      "normalized": [
        0.7348349570550448,
        0.5466863690990935,
        0.31035752179538784
      ],
      "score": 0.530626282649842,
      "debug": {
        "count": 16
      }
    },
    "dead_end_ratio": {
      "dead_end_ratio": 0.4375,
      "dead_end_count": 7,
      "total_rooms": 16,
      "dead_end_rooms": [
        "room_1",
        "room_3",
        "room_5",
        "room_7",
        "room_11",
        "room_13",
        "room_15"
      ],
      "score": 0.5625
    },
    "key_path_length": {
      "raw_length": 3,
      "diameter": 6,
      "normalized_length": 0.5,
      "score": 0.36787944117144233,
      "path": [
        "room_6",
        "room_4",
        "room_0",
        "room_1"
      ],
      "entrance": "room_6",
      "exit": "room_1"
    },
    "loop_ratio": {
      "total_rooms": 16,
      "total_edges": 16,
      "connected_components": 1,
      "cyclomatic_number": 1,
      "loop_ratio": 0.0625,
      "sigmoid_loop_ratio": 0.4316800165217519,
      "algorithm": "Cyclomatic formula + Sigmoid normalization",
      "note": "Direct calculation using E - V + C formula, then sigmoid mapping to [0,1]",
      "score_breakdown": {
        "raw_loop_ratio": 0.0625,
        "sigmoid_loop_ratio": 0.4316800165217519,
        "final_score": 0.4316800165217519
      }
    },
    "path_diversity": {
      "avg_path_diversity": 0.19108617265248395,
      "std_path_diversity": 0.2077832640247015,
      "max_path_diversity": 0.49999999927865246,
      "min_path_diversity": 0.0,
      "total_pairs_analyzed": 43,
      "rounds_completed": 5,
      "detailed_analysis": {
        "round_0": {
          "pairs_analyzed": 9,
          "avg_diversity": 0.13430202378666764
        },
        "round_1": {
          "pairs_analyzed": 6,
          "avg_diversity": 0.23876387749337816
        },