{
  "scores": {
    "accessibility": {
      "score": 0.7211247851537042,
      "detail": {
        "reachability_ratio": 1.0,
        "avg_path_length": 2.0,
        "path_variance": 1.0,
        "normalized": [
          1.0,
          0.5,
          0.75
        ],
        "score": 0.7211247851537042
      }
    },
    "degree_variance": {
      "score": 0.9607894391523232,
      "detail": {
        "raw_variance": 1.125,
        "normalized_variance": 0.02,
        "score": 0.9607894391523232,
        "degrees": [
          4,
          1,
          2,
          2,
          3,
          1,
          3,
          1,
          4,
          1,
          2,
          1,
          3,
          1,
          2,
          1
        ],
        "max_variance": 56.25,
        "room_count": 16,
        "mean_degree": 2.0
      }
    },
    "door_distribution": {
      "score": 0.5327410861083491,
      "detail": {
        "cv": 0.5303300858899106,
        "avg_distance": 16.28597985483709,
        "avg_entropy": 0.3399227649618345,
        "weights": [
          0.3333333333333333,
          0.3333333333333333,
          0.3333333333333333
        ],
        "normalized": [
          0.7348349570550448,
          0.618185857622151,
          0.24520244364785165
        ],
        "score": 0.5327410861083491,
        "debug": {
          "count": 16
        }
      }
    },
    "dead_end_ratio": {
      "score": 0.5625,
      "detail": {
        "dead_end_ratio": 0.4375,
        "dead_end_count": 7,
        "total_rooms": 16,
        "dead_end_rooms": [
          "room_1",
          "room_5",
          "room_7",
          "room_9",
          "room_11",
          "room_13",
          "room_15"
        ],
        "score": 0.5625
      }
    },
    "key_path_length": {
      "score": 0.1353352832366127,
      "detail": {
        "raw_length": 4,
        "diameter": 4,
        "normalized_length": 1.0,
        "score": 0.1353352832366127,
        "path": [
          "room_0",
          "room_8",
          "room_12",
          "room_14",
          "room_15"
        ],
        "entrance": "room_0",
        "exit": "room_15"
      }
    },
    "loop_ratio": {
      "score": 0.4316800165217519,
      "detail": {
        "total_rooms": 16,
        "total_edges": 16,
        "connected_components": 1,
        "cyclomatic_number": 1,
        "loop_ratio": 0.0625,
        "sigmoid_loop_ratio": 0.4316800165217519,
        "algorithm": "Cyclomatic formula + Sigmoid normalization",
        "note": "Direct calculation using E - V + C formula, then sigmoid mapping to [0,1]",
        "score_breakdown": {
          "raw_loop_ratio": 0.0625,
          "sigmoid_loop_ratio": 0.4316800165217519,
          "final_score": 0.4316800165217519
        }
      }
    },
    "path_diversity": {
      "score": 0.22990435961371433,
      "detail": {
        "avg_path_diversity": 0.0920940618071448,
        "std_path_diversity": 0.15064100283121565,
        "max_path_diversity": 0.4005755348088283,
        "min_path_diversity": 0.0,
        "total_pairs_analyzed": 29,
        "rounds_completed": 4,
        "detailed_analysis": {
          "round_0": {
            "pairs_analyzed": 7,
            "avg_diversity": 0.15028125562214717
          },
          "round_1": {
            "pairs_analyzed": 7,
            "avg_diversity": 0.057225076401261184
          },
          "round_2": {
            "pairs_analyzed": 8,
            "avg_diversity": 0.07284948179541997
          },
          "round_3": {
            "pairs_analyzed": 7,
            "avg_diversity": 0.0907696591257116
          }
        },
        "adaptive_params": {
          "num_walks": 16,
          "max_walk_length": 4,
          "graph_diameter": 4,
          "avg_degree": 2.0,
          "total_nodes": 16,
          "total_edges": 16
        },
        "algorithm": "Adaptive_random_walk_sampling",
        "sampling_strategy": "Multi-round (4 rounds, 12 pairs/round)",
        "normalization": "Robust_with_predefined_bounds",
        "fusion_method": "Geometric_mean_of_normalized_metrics",
        "performance": {
          "time_taken": 0.00244903564453125,
          "timeout": false
        }
      }
    },
    "treasure_monster_distribution": {
      "score": 0.6911525458850523,
      "detail": {
        "cv_treasure": 1.196161046305752,
        "uniformity_treasure": 0.6911525458850523,
        "score": 0.6911525458850523,
        "cv_monster": 0.0,
        "uniformity_monster": 0.0,
        "avg_t2m_dist": 0.0,
        "proximity_score": 0.0,
        "note": "Only treasure distribution evaluated (no monsters found)"
      }
    },
    "geometric_balance": {
      "score": 0.8881651637958278,
      "detail": {
        "symmetry_ratio": 0.0,
        "uniformity_area": 0.8636852134902274,
        "uniformity_spacing": 0.9133389640801062,
        "score": 0.8881651637958278
      }
    }
  },
  "category_scores": {
    "structural": 0.5105821385409223,
    "gameplay": 0.6911525458850523,
    "aesthetic": 0.8881651637958278
  },
  "overall_score": 0.6966332827406008,
  "grade": "B",
  "details": {
    "accessibility": {
      "reachability_ratio": 1.0,
      "avg_path_length": 2.0,
      "path_variance": 1.0,
      "normalized": [
        1.0,
        0.5,
        0.75
      ],
      "score": 0.7211247851537042
    },
    "degree_variance": {
      "raw_variance": 1.125,
      "normalized_variance": 0.02,
      "score": 0.9607894391523232,
      "degrees": [
        4,
        1,
        2,
        2,
        3,
        1,
        3,
        1,
        4,
        1,
        2,
        1,
        3,
        1,
        2,
        1
      ],
      "max_variance": 56.25,
      "room_count": 16,
      "mean_degree": 2.0
    },
    "door_distribution": {
      "cv": 0.5303300858899106,
      "avg_distance": 16.28597985483709,
      "avg_entropy": 0.3399227649618345,
      "weights": [
        0.3333333333333333,
        0.3333333333333333,
        0.3333333333333333
      ],
      "normalized": [
        0.7348349570550448,
        0.618185857622151,
        0.24520244364785165
      ],
      "score": 0.5327410861083491,
      "debug": {
        "count": 16
      }
    },
    "dead_end_ratio": {
      "dead_end_ratio": 0.4375,
      "dead_end_count": 7,
      "total_rooms": 16,
      "dead_end_rooms": [
        "room_1",
        "room_5",
        "room_7",
        "room_9",
        "room_11",
        "room_13",
        "room_15"
      ],
      "score": 0.5625
    },
    "key_path_length": {
      "raw_length": 4,
      "diameter": 4,
      "normalized_length": 1.0,
      "score": 0.1353352832366127,
      "path": [
        "room_0",
        "room_8",
        "room_12",
        "room_14",
        "room_15"
      ],
      "entrance": "room_0",
      "exit": "room_15"
    },
    "loop_ratio": {
      "total_rooms": 16,
      "total_edges": 16,
      "connected_components": 1,
      "cyclomatic_number": 1,
      "loop_ratio": 0.0625,
      "sigmoid_loop_ratio": 0.4316800165217519,
      "algorithm": "Cyclomatic formula + Sigmoid normalization",
      "note": "Direct calculation using E - V + C formula, then sigmoid mapping to [0,1]",
      "score_breakdown": {
        "raw_loop_ratio": 0.0625,
        "sigmoid_loop_ratio": 0.4316800165217519,
        "final_score": 0.4316800165217519
      }
    },
    "path_diversity": {
      "avg_path_diversity": 0.0920940618071448,
      "std_path_diversity": 0.15064100283121565,
      "max_path_diversity": 0.4005755348088283,
      "min_path_diversity": 0.0,
      "total_pairs_analyzed": 29,
      "rounds_completed": 4,
      "detailed_analysis": {
        "round_0": {
          "pairs_analyzed": 7,
          "avg_diversity": 0.15028125562214717
        },
        "round_1": {
          "pairs_analyzed": 7,
          "avg_diversity": 0.057225076401261184
        },
        "round_2": {
          "pairs_analyzed": 8,
          "avg_diversity": 0.07284948179541997
        },