{
  "scores": {
    "accessibility": {
      "score": 0.7854227203927528,
      "detail": {
        "reachability_ratio": 1.0,
        "avg_path_length": 1.9333333333333333,
        "path_variance": 0.9955555555555554,
        "normalized": [
          1.0,
          0.5166666666666666,
          0.9377777777777778
        ],
        "score": 0.7854227203927528
      }
    },
    "degree_variance": {
      "score": 0.9477200321079432,
      "detail": {
        "raw_variance": 1.3155555555555556,
        "normalized_variance": 0.02684807256235828,
        "score": 0.9477200321079432,
        "degrees": [
          4,
          1,
          2,
          2,
          3,
          2,
          4,
          1,
          4,
          1,
          1,
          3,
          1,
          2,
          1
        ],
        "max_variance": 49.0,
        "room_count": 15,
        "mean_degree": 2.1333333333333333
      }
    },
    "door_distribution": {
      "score": 0.5633939523617237,
      "detail": {
        "cv": 0.5376453291901642,
        "avg_distance": 15.950210489672216,
        "avg_entropy": 0.48291931554317813,
        "weights": [
          0.3333333333333333,
          0.3333333333333333,
          0.3333333333333333
        ],
        "normalized": [
          0.7311773354049179,
          0.6106518708384354,
          0.3483526508418178
        ],
        "score": 0.5633939523617237,
        "debug": {
          "count": 16
        }
      }
    },
    "dead_end_ratio": {
      "score": 0.6,
      "detail": {
        "dead_end_ratio": 0.4,
        "dead_end_count": 6,
        "total_rooms": 15,
        "dead_end_rooms": [
          "room_1",
          "room_7",
          "room_10",
          "room_9",
          "room_12",
          "room_14"
        ],
        "score": 0.6
      }
    },
    "key_path_length": {
      "score": 0.2396510364417758,
      "detail": {
        "raw_length": 5,
        "diameter": 7,
        "normalized_length": 0.7142857142857143,
        "score": 0.2396510364417758,
        "path": [
          "room_14",
          "room_13",
          "room_11",
          "room_8",
          "room_0",
          "room_1"
        ],
        "entrance": "room_14",
        "exit": "room_1"
      }
    },
    "loop_ratio": {
      "score": 0.4667159617488687,
      "detail": {
        "total_rooms": 15,
        "total_edges": 16,
        "connected_components": 1,
        "cyclomatic_number": 2,
        "loop_ratio": 0.13333333333333333,
        "sigmoid_loop_ratio": 0.4667159617488687,
        "algorithm": "Cyclomatic formula + Sigmoid normalization",
        "note": "Direct calculation using E - V + C formula, then sigmoid mapping to [0,1]",
        "score_breakdown": {
          "raw_loop_ratio": 0.13333333333333333,
          "sigmoid_loop_ratio": 0.4667159617488687,
          "final_score": 0.4667159617488687
        }
      }
    },
    "path_diversity": {
      "score": 0.41326000936054785,
      "detail": {
        "avg_path_diversity": 0.2750225646816511,
        "std_path_diversity": 0.2215384832209985,
        "max_path_diversity": 0.665495229279996,
        "min_path_diversity": 0.0,
        "total_pairs_analyzed": 44,
        "rounds_completed": 7,
        "detailed_analysis": {
          "round_0": {
            "pairs_analyzed": 7,
            "avg_diversity": 0.20083421057116735
          },
          "round_1": {
            "pairs_analyzed": 7,
            "avg_diversity": 0.3608403670383274
          },
          "round_2": {
            "pairs_analyzed": 6,
            "avg_diversity": 0.250113267815025
          },
          "round_3": {
            "pairs_analyzed": 5,
            "avg_diversity": 0.2778679906788477
          },
          "round_4": {
            "pairs_analyzed": 6,
            "avg_diversity": 0.18777495386084878
          },
          "round_5": {
            "pairs_analyzed": 7,
            "avg_diversity": 0.30792507563956695
          },
          "round_6": {
            "pairs_analyzed": 6,
            "avg_diversity": 0.33285433163328887
          }
        },
        "adaptive_params": {
          "num_walks": 15,
          "max_walk_length": 6,
          "graph_diameter": 6,
          "avg_degree": 2.1333333333333333,
          "total_nodes": 15,
          "total_edges": 16
        },
        "algorithm": "Adaptive_random_walk_sampling",
        "sampling_strategy": "Multi-round (7 rounds, 7 pairs/round)",
        "normalization": "Robust_with_predefined_bounds",
        "fusion_method": "Geometric_mean_of_normalized_metrics",
        "performance": {
          "time_taken": 0.004294872283935547,
          "timeout": false
        }
      }
    },
    "treasure_monster_distribution": {
      "score": 0.6451272462005335,
      "detail": {
        "cv_treasure": 1.3278122606185843,
        "uniformity_treasure": 0.6451272462005335,
        "score": 0.6451272462005335,
        "cv_monster": 0.0,
        "uniformity_monster": 0.0,
        "avg_t2m_dist": 0.0,
        "proximity_score": 0.0,
        "note": "Only treasure distribution evaluated (no monsters found)"
      }
    },
    "geometric_balance": {
      "score": 0.8991182828318018,
      "detail": {
        "symmetry_ratio": 0.0,
        "uniformity_area": 0.878691842503261,
        "uniformity_spacing": 0.9200195647877631,
        "score": 0.8991182828318018
      }
    }
  },
  "category_scores": {
    "structural": 0.5737376732019447,
    "gameplay": 0.6451272462005335,
    "aesthetic": 0.8991182828318018
  },
  "overall_score": 0.7059944007447599,
  "grade": "B",
  "details": {
    "accessibility": {
      "reachability_ratio": 1.0,
      "avg_path_length": 1.9333333333333333,
      "path_variance": 0.9955555555555554,
      "normalized": [
        1.0,
        0.5166666666666666,
        0.9377777777777778
      ],
      "score": 0.7854227203927528
    },
    "degree_variance": {
      "raw_variance": 1.3155555555555556,
      "normalized_variance": 0.02684807256235828,
      "score": 0.9477200321079432,
      "degrees": [
        4,
        1,
        2,
        2,
        3,
        2,
        4,
        1,
        4,
        1,
        1,
        3,
        1,
        2,
        1
      ],
      "max_variance": 49.0,
      "room_count": 15,
      "mean_degree": 2.1333333333333333
    },
    "door_distribution": {
      "cv": 0.5376453291901642,
      "avg_distance": 15.950210489672216,
      "avg_entropy": 0.48291931554317813,
      "weights": [
        0.3333333333333333,
        0.3333333333333333,
        0.3333333333333333
      ],
      "normalized": [
        0.7311773354049179,
        0.6106518708384354,
        0.3483526508418178
      ],
      "score": 0.5633939523617237,
      "debug": {
        "count": 16
      }
    },
    "dead_end_ratio": {
      "dead_end_ratio": 0.4,
      "dead_end_count": 6,
      "total_rooms": 15,
      "dead_end_rooms": [
        "room_1",
        "room_7",
        "room_10",
        "room_9",
        "room_12",
        "room_14"
      ],
      "score": 0.6
    },
    "key_path_length": {
      "raw_length": 5,
      "diameter": 7,
      "normalized_length": 0.7142857142857143,
      "score": 0.2396510364417758,
      "path": [
        "room_14",
        "room_13",
        "room_11",
        "room_8",
        "room_0",
        "room_1"
      ],
      "entrance": "room_14",
      "exit": "room_1"
    },
    "loop_ratio": {
      "total_rooms": 15,
      "total_edges": 16,
      "connected_components": 1,
      "cyclomatic_number": 2,
      "loop_ratio": 0.13333333333333333,
      "sigmoid_loop_ratio": 0.4667159617488687,
      "algorithm": "Cyclomatic formula + Sigmoid normalization",
      "note": "Direct calculation using E - V + C formula, then sigmoid mapping to [0,1]",
      "score_breakdown": {
        "raw_loop_ratio": 0.13333333333333333,
        "sigmoid_loop_ratio": 0.4667159617488687,
        "final_score": 0.4667159617488687
      }
    },