{
  "scores": {
    "accessibility": {
      "score": 0.7211247851537042,
      "detail": {
        "reachability_ratio": 1.0,
        "avg_path_length": 2.0,
        "path_variance": 1.0,
        "normalized": [
          1.0,
          0.5,
          0.75
        ],
        "score": 0.7211247851537042
      }
    },
    "degree_variance": {
      "score": 0.9443841828949135,
      "detail": {
        "raw_variance": 1.609375,
        "normalized_variance": 0.02861111111111111,
        "score": 0.9443841828949135,
        "degrees": [
          4,
          1,
          2,
          1,
          3,
          1,
          3,
          1,
          4,
          1,
          4,
          1,
          4,
          1,
          2,
          1
        ],
        "max_variance": 56.25,
        "room_count": 16,
        "mean_degree": 2.125
      }
    },
    "door_distribution": {
      "score": 0.5570700381690955,
      "detail": {
        "cv": 0.5969936214760129,
        "avg_distance": 16.379665093440007,
        "avg_entropy": 0.483358144447657,
        "weights": [
          0.3333333333333333,
          0.3333333333333333,
          0.3333333333333333
        ],
        "normalized": [
          0.7015031892619936,
          0.6210377262613299,
          0.34866919898396304
        ],
        "score": 0.5570700381690955,
        "debug": {
          "count": 17
        }
      }
    },
    "dead_end_ratio": {
      "score": 0.5,
      "detail": {
        "dead_end_ratio": 0.5,
        "dead_end_count": 8,
        "total_rooms": 16,
        "dead_end_rooms": [
          "room_1",
          "room_3",
          "room_5",
          "room_7",
          "room_9",
          "room_11",
          "room_13",
          "room_15"
        ],
        "score": 0.5
      }
    },
    "key_path_length": {
      "score": 0.22313016014842982,
      "detail": {
        "raw_length": 3,
        "diameter": 4,
        "normalized_length": 0.75,
        "score": 0.22313016014842982,
        "path": [
          "room_9",
          "room_8",
          "room_10",
          "room_11"
        ],
        "entrance": "room_9",
        "exit": "room_11"
      }
    },
    "loop_ratio": {
      "score": 0.46257015465625045,
      "detail": {
        "total_rooms": 16,
        "total_edges": 17,
        "connected_components": 1,
        "cyclomatic_number": 2,
        "loop_ratio": 0.125,
        "sigmoid_loop_ratio": 0.46257015465625045,
        "algorithm": "Cyclomatic formula + Sigmoid normalization",
        "note": "Direct calculation using E - V + C formula, then sigmoid mapping to [0,1]",
        "score_breakdown": {
          "raw_loop_ratio": 0.125,
          "sigmoid_loop_ratio": 0.46257015465625045,
          "final_score": 0.46257015465625045
        }
      }
    },
    "path_diversity": {
      "score": 0.2871837027871655,
      "detail": {
        "avg_path_diversity": 0.12096132016200187,
        "std_path_diversity": 0.15157249691144514,
        "max_path_diversity": 0.4211984140745181,
        "min_path_diversity": 0.0,
        "total_pairs_analyzed": 42,
        "rounds_completed": 5,
        "detailed_analysis": {
          "round_0": {
            "pairs_analyzed": 8,
            "avg_diversity": 0.10147753471153985
          },
          "round_1": {
            "pairs_analyzed": 7,
            "avg_diversity": 0.1241984946492458
          },
          "round_2": {
            "pairs_analyzed": 8,
            "avg_diversity": 0.11075455482081348
          },
          "round_3": {
            "pairs_analyzed": 10,
            "avg_diversity": 0.15619324631549603
          },
          "round_4": {
            "pairs_analyzed": 9,
            "avg_diversity": 0.10568853387173004
          }
        },
        "adaptive_params": {
          "num_walks": 16,
          "max_walk_length": 4,
          "graph_diameter": 4,
          "avg_degree": 2.125,
          "total_nodes": 16,
          "total_edges": 17
        },
        "algorithm": "Adaptive_random_walk_sampling",
        "sampling_strategy": "Multi-round (5 rounds, 10 pairs/round)",
        "normalization": "Robust_with_predefined_bounds",
        "fusion_method": "Geometric_mean_of_normalized_metrics",
        "performance": {
          "time_taken": 0.0030930042266845703,
          "timeout": false
        }
      }
    },
    "treasure_monster_distribution": {
      "score": 0.6653145919678608,
      "detail": {
        "cv_treasure": 1.2962310115271092,
        "uniformity_treasure": 0.6653145919678608,
        "score": 0.6653145919678608,
        "cv_monster": 0.0,
        "uniformity_monster": 0.0,
        "avg_t2m_dist": 0.0,
        "proximity_score": 0.0,
        "note": "Only treasure distribution evaluated (no monsters found)"
      }
    },
    "geometric_balance": {
      "score": 0.8928843221519664,
      "detail": {
        "symmetry_ratio": 0.0,
        "uniformity_area": 0.8750522314329436,
        "uniformity_spacing": 0.9110798008471456,
        "score": 0.8928843221519664
      }
    }
  },
  "category_scores": {
    "structural": 0.5279232891156513,
    "gameplay": 0.6653145919678608,
    "aesthetic": 0.8928843221519664
  },
  "overall_score": 0.6953740677451595,
  "grade": "B",
  "details": {
    "accessibility": {
      "reachability_ratio": 1.0,
      "avg_path_length": 2.0,
      "path_variance": 1.0,
      "normalized": [
        1.0,
        0.5,
        0.75
      ],
      "score": 0.7211247851537042
    },
    "degree_variance": {
      "raw_variance": 1.609375,
      "normalized_variance": 0.02861111111111111,
      "score": 0.9443841828949135,
      "degrees": [
        4,
        1,
        2,
        1,
        3,
        1,
        3,
        1,
        4,
        1,
        4,
        1,
        4,
        1,
        2,
        1
      ],
      "max_variance": 56.25,
      "room_count": 16,
      "mean_degree": 2.125
    },
    "door_distribution": {
      "cv": 0.5969936214760129,
      "avg_distance": 16.379665093440007,
      "avg_entropy": 0.483358144447657,
      "weights": [
        0.3333333333333333,
        0.3333333333333333,
        0.3333333333333333
      ],
      "normalized": [
        0.7015031892619936,
        0.6210377262613299,
        0.34866919898396304
      ],
      "score": 0.5570700381690955,
      "debug": {
        "count": 17
      }
    },
    "dead_end_ratio": {
      "dead_end_ratio": 0.5,
      "dead_end_count": 8,
      "total_rooms": 16,
      "dead_end_rooms": [
        "room_1",
        "room_3",
        "room_5",
        "room_7",
        "room_9",
        "room_11",
        "room_13",
        "room_15"
      ],
      "score": 0.5
    },
    "key_path_length": {
      "raw_length": 3,
      "diameter": 4,
      "normalized_length": 0.75,
      "score": 0.22313016014842982,
      "path": [
        "room_9",
        "room_8",
        "room_10",
        "room_11"
      ],
      "entrance": "room_9",
      "exit": "room_11"
    },
    "loop_ratio": {
      "total_rooms": 16,
      "total_edges": 17,
      "connected_components": 1,
      "cyclomatic_number": 2,
      "loop_ratio": 0.125,
      "sigmoid_loop_ratio": 0.46257015465625045,
      "algorithm": "Cyclomatic formula + Sigmoid normalization",
      "note": "Direct calculation using E - V + C formula, then sigmoid mapping to [0,1]",
      "score_breakdown": {
        "raw_loop_ratio": 0.125,
        "sigmoid_loop_ratio": 0.46257015465625045,
        "final_score": 0.46257015465625045
      }
    },
    "path_diversity": {
      "avg_path_diversity": 0.12096132016200187,
      "std_path_diversity": 0.15157249691144514,
      "max_path_diversity": 0.4211984140745181,
      "min_path_diversity": 0.0,
      "total_pairs_analyzed": 42,
      "rounds_completed": 5,
      "detailed_analysis": {
        "round_0": {
          "pairs_analyzed": 8,
          "avg_diversity": 0.10147753471153985
        },
        "round_1": {
          "pairs_analyzed": 7,