{
  "scores": {
    "accessibility": {
      "score": 0.7768081264884648,
      "detail": {
        "reachability_ratio": 1.0,
        "avg_path_length": 2.0,
        "path_variance": 1.0,
        "normalized": [
          1.0,
          0.5,
          0.9375
        ],
        "score": 0.7768081264884648
      }
    },
    "degree_variance": {
      "score": 0.9459594689067654,
      "detail": {
        "raw_variance": 1.5625,
        "normalized_variance": 0.027777777777777776,
        "score": 0.9459594689067654,
        "degrees": [
          4,
          2,
          2,
          1,
          4,
          1,
          2,
          2,
          4,
          2,
          2,
          1,
          5,
          1,
          2,
          1
        ],
        "max_variance": 56.25,
        "room_count": 16,
        "mean_degree": 2.25
      }
    },
    "door_distribution": {
      "score": 0.5454674101457095,
      "detail": {
        "cv": 0.5555555555555556,
        "avg_distance": 15.061389863973139,
        "avg_entropy": 0.5222237461027788,
        "weights": [
          0.3333333333333333,
          0.3333333333333333,
          0.3333333333333333
        ],
        "normalized": [
          0.7222222222222222,
          0.5374752038464385,
          0.37670480436846804
        ],
        "score": 0.5454674101457095,
        "debug": {
          "count": 18
        }
      }
    },
    "dead_end_ratio": {
      "score": 0.6875,
      "detail": {
        "dead_end_ratio": 0.3125,
        "dead_end_count": 5,
        "total_rooms": 16,
        "dead_end_rooms": [
          "room_3",
          "room_5",
          "room_11",
          "room_13",
          "room_15"
        ],
        "score": 0.6875
      }
    },
    "key_path_length": {
      "score": 0.20189651799465538,
      "detail": {
        "raw_length": 4,
        "diameter": 5,
        "normalized_length": 0.8,
        "score": 0.20189651799465538,
        "path": [
          "room_13",
          "room_12",
          "room_8",
          "room_0",
          "room_2"
        ],
        "entrance": "room_13",
        "exit": "room_2"
      }
    },
    "loop_ratio": {
      "score": 0.49375032550048964,
      "detail": {
        "total_rooms": 16,
        "total_edges": 18,
        "connected_components": 1,
        "cyclomatic_number": 3,
        "loop_ratio": 0.1875,
        "sigmoid_loop_ratio": 0.49375032550048964,
        "algorithm": "Cyclomatic formula + Sigmoid normalization",
        "note": "Direct calculation using E - V + C formula, then sigmoid mapping to [0,1]",
        "score_breakdown": {
          "raw_loop_ratio": 0.1875,
          "sigmoid_loop_ratio": 0.49375032550048964,
          "final_score": 0.49375032550048964
        }
      }
    },
    "path_diversity": {
      "score": 0.327871931947341,
      "detail": {
        "avg_path_diversity": 0.1658131662586592,
        "std_path_diversity": 0.1987043669335292,
        "max_path_diversity": 0.5057254070936764,
        "min_path_diversity": 0.0,
        "total_pairs_analyzed": 40,
        "rounds_completed": 5,
        "detailed_analysis": {
          "round_0": {
            "pairs_analyzed": 7,
            "avg_diversity": 0.18073088961994058
          },
          "round_1": {
            "pairs_analyzed": 8,
            "avg_diversity": 0.0873234522819206
          },
          "round_2": {
            "pairs_analyzed": 7,
            "avg_diversity": 0.15964426964624165
          },
          "round_3": {
            "pairs_analyzed": 9,
            "avg_diversity": 0.17208714950171666
          },
          "round_4": {
            "pairs_analyzed": 9,
            "avg_diversity": 0.2225031746346975
          }
        },
        "adaptive_params": {
          "num_walks": 16,
          "max_walk_length": 4,
          "graph_diameter": 4,
          "avg_degree": 2.25,
          "total_nodes": 16,
          "total_edges": 18
        },
        "algorithm": "Adaptive_random_walk_sampling",
        "sampling_strategy": "Multi-round (5 rounds, 10 pairs/round)",
        "normalization": "Robust_with_predefined_bounds",
        "fusion_method": "Geometric_mean_of_normalized_metrics",
        "performance": {
          "time_taken": 0.0031499862670898438,
          "timeout": false
        }
      }
    },
    "treasure_monster_distribution": {
      "score": 0.7227140439090833,
      "detail": {
        "cv_treasure": 1.0739238900773214,
        "uniformity_treasure": 0.7227140439090833,
        "score": 0.7227140439090833,
        "cv_monster": 0.0,
        "uniformity_monster": 0.0,
        "avg_t2m_dist": 0.0,
        "proximity_score": 0.0,
        "note": "Only treasure distribution evaluated (no monsters found)"
      }
    },
    "geometric_balance": {
      "score": 0.8956279718083849,
      "detail": {
        "symmetry_ratio": 0.0,
        "uniformity_area": 0.8636852134902274,
        "uniformity_spacing": 0.9287521093987994,
        "score": 0.8956279718083849
      }
    }
  },
  "category_scores": {
    "structural": 0.5684648258547752,
    "gameplay": 0.7227140439090833,
    "aesthetic": 0.8956279718083849
  },
  "overall_score": 0.7289356138574145,
  "grade": "B",
  "details": {
    "accessibility": {
      "reachability_ratio": 1.0,
      "avg_path_length": 2.0,
      "path_variance": 1.0,
      "normalized": [
        1.0,
        0.5,
        0.9375
      ],
      "score": 0.7768081264884648
    },
    "degree_variance": {
      "raw_variance": 1.5625,
      "normalized_variance": 0.027777777777777776,
      "score": 0.9459594689067654,
      "degrees": [
        4,
        2,
        2,
        1,
        4,
        1,
        2,
        2,
        4,
        2,
        2,
        1,
        5,
        1,
        2,
        1
      ],
      "max_variance": 56.25,
      "room_count": 16,
      "mean_degree": 2.25
    },
    "door_distribution": {
      "cv": 0.5555555555555556,
      "avg_distance": 15.061389863973139,
      "avg_entropy": 0.5222237461027788,
      "weights": [
        0.3333333333333333,
        0.3333333333333333,
        0.3333333333333333
      ],
      "normalized": [
        0.7222222222222222,
        0.5374752038464385,
        0.37670480436846804
      ],
      "score": 0.5454674101457095,
      "debug": {
        "count": 18
      }
    },
    "dead_end_ratio": {
      "dead_end_ratio": 0.3125,
      "dead_end_count": 5,
      "total_rooms": 16,
      "dead_end_rooms": [
        "room_3",
        "room_5",
        "room_11",
        "room_13",
        "room_15"
      ],
      "score": 0.6875
    },
    "key_path_length": {
      "raw_length": 4,
      "diameter": 5,
      "normalized_length": 0.8,
      "score": 0.20189651799465538,
      "path": [
        "room_13",
        "room_12",
        "room_8",
        "room_0",
        "room_2"
      ],
      "entrance": "room_13",
      "exit": "room_2"
    },
    "loop_ratio": {
      "total_rooms": 16,
      "total_edges": 18,
      "connected_components": 1,
      "cyclomatic_number": 3,
      "loop_ratio": 0.1875,
      "sigmoid_loop_ratio": 0.49375032550048964,
      "algorithm": "Cyclomatic formula + Sigmoid normalization",
      "note": "Direct calculation using E - V + C formula, then sigmoid mapping to [0,1]",
      "score_breakdown": {
        "raw_loop_ratio": 0.1875,
        "sigmoid_loop_ratio": 0.49375032550048964,
        "final_score": 0.49375032550048964
      }
    },
    "path_diversity": {
      "avg_path_diversity": 0.1658131662586592,
      "std_path_diversity": 0.1987043669335292,
      "max_path_diversity": 0.5057254070936764,
      "min_path_diversity": 0.0,
      "total_pairs_analyzed": 40,
      "rounds_completed": 5,
      "detailed_analysis": {
        "round_0": {
          "pairs_analyzed": 7,
          "avg_diversity": 0.18073088961994058
        },
        "round_1": {
          "pairs_analyzed": 8,
          "avg_diversity": 0.0873234522819206
        },