{
  "scores": {
    "accessibility": {
      "score": 0.7768081264884648,
      "detail": {
        "reachability_ratio": 1.0,
        "avg_path_length": 2.0,
        "path_variance": 1.0,
        "normalized": [
          1.0,
          0.5,
          0.9375
        ],
        "score": 0.7768081264884648
      }
    },
    "degree_variance": {
      "score": 0.9570602915978856,
      "detail": {
        "raw_variance": 1.234375,
        "normalized_variance": 0.021944444444444444,
        "score": 0.9570602915978856,
        "degrees": [
          4,
          3,
          3,
          1,
          4,
          1,
          2,
          1,
          4,
          2,
          3,
          2,
          3,
          1,
          3,
          1
        ],
        "max_variance": 56.25,
        "room_count": 16,
        "mean_degree": 2.375
      }
    },
    "door_distribution": {
      "score": 0.5711556980200183,
      "detail": {
        "cv": 0.46779970617450467,
        "avg_distance": 14.663065730238797,
        "avg_entropy": 0.5685585156257805,
        "weights": [
          0.3333333333333333,
          0.3333333333333333,
          0.3333333333333333
        ],
        "normalized": [
          0.7661001469127476,
          0.5372386716730555,
          0.4101282754742519
        ],
        "score": 0.5711556980200183,
        "debug": {
          "count": 19
        }
      }
    },
    "dead_end_ratio": {
      "score": 0.6875,
      "detail": {
        "dead_end_ratio": 0.3125,
        "dead_end_count": 5,
        "total_rooms": 16,
        "dead_end_rooms": [
          "room_3",
          "room_5",
          "room_7",
          "room_13",
          "room_15"
        ],
        "score": 0.6875
      }
    },
    "key_path_length": {
      "score": 0.36787944117144233,
      "detail": {
        "raw_length": 3,
        "diameter": 6,
        "normalized_length": 0.5,
        "score": 0.36787944117144233,
        "path": [
          "room_13",
          "room_12",
          "room_8",
          "room_10"
        ],
        "entrance": "room_13",
        "exit": "room_10"
      }
    },
    "loop_ratio": {
      "score": 0.5249791874789399,
      "detail": {
        "total_rooms": 16,
        "total_edges": 19,
        "connected_components": 1,
        "cyclomatic_number": 4,
        "loop_ratio": 0.25,
        "sigmoid_loop_ratio": 0.5249791874789399,
        "algorithm": "Cyclomatic formula + Sigmoid normalization",
        "note": "Direct calculation using E - V + C formula, then sigmoid mapping to [0,1]",
        "score_breakdown": {
          "raw_loop_ratio": 0.25,
          "sigmoid_loop_ratio": 0.5249791874789399,
          "final_score": 0.5249791874789399
        }
      }
    },
    "path_diversity": {
      "score": 0.37035035782085246,
      "detail": {
        "avg_path_diversity": 0.22324895860344482,
        "std_path_diversity": 0.2048317855323422,
        "max_path_diversity": 0.6028047601116017,
        "min_path_diversity": 0.0,
        "total_pairs_analyzed": 40,
        "rounds_completed": 5,
        "detailed_analysis": {
          "round_0": {
            "pairs_analyzed": 7,
            "avg_diversity": 0.32208632782641405
          },
          "round_1": {
            "pairs_analyzed": 9,
            "avg_diversity": 0.21802515006140022
          },
          "round_2": {
            "pairs_analyzed": 7,
            "avg_diversity": 0.1894560920268109
          },
          "round_3": {
            "pairs_analyzed": 8,
            "avg_diversity": 0.25073979225024945
          },
          "round_4": {
            "pairs_analyzed": 9,
            "avg_diversity": 0.15344630184562438
          }
        },
        "adaptive_params": {
          "num_walks": 16,
          "max_walk_length": 5,
          "graph_diameter": 5,
          "avg_degree": 2.375,
          "total_nodes": 16,
          "total_edges": 19
        },
        "algorithm": "Adaptive_random_walk_sampling",
        "sampling_strategy": "Multi-round (5 rounds, 10 pairs/round)",
        "normalization": "Robust_with_predefined_bounds",
        "fusion_method": "Geometric_mean_of_normalized_metrics",
        "performance": {
          "time_taken": 0.0035648345947265625,
          "timeout": false
        }
      }
    },
    "treasure_monster_distribution": {
      "score": 0.6813259250122548,
      "detail": {
        "cv_treasure": 1.234219385295591,
        "uniformity_treasure": 0.6813259250122548,
        "score": 0.6813259250122548,
        "cv_monster": 0.0,
        "uniformity_monster": 0.0,
        "avg_t2m_dist": 0.0,
        "proximity_score": 0.0,
        "note": "Only treasure distribution evaluated (no monsters found)"
      }
    },
    "geometric_balance": {
      "score": 0.8989959181757471,
      "detail": {
        "symmetry_ratio": 0.0,
        "uniformity_area": 0.8725237284921681,
        "uniformity_spacing": 0.9262712686259157,
        "score": 0.8989959181757471
      }
    }
  },
  "category_scores": {
    "structural": 0.6079618717968006,
    "gameplay": 0.6813259250122548,
    "aesthetic": 0.8989959181757471
  },
  "overall_score": 0.7294279049949342,
  "grade": "B",
  "details": {
    "accessibility": {
      "reachability_ratio": 1.0,
      "avg_path_length": 2.0,
      "path_variance": 1.0,
      "normalized": [
        1.0,
        0.5,
        0.9375
      ],
      "score": 0.7768081264884648
    },
    "degree_variance": {
      "raw_variance": 1.234375,
      "normalized_variance": 0.021944444444444444,
      "score": 0.9570602915978856,
      "degrees": [
        4,
        3,
        3,
        1,
        4,
        1,
        2,
        1,
        4,
        2,
        3,
        2,
        3,
        1,
        3,
        1
      ],
      "max_variance": 56.25,
      "room_count": 16,
      "mean_degree": 2.375
    },
    "door_distribution": {
      "cv": 0.46779970617450467,
      "avg_distance": 14.663065730238797,
      "avg_entropy": 0.5685585156257805,
      "weights": [
        0.3333333333333333,
        0.3333333333333333,
        0.3333333333333333
      ],
      "normalized": [
        0.7661001469127476,
        0.5372386716730555,
        0.4101282754742519
      ],
      "score": 0.5711556980200183,
      "debug": {
        "count": 19
      }
    },
    "dead_end_ratio": {
      "dead_end_ratio": 0.3125,
      "dead_end_count": 5,
      "total_rooms": 16,
      "dead_end_rooms": [
        "room_3",
        "room_5",
        "room_7",
        "room_13",
        "room_15"
      ],
      "score": 0.6875
    },
    "key_path_length": {
      "raw_length": 3,
      "diameter": 6,
      "normalized_length": 0.5,
      "score": 0.36787944117144233,
      "path": [
        "room_13",
        "room_12",
        "room_8",
        "room_10"
      ],
      "entrance": "room_13",
      "exit": "room_10"
    },
    "loop_ratio": {
      "total_rooms": 16,
      "total_edges": 19,
      "connected_components": 1,
      "cyclomatic_number": 4,
      "loop_ratio": 0.25,
      "sigmoid_loop_ratio": 0.5249791874789399,
      "algorithm": "Cyclomatic formula + Sigmoid normalization",
      "note": "Direct calculation using E - V + C formula, then sigmoid mapping to [0,1]",
      "score_breakdown": {
        "raw_loop_ratio": 0.25,
        "sigmoid_loop_ratio": 0.5249791874789399,
        "final_score": 0.5249791874789399
      }
    },
    "path_diversity": {
      "avg_path_diversity": 0.22324895860344482,
      "std_path_diversity": 0.2048317855323422,
      "max_path_diversity": 0.6028047601116017,
      "min_path_diversity": 0.0,
      "total_pairs_analyzed": 40,
      "rounds_completed": 5,
      "detailed_analysis": {
        "round_0": {
          "pairs_analyzed": 7,
          "avg_diversity": 0.32208632782641405
        },
        "round_1": {
          "pairs_analyzed": 9,
          "avg_diversity": 0.21802515006140022
        },
        "round_2": {
          "pairs_analyzed": 7,