{
  "scores": {
    "accessibility": {
      "score": 0.7133735092520281,
      "detail": {
        "reachability_ratio": 1.0,
        "avg_path_length": 2.066666666666667,
        "path_variance": 0.9955555555555555,
        "normalized": [
          1.0,
          0.4833333333333333,
          0.7511111111111111
        ],
        "score": 0.7133735092520281
      }
    },
    "degree_variance": {
      "score": 0.9706876249842582,
      "detail": {
        "raw_variance": 0.7288888888888889,
        "normalized_variance": 0.01487528344671202,
        "score": 0.9706876249842582,
        "degrees": [
          3,
          2,
          2,
          3,
          3,
          2,
          2,
          4,
          2,
          3,
          1,
          3,
          1,
          2,
          1
        ],
        "max_variance": 49.0,
        "room_count": 15,
        "mean_degree": 2.2666666666666666
      }
    },
    "door_distribution": {
      "score": 0.5824641446319239,
      "detail": {
        "cv": 0.3766543669078147,
        "avg_distance": 14.978027497661946,
        "avg_entropy": 0.5941482503906867,
        "weights": [
          0.3333333333333333,
          0.3333333333333333,
          0.3333333333333333
        ],
        "normalized": [
          0.8116728165460927,
          0.5071322501539298,
          0.42858736719574897
        ],
        "score": 0.5824641446319239,
        "debug": {
          "count": 17
        }
      }
    },
    "dead_end_ratio": {
      "score": 0.8,
      "detail": {
        "dead_end_ratio": 0.2,
        "dead_end_count": 3,
        "total_rooms": 15,
        "dead_end_rooms": [
          "room_10",
          "room_12",
          "room_14"
        ],
        "score": 0.8
      }
    },
    "key_path_length": {
      "score": 0.26359713811572677,
      "detail": {
        "raw_length": 4,
        "diameter": 6,
        "normalized_length": 0.6666666666666666,
        "score": 0.26359713811572677,
        "path": [
          "room_10",
          "room_9",
          "room_7",
          "room_11",
          "room_13"
        ],
        "entrance": "room_10",
        "exit": "room_13"
      }
    },
    "loop_ratio": {
      "score": 0.5,
      "detail": {
        "total_rooms": 15,
        "total_edges": 17,
        "connected_components": 1,
        "cyclomatic_number": 3,
        "loop_ratio": 0.2,
        "sigmoid_loop_ratio": 0.5,
        "algorithm": "Cyclomatic formula + Sigmoid normalization",
        "note": "Direct calculation using E - V + C formula, then sigmoid mapping to [0,1]",
        "score_breakdown": {
          "raw_loop_ratio": 0.2,
          "sigmoid_loop_ratio": 0.5,
          "final_score": 0.5
        }
      }
    },
    "path_diversity": {
      "score": 0.48310843749512233,
      "detail": {
        "avg_path_diversity": 0.22640128306981402,
        "std_path_diversity": 0.1750352238459898,
        "max_path_diversity": 0.46863450417816366,
        "min_path_diversity": 0.0,
        "total_pairs_analyzed": 47,
        "rounds_completed": 6,
        "detailed_analysis": {
          "round_0": {
            "pairs_analyzed": 8,
            "avg_diversity": 0.15799369116514728
          },
          "round_1": {
            "pairs_analyzed": 8,
            "avg_diversity": 0.23001933167979438
          },
          "round_2": {
            "pairs_analyzed": 7,
            "avg_diversity": 0.3099444166657432
          },
          "round_3": {
            "pairs_analyzed": 8,
            "avg_diversity": 0.18206642534599898
          },
          "round_4": {
            "pairs_analyzed": 8,
            "avg_diversity": 0.2021089278811176
          },
          "round_5": {
            "pairs_analyzed": 8,
            "avg_diversity": 0.2867177973805739
          }
        },
        "adaptive_params": {
          "num_walks": 15,
          "max_walk_length": 6,
          "graph_diameter": 6,
          "avg_degree": 2.2666666666666666,
          "total_nodes": 15,
          "total_edges": 17
        },
        "algorithm": "Adaptive_random_walk_sampling",
        "sampling_strategy": "Multi-round (6 rounds, 8 pairs/round)",
        "normalization": "Robust_with_predefined_bounds",
        "fusion_method": "Geometric_mean_of_normalized_metrics",
        "performance": {
          "time_taken": 0.004066944122314453,
          "timeout": false
        }
      }
    },
    "treasure_monster_distribution": {
      "score": 0.75145209359952,
      "detail": {
        "cv_treasure": 0.929981109950554,
        "uniformity_treasure": 0.75145209359952,
        "score": 0.75145209359952,
        "cv_monster": 0.0,
        "uniformity_monster": 0.0,
        "avg_t2m_dist": 0.0,
        "proximity_score": 0.0,
        "note": "Only treasure distribution evaluated (no monsters found)"
      }
    },
    "geometric_balance": {
      "score": 0.9062841582034351,
      "detail": {
        "symmetry_ratio": 0.0,
        "uniformity_area": 0.8710385012397301,
        "uniformity_spacing": 0.9429559936116463,
        "score": 0.9062841582034351
      }
    }
  },
  "category_scores": {
    "structural": 0.6161758363541514,
    "gameplay": 0.75145209359952,
    "aesthetic": 0.9062841582034351
  },
  "overall_score": 0.7579706960523688,
  "grade": "B",
  "details": {
    "accessibility": {
      "reachability_ratio": 1.0,
      "avg_path_length": 2.066666666666667,
      "path_variance": 0.9955555555555555,
      "normalized": [
        1.0,
        0.4833333333333333,
        0.7511111111111111
      ],
      "score": 0.7133735092520281
    },
    "degree_variance": {
      "raw_variance": 0.7288888888888889,
      "normalized_variance": 0.01487528344671202,
      "score": 0.9706876249842582,
      "degrees": [
        3,
        2,
        2,
        3,
        3,
        2,
        2,
        4,
        2,
        3,
        1,
        3,
        1,
        2,
        1
      ],
      "max_variance": 49.0,
      "room_count": 15,
      "mean_degree": 2.2666666666666666
    },
    "door_distribution": {
      "cv": 0.3766543669078147,
      "avg_distance": 14.978027497661946,
      "avg_entropy": 0.5941482503906867,
      "weights": [
        0.3333333333333333,
        0.3333333333333333,
        0.3333333333333333
      ],
      "normalized": [
        0.8116728165460927,
        0.5071322501539298,
        0.42858736719574897
      ],
      "score": 0.5824641446319239,
      "debug": {
        "count": 17
      }
    },
    "dead_end_ratio": {
      "dead_end_ratio": 0.2,
      "dead_end_count": 3,
      "total_rooms": 15,
      "dead_end_rooms": [
        "room_10",
        "room_12",
        "room_14"
      ],
      "score": 0.8
    },
    "key_path_length": {
      "raw_length": 4,
      "diameter": 6,
      "normalized_length": 0.6666666666666666,
      "score": 0.26359713811572677,
      "path": [
        "room_10",
        "room_9",
        "room_7",
        "room_11",
        "room_13"
      ],
      "entrance": "room_10",
      "exit": "room_13"
    },
    "loop_ratio": {
      "total_rooms": 15,
      "total_edges": 17,
      "connected_components": 1,
      "cyclomatic_number": 3,
      "loop_ratio": 0.2,
      "sigmoid_loop_ratio": 0.5,
      "algorithm": "Cyclomatic formula + Sigmoid normalization",
      "note": "Direct calculation using E - V + C formula, then sigmoid mapping to [0,1]",
      "score_breakdown": {
        "raw_loop_ratio": 0.2,
        "sigmoid_loop_ratio": 0.5,
        "final_score": 0.5
      }
    },
    "path_diversity": {
      "avg_path_diversity": 0.22640128306981402,
      "std_path_diversity": 0.1750352238459898,
      "max_path_diversity": 0.46863450417816366,
      "min_path_diversity": 0.0,
      "total_pairs_analyzed": 47,
      "rounds_completed": 6,
      "detailed_analysis": {
        "round_0": {
          "pairs_analyzed": 8,
          "avg_diversity": 0.15799369116514728
        },
        "round_1": {
          "pairs_analyzed": 8,