{
  "scores": {
    "accessibility": {
      "score": 0.7756555904835206,
      "detail": {
        "reachability_ratio": 1.0,
        "avg_path_length": 2.0,
        "path_variance": 1.0666666666666667,
        "normalized": [
          1.0,
          0.5,
          0.9333333333333333
        ],
        "score": 0.7756555904835206
      }
    },
    "degree_variance": {
      "score": 0.9429184209632652,
      "detail": {
        "raw_variance": 1.4400000000000002,
        "normalized_variance": 0.02938775510204082,
        "score": 0.9429184209632652,
        "degrees": [
          4,
          2,
          3,
          3,
          2,
          2,
          1,
          4,
          3,
          2,
          1,
          5,
          1,
          2,
          1
        ],
        "max_variance": 49.0,
        "room_count": 15,
        "mean_degree": 2.4
      }
    },
    "door_distribution": {
      "score": 0.5919305505090824,
      "detail": {
        "cv": 0.5000000000000001,
        "avg_distance": 15.564441984994062,
        "avg_entropy": 0.6104215985252331,
        "weights": [
          0.3333333333333333,
          0.3333333333333333,
          0.3333333333333333
        ],
        "normalized": [
          0.75,
          0.5854655450053134,
          0.4403261065219338
        ],
        "score": 0.5919305505090824,
        "debug": {
          "count": 18
        }
      }
    },
    "dead_end_ratio": {
      "score": 0.7333333333333334,
      "detail": {
        "dead_end_ratio": 0.26666666666666666,
        "dead_end_count": 4,
        "total_rooms": 15,
        "dead_end_rooms": [
          "room_6",
          "room_10",
          "room_12",
          "room_14"
        ],
        "score": 0.7333333333333334
      }
    },
    "key_path_length": {
      "score": 0.18887560283756183,
      "detail": {
        "raw_length": 5,
        "diameter": 6,
        "normalized_length": 0.8333333333333334,
        "score": 0.18887560283756183,
        "path": [
          "room_6",
          "room_5",
          "room_3",
          "room_0",
          "room_7",
          "room_8"
        ],
        "entrance": "room_6",
        "exit": "room_8"
      }
    },
    "loop_ratio": {
      "score": 0.5332840382511314,
      "detail": {
        "total_rooms": 15,
        "total_edges": 18,
        "connected_components": 1,
        "cyclomatic_number": 4,
        "loop_ratio": 0.26666666666666666,
        "sigmoid_loop_ratio": 0.5332840382511314,
        "algorithm": "Cyclomatic formula + Sigmoid normalization",
        "note": "Direct calculation using E - V + C formula, then sigmoid mapping to [0,1]",
        "score_breakdown": {
          "raw_loop_ratio": 0.26666666666666666,
          "sigmoid_loop_ratio": 0.5332840382511314,
          "final_score": 0.5332840382511314
        }
      }
    },
    "path_diversity": {
      "score": 0.1819424195812107,
      "detail": {
        "avg_path_diversity": 0.11371707175391975,
        "std_path_diversity": 0.2003551673171913,
        "max_path_diversity": 0.62501681584575,
        "min_path_diversity": 0.0,
        "total_pairs_analyzed": 35,
        "rounds_completed": 5,
        "detailed_analysis": {
          "round_0": {
            "pairs_analyzed": 6,
            "avg_diversity": 0.21494267659977728
          },
          "round_1": {
            "pairs_analyzed": 8,
            "avg_diversity": 0.16267082438342767
          },
          "round_2": {
            "pairs_analyzed": 6,
            "avg_diversity": 0.104169469307625
          },
          "round_3": {
            "pairs_analyzed": 7,
            "avg_diversity": 0.04761904755034785
          },
          "round_4": {
            "pairs_analyzed": 8,
            "avg_diversity": 0.05384058850286513
          }
        },
        "adaptive_params": {
          "num_walks": 15,
          "max_walk_length": 4,
          "graph_diameter": 4,
          "avg_degree": 2.4,
          "total_nodes": 15,
          "total_edges": 18
        },
        "algorithm": "Adaptive_random_walk_sampling",
        "sampling_strategy": "Multi-round (5 rounds, 10 pairs/round)",
        "normalization": "Robust_with_predefined_bounds",
        "fusion_method": "Geometric_mean_of_normalized_metrics",
        "performance": {
          "time_taken": 0.0033588409423828125,
          "timeout": false
        }
      }
    },
    "treasure_monster_distribution": {
      "score": 0.7274229715100728,
      "detail": {
        "cv_treasure": 1.0198898521142272,
        "uniformity_treasure": 0.7274229715100728,
        "score": 0.7274229715100728,
        "cv_monster": 0.0,
        "uniformity_monster": 0.0,
        "avg_t2m_dist": 0.0,
        "proximity_score": 0.0,
        "note": "Only treasure distribution evaluated (no monsters found)"
      }
    },
    "geometric_balance": {
      "score": 0.9103184145645145,
      "detail": {
        "symmetry_ratio": 0.0,
        "uniformity_area": 0.8771486743794453,
        "uniformity_spacing": 0.9447424822040752,
        "score": 0.9103184145645145
      }
    }
  },
  "category_scores": {
    "structural": 0.5639914222798723,
    "gameplay": 0.7274229715100728,
    "aesthetic": 0.9103184145645145
  },
  "overall_score": 0.7339109361181532,
  "grade": "B",
  "details": {
    "accessibility": {
      "reachability_ratio": 1.0,
      "avg_path_length": 2.0,
      "path_variance": 1.0666666666666667,
      "normalized": [
        1.0,
        0.5,
        0.9333333333333333
      ],
      "score": 0.7756555904835206
    },
    "degree_variance": {
      "raw_variance": 1.4400000000000002,
      "normalized_variance": 0.02938775510204082,
      "score": 0.9429184209632652,
      "degrees": [
        4,
        2,
        3,
        3,
        2,
        2,
        1,
        4,
        3,
        2,
        1,
        5,
        1,
        2,
        1
      ],
      "max_variance": 49.0,
      "room_count": 15,
      "mean_degree": 2.4
    },
    "door_distribution": {
      "cv": 0.5000000000000001,
      "avg_distance": 15.564441984994062,
      "avg_entropy": 0.6104215985252331,
      "weights": [
        0.3333333333333333,
        0.3333333333333333,
        0.3333333333333333
      ],
      "normalized": [
        0.75,
        0.5854655450053134,
        0.4403261065219338
      ],
      "score": 0.5919305505090824,
      "debug": {
        "count": 18
      }
    },
    "dead_end_ratio": {
      "dead_end_ratio": 0.26666666666666666,
      "dead_end_count": 4,
      "total_rooms": 15,
      "dead_end_rooms": [
        "room_6",
        "room_10",
        "room_12",
        "room_14"
      ],
      "score": 0.7333333333333334
    },
    "key_path_length": {
      "raw_length": 5,
      "diameter": 6,
      "normalized_length": 0.8333333333333334,
      "score": 0.18887560283756183,
      "path": [
        "room_6",
        "room_5",
        "room_3",
        "room_0",
        "room_7",
        "room_8"
      ],
      "entrance": "room_6",
      "exit": "room_8"
    },
    "loop_ratio": {
      "total_rooms": 15,
      "total_edges": 18,
      "connected_components": 1,
      "cyclomatic_number": 4,
      "loop_ratio": 0.26666666666666666,
      "sigmoid_loop_ratio": 0.5332840382511314,
      "algorithm": "Cyclomatic formula + Sigmoid normalization",
      "note": "Direct calculation using E - V + C formula, then sigmoid mapping to [0,1]",
      "score_breakdown": {
        "raw_loop_ratio": 0.26666666666666666,
        "sigmoid_loop_ratio": 0.5332840382511314,
        "final_score": 0.5332840382511314
      }
    },
    "path_diversity": {
      "avg_path_diversity": 0.11371707175391975,
      "std_path_diversity": 0.2003551673171913,
      "max_path_diversity": 0.62501681584575,
      "min_path_diversity": 0.0,
      "total_pairs_analyzed": 35,
      "rounds_completed": 5,
      "detailed_analysis": {
        "round_0": {
          "pairs_analyzed": 6,
          "avg_diversity": 0.21494267659977728
        },