{
  "scores": {
    "accessibility": {
      "score": 0.7768081264884648,
      "detail": {
        "reachability_ratio": 1.0,
        "avg_path_length": 2.0,
        "path_variance": 1.0,
        "normalized": [
          1.0,
          0.5,
          0.9375
        ],
        "score": 0.7768081264884648
      }
    },
    "degree_variance": {
      "score": 0.9480639384933955,
      "detail": {
        "raw_variance": 1.5,
        "normalized_variance": 0.02666666666666667,
        "score": 0.9480639384933955,
        "degrees": [
          4,
          4,
          2,
          3,
          3,
          1,
          3,
          1,
          5,
          3,
          3,
          1,
          3,
          1,
          2,
          1
        ],
        "max_variance": 56.25,
        "room_count": 16,
        "mean_degree": 2.5
      }
    },
    "door_distribution": {
      "score": 0.5827804168306209,
      "detail": {
        "cv": 0.4898979485566356,
        "avg_distance": 14.524619775416017,
        "avg_entropy": 0.6165108965966782,
        "weights": [
          0.3333333333333333,
          0.3333333333333333,
          0.3333333333333333
        ],
        "normalized": [
          0.7550510257216823,
          0.5485716181831622,
          0.4447186065870181
        ],
        "score": 0.5827804168306209,
        "debug": {
          "count": 20
        }
      }
    },
    "dead_end_ratio": {
      "score": 0.6875,
      "detail": {
        "dead_end_ratio": 0.3125,
        "dead_end_count": 5,
        "total_rooms": 16,
        "dead_end_rooms": [
          "room_5",
          "room_7",
          "room_11",
          "room_13",
          "room_15"
        ],
        "score": 0.6875
      }
    },
    "key_path_length": {
      "score": 0.5647181220077593,
      "detail": {
        "raw_length": 2,
        "diameter": 7,
        "normalized_length": 0.2857142857142857,
        "score": 0.5647181220077593,
        "path": [
          "room_7",
          "room_6",
          "room_4"
        ],
        "entrance": "room_7",
        "exit": "room_4"
      }
    },
    "loop_ratio": {
      "score": 0.5560138905446199,
      "detail": {
        "total_rooms": 16,
        "total_edges": 20,
        "connected_components": 1,
        "cyclomatic_number": 5,
        "loop_ratio": 0.3125,
        "sigmoid_loop_ratio": 0.5560138905446199,
        "algorithm": "Cyclomatic formula + Sigmoid normalization",
        "note": "Direct calculation using E - V + C formula, then sigmoid mapping to [0,1]",
        "score_breakdown": {
          "raw_loop_ratio": 0.3125,
          "sigmoid_loop_ratio": 0.5560138905446199,
          "final_score": 0.5560138905446199
        }
      }
    },
    "path_diversity": {
      "score": 0.30155165791963007,
      "detail": {
        "avg_path_diversity": 0.19741189948035692,
        "std_path_diversity": 0.2092636618285677,
        "max_path_diversity": 0.6546536697635116,
        "min_path_diversity": 0.0,
        "total_pairs_analyzed": 32,
        "rounds_completed": 7,
        "detailed_analysis": {
          "round_0": {
            "pairs_analyzed": 7,
            "avg_diversity": 0.11752875968437378
          },
          "round_1": {
            "pairs_analyzed": 4,
            "avg_diversity": 0.23165613149627062
          },
          "round_2": {
            "pairs_analyzed": 4,
            "avg_diversity": 0.3414878687699716
          },
          "round_3": {
            "pairs_analyzed": 4,
            "avg_diversity": 0.15089185917496387
          },
          "round_4": {
            "pairs_analyzed": 5,
            "avg_diversity": 0.14200841575819834
          },
          "round_5": {
            "pairs_analyzed": 6,
            "avg_diversity": 0.2121513884484095
          },
          "round_6": {
            "pairs_analyzed": 2,
            "avg_diversity": 0.30769280916726616
          }
        },
        "adaptive_params": {
          "num_walks": 16,
          "max_walk_length": 4,
          "graph_diameter": 4,
          "avg_degree": 2.5,
          "total_nodes": 16,
          "total_edges": 20
        },
        "algorithm": "Adaptive_random_walk_sampling",
        "sampling_strategy": "Multi-round (7 rounds, 7 pairs/round)",
        "normalization": "Robust_with_predefined_bounds",
        "fusion_method": "Geometric_mean_of_normalized_metrics",
        "performance": {
          "time_taken": 0.003152132034301758,
          "timeout": false
        }
      }
    },
    "treasure_monster_distribution": {
      "score": 0.6811846006412856,
      "detail": {
        "cv_treasure": 1.2347667322307674,
        "uniformity_treasure": 0.6811846006412856,
        "score": 0.6811846006412856,
        "cv_monster": 0.0,
        "uniformity_monster": 0.0,
        "avg_t2m_dist": 0.0,
        "proximity_score": 0.0,
        "note": "Only treasure distribution evaluated (no monsters found)"
      }
    },
    "geometric_balance": {
      "score": 0.9099050815866044,
      "detail": {
        "symmetry_ratio": 0.0,
        "uniformity_area": 0.8668935235492828,
        "uniformity_spacing": 0.9550506896249267,
        "score": 0.9099050815866044
      }
    }
  },
  "category_scores": {
    "structural": 0.631062307469213,
    "gameplay": 0.6811846006412856,
    "aesthetic": 0.9099050815866044
  },
  "overall_score": 0.7407173298990344,
  "grade": "B",
  "details": {
    "accessibility": {
      "reachability_ratio": 1.0,
      "avg_path_length": 2.0,
      "path_variance": 1.0,
      "normalized": [
        1.0,
        0.5,
        0.9375
      ],
      "score": 0.7768081264884648
    },
    "degree_variance": {
      "raw_variance": 1.5,
      "normalized_variance": 0.02666666666666667,
      "score": 0.9480639384933955,
      "degrees": [
        4,
        4,
        2,
        3,
        3,
        1,
        3,
        1,
        5,
        3,
        3,
        1,
        3,
        1,
        2,
        1
      ],
      "max_variance": 56.25,
      "room_count": 16,
      "mean_degree": 2.5
    },
    "door_distribution": {
      "cv": 0.4898979485566356,
      "avg_distance": 14.524619775416017,
      "avg_entropy": 0.6165108965966782,
      "weights": [
        0.3333333333333333,
        0.3333333333333333,
        0.3333333333333333
      ],
      "normalized": [
        0.7550510257216823,
        0.5485716181831622,
        0.4447186065870181
      ],
      "score": 0.5827804168306209,
      "debug": {
        "count": 20
      }
    },
    "dead_end_ratio": {
      "dead_end_ratio": 0.3125,
      "dead_end_count": 5,
      "total_rooms": 16,
      "dead_end_rooms": [
        "room_5",
        "room_7",
        "room_11",
        "room_13",
        "room_15"
      ],
      "score": 0.6875
    },
    "key_path_length": {
      "raw_length": 2,
      "diameter": 7,
      "normalized_length": 0.2857142857142857,
      "score": 0.5647181220077593,
      "path": [
        "room_7",
        "room_6",
        "room_4"
      ],
      "entrance": "room_7",
      "exit": "room_4"
    },
    "loop_ratio": {
      "total_rooms": 16,
      "total_edges": 20,
      "connected_components": 1,
      "cyclomatic_number": 5,
      "loop_ratio": 0.3125,
      "sigmoid_loop_ratio": 0.5560138905446199,
      "algorithm": "Cyclomatic formula + Sigmoid normalization",
      "note": "Direct calculation using E - V + C formula, then sigmoid mapping to [0,1]",
      "score_breakdown": {
        "raw_loop_ratio": 0.3125,
        "sigmoid_loop_ratio": 0.5560138905446199,
        "final_score": 0.5560138905446199
      }
    },
    "path_diversity": {
      "avg_path_diversity": 0.19741189948035692,
      "std_path_diversity": 0.2092636618285677,
      "max_path_diversity": 0.6546536697635116,
      "min_path_diversity": 0.0,
      "total_pairs_analyzed": 32,
      "rounds_completed": 7,
      "detailed_analysis": {
        "round_0": {
          "pairs_analyzed": 7,