{
  "scores": {
    "accessibility": {
      "score": 0.7211247851537042,
      "detail": {
        "reachability_ratio": 1.0,
        "avg_path_length": 2.0,
        "path_variance": 1.0,
        "normalized": [
          1.0,
          0.5,
          0.75
        ],
        "score": 0.7211247851537042
      }
    },
    "degree_variance": {
      "score": 0.9613233593603998,
      "detail": {
        "raw_variance": 1.109375,
        "normalized_variance": 0.01972222222222222,
        "score": 0.9613233593603998,
        "degrees": [
          4,
          2,
          2,
          1,
          4,
          1,
          2,
          1,
          4,
          1,
          2,
          2,
          3,
          2,
          2,
          1
        ],
        "max_variance": 56.25,
        "room_count": 16,
        "mean_degree": 2.125
      }
    },
    "door_distribution": {
      "score": 0.5480760615187573,
      "detail": {
        "cv": 0.49565586901037406,
        "avg_distance": 14.866535427134934,
        "avg_entropy": 0.5032936542529033,
        "weights": [
          0.3333333333333333,
          0.3333333333333333,
          0.3333333333333333
        ],
        "normalized": [
          0.752172065494813,
          0.5290064895106851,
          0.3630496295507741
        ],
        "score": 0.5480760615187573,
        "debug": {
          "count": 17
        }
      }
    },
    "dead_end_ratio": {
      "score": 0.6875,
      "detail": {
        "dead_end_ratio": 0.3125,
        "dead_end_count": 5,
        "total_rooms": 16,
        "dead_end_rooms": [
          "room_3",
          "room_5",
          "room_7",
          "room_9",
          "room_15"
        ],
        "score": 0.6875
      }
    },
    "key_path_length": {
      "score": 0.36787944117144233,
      "detail": {
        "raw_length": 3,
        "diameter": 6,
        "normalized_length": 0.5,
        "score": 0.36787944117144233,
        "path": [
          "room_14",
          "room_12",
          "room_8",
          "room_10"
        ],
        "entrance": "room_14",
        "exit": "room_10"
      }
    },
    "loop_ratio": {
      "score": 0.46257015465625045,
      "detail": {
        "total_rooms": 16,
        "total_edges": 17,
        "connected_components": 1,
        "cyclomatic_number": 2,
        "loop_ratio": 0.125,
        "sigmoid_loop_ratio": 0.46257015465625045,
        "algorithm": "Cyclomatic formula + Sigmoid normalization",
        "note": "Direct calculation using E - V + C formula, then sigmoid mapping to [0,1]",
        "score_breakdown": {
          "raw_loop_ratio": 0.125,
          "sigmoid_loop_ratio": 0.46257015465625045,
          "final_score": 0.46257015465625045
        }
      }
    },
    "path_diversity": {
      "score": 0.3139664430891525,
      "detail": {
        "avg_path_diversity": 0.1395561545342237,
        "std_path_diversity": 0.1616634707636677,
        "max_path_diversity": 0.4444938546970638,
        "min_path_diversity": 0.0,
        "total_pairs_analyzed": 42,
        "rounds_completed": 6,
        "detailed_analysis": {
          "round_0": {
            "pairs_analyzed": 7,
            "avg_diversity": 0.19691309761643508
          },
          "round_1": {
            "pairs_analyzed": 8,
            "avg_diversity": 0.10821274300601136
          },
          "round_2": {
            "pairs_analyzed": 6,
            "avg_diversity": 0.15754876206895635
          },
          "round_3": {
            "pairs_analyzed": 7,
            "avg_diversity": 0.195881357471451
          },
          "round_4": {
            "pairs_analyzed": 7,
            "avg_diversity": 0.03199437409106786
          },
          "round_5": {
            "pairs_analyzed": 7,
            "avg_diversity": 0.15383459567469845
          }
        },
        "adaptive_params": {
          "num_walks": 16,
          "max_walk_length": 5,
          "graph_diameter": 5,
          "avg_degree": 2.125,
          "total_nodes": 16,
          "total_edges": 17
        },
        "algorithm": "Adaptive_random_walk_sampling",
        "sampling_strategy": "Multi-round (6 rounds, 8 pairs/round)",
        "normalization": "Robust_with_predefined_bounds",
        "fusion_method": "Geometric_mean_of_normalized_metrics",
        "performance": {
          "time_taken": 0.0033609867095947266,
          "timeout": false
        }
      }
    },
    "treasure_monster_distribution": {
      "score": 0.6360188000220335,
      "detail": {
        "cv_treasure": 1.4096931258472558,
        "uniformity_treasure": 0.6360188000220335,
        "score": 0.6360188000220335,
        "cv_monster": 0.0,
        "uniformity_monster": 0.0,
        "avg_t2m_dist": 0.0,
        "proximity_score": 0.0,
        "note": "Only treasure distribution evaluated (no monsters found)"
      }
    },
    "geometric_balance": {
      "score": 0.887641808383061,
      "detail": {
        "symmetry_ratio": 0.0,
        "uniformity_area": 0.8499176480585258,
        "uniformity_spacing": 0.9270403806643804,
        "score": 0.887641808383061
      }
    }
  },
  "category_scores": {
    "structural": 0.5803486064213867,
    "gameplay": 0.6360188000220335,
    "aesthetic": 0.887641808383061
  },
  "overall_score": 0.7013364049421604,
  "grade": "B",
  "details": {
    "accessibility": {
      "reachability_ratio": 1.0,
      "avg_path_length": 2.0,
      "path_variance": 1.0,
      "normalized": [
        1.0,
        0.5,
        0.75
      ],
      "score": 0.7211247851537042
    },
    "degree_variance": {
      "raw_variance": 1.109375,
      "normalized_variance": 0.01972222222222222,
      "score": 0.9613233593603998,
      "degrees": [
        4,
        2,
        2,
        1,
        4,
        1,
        2,
        1,
        4,
        1,
        2,
        2,
        3,
        2,
        2,
        1
      ],
      "max_variance": 56.25,
      "room_count": 16,
      "mean_degree": 2.125
    },
    "door_distribution": {
      "cv": 0.49565586901037406,
      "avg_distance": 14.866535427134934,
      "avg_entropy": 0.5032936542529033,
      "weights": [
        0.3333333333333333,
        0.3333333333333333,
        0.3333333333333333
      ],
      "normalized": [
        0.752172065494813,
        0.5290064895106851,
        0.3630496295507741
      ],
      "score": 0.5480760615187573,
      "debug": {
        "count": 17
      }
    },
    "dead_end_ratio": {
      "dead_end_ratio": 0.3125,
      "dead_end_count": 5,
      "total_rooms": 16,
      "dead_end_rooms": [
        "room_3",
        "room_5",
        "room_7",
        "room_9",
        "room_15"
      ],
      "score": 0.6875
    },
    "key_path_length": {
      "raw_length": 3,
      "diameter": 6,
      "normalized_length": 0.5,
      "score": 0.36787944117144233,
      "path": [
        "room_14",
        "room_12",
        "room_8",
        "room_10"
      ],
      "entrance": "room_14",
      "exit": "room_10"
    },
    "loop_ratio": {
      "total_rooms": 16,
      "total_edges": 17,
      "connected_components": 1,
      "cyclomatic_number": 2,
      "loop_ratio": 0.125,
      "sigmoid_loop_ratio": 0.46257015465625045,
      "algorithm": "Cyclomatic formula + Sigmoid normalization",
      "note": "Direct calculation using E - V + C formula, then sigmoid mapping to [0,1]",
      "score_breakdown": {
        "raw_loop_ratio": 0.125,
        "sigmoid_loop_ratio": 0.46257015465625045,
        "final_score": 0.46257015465625045
      }
    },
    "path_diversity": {
      "avg_path_diversity": 0.1395561545342237,
      "std_path_diversity": 0.1616634707636677,
      "max_path_diversity": 0.4444938546970638,
      "min_path_diversity": 0.0,
      "total_pairs_analyzed": 42,
      "rounds_completed": 6,
      "detailed_analysis": {
        "round_0": {
          "pairs_analyzed": 7,
          "avg_diversity": 0.19691309761643508
        },
        "round_1": {
          "pairs_analyzed": 8,