{
  "scores": {
    "accessibility": {
      "score": 0.7211247851537042,
      "detail": {
        "reachability_ratio": 1.0,
        "avg_path_length": 2.0,
        "path_variance": 1.0,
        "normalized": [
          1.0,
          0.5,
          0.75
        ],
        "score": 0.7211247851537042
      }
    },
    "degree_variance": {
      "score": 0.9570602915978856,
      "detail": {
        "raw_variance": 1.234375,
        "normalized_variance": 0.021944444444444444,
        "score": 0.9570602915978856,
        "degrees": [
          4,
          1,
          3,
          1,
          4,
          2,
          2,
          2,
          4,
          1,
          2,
          1,
          3,
          1,
          2,
          1
        ],
        "max_variance": 56.25,
        "room_count": 16,
        "mean_degree": 2.125
      }
    },
    "door_distribution": {
      "score": 0.5545013438615484,
      "detail": {
        "cv": 0.5228349657244464,
        "avg_distance": 15.08015201061669,
        "avg_entropy": 0.5060040909863325,
        "weights": [
          0.3333333333333333,
          0.3333333333333333,
          0.3333333333333333
        ],
        "normalized": [
          0.7385825171377768,
          0.5599167180791136,
          0.36500479636775485
        ],
        "score": 0.5545013438615484,
        "debug": {
          "count": 17
        }
      }
    },
    "dead_end_ratio": {
      "score": 0.625,
      "detail": {
        "dead_end_ratio": 0.375,
        "dead_end_count": 6,
        "total_rooms": 16,
        "dead_end_rooms": [
          "room_1",
          "room_3",
          "room_9",
          "room_11",
          "room_13",
          "room_15"
        ],
        "score": 0.625
      }
    },
    "key_path_length": {
      "score": 0.26359713811572677,
      "detail": {
        "raw_length": 4,
        "diameter": 6,
        "normalized_length": 0.6666666666666666,
        "score": 0.26359713811572677,
        "path": [
          "room_14",
          "room_12",
          "room_8",
          "room_10",
          "room_11"
        ],
        "entrance": "room_14",
        "exit": "room_11"
      }
    },
    "loop_ratio": {
      "score": 0.46257015465625045,
      "detail": {
        "total_rooms": 16,
        "total_edges": 17,
        "connected_components": 1,
        "cyclomatic_number": 2,
        "loop_ratio": 0.125,
        "sigmoid_loop_ratio": 0.46257015465625045,
        "algorithm": "Cyclomatic formula + Sigmoid normalization",
        "note": "Direct calculation using E - V + C formula, then sigmoid mapping to [0,1]",
        "score_breakdown": {
          "raw_loop_ratio": 0.125,
          "sigmoid_loop_ratio": 0.46257015465625045,
          "final_score": 0.46257015465625045
        }
      }
    },
    "path_diversity": {
      "score": 0.4284601968451296,
      "detail": {
        "avg_path_diversity": 0.2142300984225648,
        "std_path_diversity": 0.15967422321387784,
        "max_path_diversity": 0.5,
        "min_path_diversity": 0.0,
        "total_pairs_analyzed": 46,
        "rounds_completed": 5,
        "detailed_analysis": {
          "round_0": {
            "pairs_analyzed": 10,
            "avg_diversity": 0.16589906754410608
          },
          "round_1": {
            "pairs_analyzed": 10,
            "avg_diversity": 0.2195758458112195
          },
          "round_2": {
            "pairs_analyzed": 9,
            "avg_diversity": 0.20812993075741482
          },
          "round_3": {
            "pairs_analyzed": 9,
            "avg_diversity": 0.2571968395699622
          },
          "round_4": {
            "pairs_analyzed": 8,
            "avg_diversity": 0.22648680761729123
          }
        },
        "adaptive_params": {
          "num_walks": 16,
          "max_walk_length": 6,
          "graph_diameter": 6,
          "avg_degree": 2.125,
          "total_nodes": 16,
          "total_edges": 17
        },
        "algorithm": "Adaptive_random_walk_sampling",
        "sampling_strategy": "Multi-round (5 rounds, 10 pairs/round)",
        "normalization": "Robust_with_predefined_bounds",
        "fusion_method": "Geometric_mean_of_normalized_metrics",
        "performance": {
          "time_taken": 0.004537820816040039,
          "timeout": false
        }
      }
    },
    "treasure_monster_distribution": {
      "score": 0.7227140439090833,
      "detail": {
        "cv_treasure": 1.0739238900773214,
        "uniformity_treasure": 0.7227140439090833,
        "score": 0.7227140439090833,
        "cv_monster": 0.0,
        "uniformity_monster": 0.0,
        "avg_t2m_dist": 0.0,
        "proximity_score": 0.0,
        "note": "Only treasure distribution evaluated (no monsters found)"
      }
    },
    "geometric_balance": {
      "score": 0.895377304689228,
      "detail": {
        "symmetry_ratio": 0.0,
        "uniformity_area": 0.8663160113891173,
        "uniformity_spacing": 0.9254134833166004,
        "score": 0.895377304689228
      }
    }
  },
  "category_scores": {
    "structural": 0.5731877014614637,
    "gameplay": 0.7227140439090833,
    "aesthetic": 0.895377304689228
  },
  "overall_score": 0.730426350019925,
  "grade": "B",
  "details": {
    "accessibility": {
      "reachability_ratio": 1.0,
      "avg_path_length": 2.0,
      "path_variance": 1.0,
      "normalized": [
        1.0,
        0.5,
        0.75
      ],
      "score": 0.7211247851537042
    },
    "degree_variance": {
      "raw_variance": 1.234375,
      "normalized_variance": 0.021944444444444444,
      "score": 0.9570602915978856,
      "degrees": [
        4,
        1,
        3,
        1,
        4,
        2,
        2,
        2,
        4,
        1,
        2,
        1,
        3,
        1,
        2,
        1
      ],
      "max_variance": 56.25,
      "room_count": 16,
      "mean_degree": 2.125
    },
    "door_distribution": {
      "cv": 0.5228349657244464,
      "avg_distance": 15.08015201061669,
      "avg_entropy": 0.5060040909863325,
      "weights": [
        0.3333333333333333,
        0.3333333333333333,
        0.3333333333333333
      ],
      "normalized": [
        0.7385825171377768,
        0.5599167180791136,
        0.36500479636775485
      ],
      "score": 0.5545013438615484,
      "debug": {
        "count": 17
      }
    },
    "dead_end_ratio": {
      "dead_end_ratio": 0.375,
      "dead_end_count": 6,
      "total_rooms": 16,
      "dead_end_rooms": [
        "room_1",
        "room_3",
        "room_9",
        "room_11",
        "room_13",
        "room_15"
      ],
      "score": 0.625
    },
    "key_path_length": {
      "raw_length": 4,
      "diameter": 6,
      "normalized_length": 0.6666666666666666,
      "score": 0.26359713811572677,
      "path": [
        "room_14",
        "room_12",
        "room_8",
        "room_10",
        "room_11"
      ],
      "entrance": "room_14",
      "exit": "room_11"
    },
    "loop_ratio": {
      "total_rooms": 16,
      "total_edges": 17,
      "connected_components": 1,
      "cyclomatic_number": 2,
      "loop_ratio": 0.125,
      "sigmoid_loop_ratio": 0.46257015465625045,
      "algorithm": "Cyclomatic formula + Sigmoid normalization",
      "note": "Direct calculation using E - V + C formula, then sigmoid mapping to [0,1]",
      "score_breakdown": {
        "raw_loop_ratio": 0.125,
        "sigmoid_loop_ratio": 0.46257015465625045,
        "final_score": 0.46257015465625045
      }
    },
    "path_diversity": {
      "avg_path_diversity": 0.2142300984225648,
      "std_path_diversity": 0.15967422321387784,
      "max_path_diversity": 0.5,
      "min_path_diversity": 0.0,
      "total_pairs_analyzed": 46,
      "rounds_completed": 5,
      "detailed_analysis": {
        "round_0": {
          "pairs_analyzed": 10,
          "avg_diversity": 0.16589906754410608
        },
        "round_1": {
          "pairs_analyzed": 10,
          "avg_diversity": 0.2195758458112195
        },