{
  "scores": {
    "accessibility": {
      "score": 0.7837937916226243,
      "detail": {
        "reachability_ratio": 1.0,
        "avg_path_length": 1.9375,
        "path_variance": 1.05859375,
        "normalized": [
          1.0,
          0.515625,
          0.933837890625
        ],
        "score": 0.7837937916226243
      }
    },
    "degree_variance": {
      "score": 0.9528161287611396,
      "detail": {
        "raw_variance": 1.359375,
        "normalized_variance": 0.024166666666666666,
        "score": 0.9528161287611396,
        "degrees": [
          5,
          2,
          3,
          4,
          4,
          2,
          3,
          2,
          4,
          1,
          2,
          2,
          3,
          1,
          3,
          1
        ],
        "max_variance": 56.25,
        "room_count": 16,
        "mean_degree": 2.625
      }
    },
    "door_distribution": {
      "score": 0.5867256319481028,
      "detail": {
        "cv": 0.4441609072899436,
        "avg_distance": 14.360154398395444,
        "avg_entropy": 0.6255360961853345,
        "weights": [
          0.3333333333333333,
          0.3333333333333333,
          0.3333333333333333
        ],
        "normalized": [
          0.7779195463550281,
          0.5310284375574684,
          0.45122891193181186
        ],
        "score": 0.5867256319481028,
        "debug": {
          "count": 21
        }
      }
    },
    "dead_end_ratio": {
      "score": 0.8125,
      "detail": {
        "dead_end_ratio": 0.1875,
        "dead_end_count": 3,
        "total_rooms": 16,
        "dead_end_rooms": [
          "room_9",
          "room_13",
          "room_15"
        ],
        "score": 0.8125
      }
    },
    "key_path_length": {
      "score": 0.6065306597126334,
      "detail": {
        "raw_length": 1,
        "diameter": 4,
        "normalized_length": 0.25,
        "score": 0.6065306597126334,
        "path": [
          "room_8",
          "room_10"
        ],
        "entrance": "room_8",
        "exit": "room_10"
      }
    },
    "loop_ratio": {
      "score": 0.5866175789173301,
      "detail": {
        "total_rooms": 16,
        "total_edges": 21,
        "connected_components": 1,
        "cyclomatic_number": 6,
        "loop_ratio": 0.375,
        "sigmoid_loop_ratio": 0.5866175789173301,
        "algorithm": "Cyclomatic formula + Sigmoid normalization",
        "note": "Direct calculation using E - V + C formula, then sigmoid mapping to [0,1]",
        "score_breakdown": {
          "raw_loop_ratio": 0.375,
          "sigmoid_loop_ratio": 0.5866175789173301,
          "final_score": 0.5866175789173301
        }
      }
    },
    "path_diversity": {
      "score": 0.3956972203787492,
      "detail": {
        "avg_path_diversity": 0.24275967759247752,
        "std_path_diversity": 0.21354119217558049,
        "max_path_diversity": 0.6134985668085194,
        "min_path_diversity": 0.0,
        "total_pairs_analyzed": 36,
        "rounds_completed": 7,
        "detailed_analysis": {
          "round_0": {
            "pairs_analyzed": 6,
            "avg_diversity": 0.2547791563544981
          },
          "round_1": {
            "pairs_analyzed": 4,
            "avg_diversity": 0.2260677789164799
          },
          "round_2": {
            "pairs_analyzed": 5,
            "avg_diversity": 0.1685748058664423
          },
          "round_3": {
            "pairs_analyzed": 5,
            "avg_diversity": 0.36577432996327525
          },
          "round_4": {
            "pairs_analyzed": 4,
            "avg_diversity": 0.1630433117994573
          },
          "round_5": {
            "pairs_analyzed": 7,
            "avg_diversity": 0.2323940115572966
          },
          "round_6": {
            "pairs_analyzed": 5,
            "avg_diversity": 0.27114506645775815
          }
        },
        "adaptive_params": {
          "num_walks": 16,
          "max_walk_length": 4,
          "graph_diameter": 4,
          "avg_degree": 2.625,
          "total_nodes": 16,
          "total_edges": 21
        },
        "algorithm": "Adaptive_random_walk_sampling",
        "sampling_strategy": "Multi-round (7 rounds, 7 pairs/round)",
        "normalization": "Robust_with_predefined_bounds",
        "fusion_method": "Geometric_mean_of_normalized_metrics",
        "performance": {
          "time_taken": 0.003907203674316406,
          "timeout": false
        }
      }
    },
    "treasure_monster_distribution": {
      "score": 0.7057862608202731,
      "detail": {
        "cv_treasure": 1.1394849120684951,
        "uniformity_treasure": 0.7057862608202731,
        "score": 0.7057862608202731,
        "cv_monster": 0.0,
        "uniformity_monster": 0.0,
        "avg_t2m_dist": 0.0,
        "proximity_score": 0.0,
        "note": "Only treasure distribution evaluated (no monsters found)"
      }
    },
    "geometric_balance": {
      "score": 0.9056274117284179,
      "detail": {
        "symmetry_ratio": 0.0,
        "uniformity_area": 0.8668935235492828,
        "uniformity_spacing": 0.9460919785349939,
        "score": 0.9056274117284179
      }
    }
  },
  "category_scores": {
    "structural": 0.6749544301915114,
    "gameplay": 0.7057862608202731,
    "aesthetic": 0.9056274117284179
  },
  "overall_score": 0.7621227009134007,
  "grade": "B",
  "details": {
    "accessibility": {
      "reachability_ratio": 1.0,
      "avg_path_length": 1.9375,
      "path_variance": 1.05859375,
      "normalized": [
        1.0,
        0.515625,
        0.933837890625
      ],
      "score": 0.7837937916226243
    },
    "degree_variance": {
      "raw_variance": 1.359375,
      "normalized_variance": 0.024166666666666666,
      "score": 0.9528161287611396,
      "degrees": [
        5,
        2,
        3,
        4,
        4,
        2,
        3,
        2,
        4,
        1,
        2,
        2,
        3,
        1,
        3,
        1
      ],
      "max_variance": 56.25,
      "room_count": 16,
      "mean_degree": 2.625
    },
    "door_distribution": {
      "cv": 0.4441609072899436,
      "avg_distance": 14.360154398395444,
      "avg_entropy": 0.6255360961853345,
      "weights": [
        0.3333333333333333,
        0.3333333333333333,
        0.3333333333333333
      ],
      "normalized": [
        0.7779195463550281,
        0.5310284375574684,
        0.45122891193181186
      ],
      "score": 0.5867256319481028,
      "debug": {
        "count": 21
      }
    },
    "dead_end_ratio": {
      "dead_end_ratio": 0.1875,
      "dead_end_count": 3,
      "total_rooms": 16,
      "dead_end_rooms": [
        "room_9",
        "room_13",
        "room_15"
      ],
      "score": 0.8125
    },
    "key_path_length": {
      "raw_length": 1,
      "diameter": 4,
      "normalized_length": 0.25,
      "score": 0.6065306597126334,
      "path": [
        "room_8",
        "room_10"
      ],
      "entrance": "room_8",
      "exit": "room_10"
    },
    "loop_ratio": {
      "total_rooms": 16,
      "total_edges": 21,
      "connected_components": 1,
      "cyclomatic_number": 6,
      "loop_ratio": 0.375,
      "sigmoid_loop_ratio": 0.5866175789173301,
      "algorithm": "Cyclomatic formula + Sigmoid normalization",
      "note": "Direct calculation using E - V + C formula, then sigmoid mapping to [0,1]",
      "score_breakdown": {
        "raw_loop_ratio": 0.375,
        "sigmoid_loop_ratio": 0.5866175789173301,
        "final_score": 0.5866175789173301
      }
    },
    "path_diversity": {
      "avg_path_diversity": 0.24275967759247752,
      "std_path_diversity": 0.21354119217558049,
      "max_path_diversity": 0.6134985668085194,
      "min_path_diversity": 0.0,
      "total_pairs_analyzed": 36,
      "rounds_completed": 7,
      "detailed_analysis": {
        "round_0": {
          "pairs_analyzed": 6,
          "avg_diversity": 0.2547791563544981
        },
        "round_1": {
          "pairs_analyzed": 4,