{
  "scores": {
    "accessibility": {
      "score": 0.7768081264884648,
      "detail": {
        "reachability_ratio": 1.0,
        "avg_path_length": 2.0,
        "path_variance": 1.0,
        "normalized": [
          1.0,
          0.5,
          0.9375
        ],
        "score": 0.7768081264884648
      }
    },
    "degree_variance": {
      "score": 0.9570602915978856,
      "detail": {
        "raw_variance": 1.234375,
        "normalized_variance": 0.021944444444444444,
        "score": 0.9570602915978856,
        "degrees": [
          4,
          2,
          2,
          1,
          4,
          1,
          2,
          1,
          4,
          1,
          2,
          1,
          3,
          2,
          3,
          1
        ],
        "max_variance": 56.25,
        "room_count": 16,
        "mean_degree": 2.125
      }
    },
    "door_distribution": {
      "score": 0.5409852206083895,
      "detail": {
        "cv": 0.5228349657244464,
        "avg_distance": 14.643475384799002,
        "avg_entropy": 0.4699026753321687,
        "weights": [
          0.3333333333333333,
          0.3333333333333333,
          0.3333333333333333
        ],
        "normalized": [
          0.7385825171377768,
          0.5454100149863034,
          0.3389631297010882
        ],
        "score": 0.5409852206083895,
        "debug": {
          "count": 17
        }
      }
    },
    "dead_end_ratio": {
      "score": 0.625,
      "detail": {
        "dead_end_ratio": 0.375,
        "dead_end_count": 6,
        "total_rooms": 16,
        "dead_end_rooms": [
          "room_3",
          "room_5",
          "room_7",
          "room_9",
          "room_11",
          "room_15"
        ],
        "score": 0.625
      }
    },
    "key_path_length": {
      "score": 0.1353352832366127,
      "detail": {
        "raw_length": 6,
        "diameter": 6,
        "normalized_length": 1.0,
        "score": 0.1353352832366127,
        "path": [
          "room_5",
          "room_4",
          "room_0",
          "room_8",
          "room_12",
          "room_14",
          "room_15"
        ],
        "entrance": "room_5",
        "exit": "room_15"
      }
    },
    "loop_ratio": {
      "score": 0.46257015465625045,
      "detail": {
        "total_rooms": 16,
        "total_edges": 17,
        "connected_components": 1,
        "cyclomatic_number": 2,
        "loop_ratio": 0.125,
        "sigmoid_loop_ratio": 0.46257015465625045,
        "algorithm": "Cyclomatic formula + Sigmoid normalization",
        "note": "Direct calculation using E - V + C formula, then sigmoid mapping to [0,1]",
        "score_breakdown": {
          "raw_loop_ratio": 0.125,
          "sigmoid_loop_ratio": 0.46257015465625045,
          "final_score": 0.46257015465625045
        }
      }
    },
    "path_diversity": {
      "score": 0.2888948142008363,
      "detail": {
        "avg_path_diversity": 0.16880038578736428,
        "std_path_diversity": 0.2041404719308295,
        "max_path_diversity": 0.5842970433869271,
        "min_path_diversity": 0.0,
        "total_pairs_analyzed": 35,
        "rounds_completed": 7,
        "detailed_analysis": {
          "round_0": {
            "pairs_analyzed": 7,
            "avg_diversity": 0.16306170593237898
          },
          "round_1": {
            "pairs_analyzed": 5,
            "avg_diversity": 0.0971846010514391
          },
          "round_2": {
            "pairs_analyzed": 3,
            "avg_diversity": 0.11111111095081165
          },
          "round_3": {
            "pairs_analyzed": 4,
            "avg_diversity": 0.2063307541529028
          },
          "round_4": {
            "pairs_analyzed": 6,
            "avg_diversity": 0.27356349320218304
          },
          "round_5": {
            "pairs_analyzed": 5,
            "avg_diversity": 0.16854391047534364
          },
          "round_6": {
            "pairs_analyzed": 5,
            "avg_diversity": 0.12758033894400764
          }
        },
        "adaptive_params": {
          "num_walks": 16,
          "max_walk_length": 4,
          "graph_diameter": 4,
          "avg_degree": 2.125,
          "total_nodes": 16,
          "total_edges": 17
        },
        "algorithm": "Adaptive_random_walk_sampling",
        "sampling_strategy": "Multi-round (7 rounds, 7 pairs/round)",
        "normalization": "Robust_with_predefined_bounds",
        "fusion_method": "Geometric_mean_of_normalized_metrics",
        "performance": {
          "time_taken": 0.003309011459350586,
          "timeout": false
        }
      }
    },
    "treasure_monster_distribution": {
      "score": 0.6030831222971718,
      "detail": {
        "cv_treasure": 1.5372524571716997,
        "uniformity_treasure": 0.6030831222971718,
        "score": 0.6030831222971718,
        "cv_monster": 0.0,
        "uniformity_monster": 0.0,
        "avg_t2m_dist": 0.0,
        "proximity_score": 0.0,
        "note": "Only treasure distribution evaluated (no monsters found)"
      }
    },
    "geometric_balance": {
      "score": 0.8823698774351091,
      "detail": {
        "symmetry_ratio": 0.0,
        "uniformity_area": 0.8533296540277965,
        "uniformity_spacing": 0.9123983878093237,
        "score": 0.8823698774351091
      }
    }
  },
  "category_scores": {
    "structural": 0.54095055582692,
    "gameplay": 0.6030831222971718,
    "aesthetic": 0.8823698774351091
  },
  "overall_score": 0.6754678518530669,
  "grade": "B",
  "details": {
    "accessibility": {
      "reachability_ratio": 1.0,
      "avg_path_length": 2.0,
      "path_variance": 1.0,
      "normalized": [
        1.0,
        0.5,
        0.9375
      ],
      "score": 0.7768081264884648
    },
    "degree_variance": {
      "raw_variance": 1.234375,
      "normalized_variance": 0.021944444444444444,
      "score": 0.9570602915978856,
      "degrees": [
        4,
        2,
        2,
        1,
        4,
        1,
        2,
        1,
        4,
        1,
        2,
        1,
        3,
        2,
        3,
        1
      ],
      "max_variance": 56.25,
      "room_count": 16,
      "mean_degree": 2.125
    },
    "door_distribution": {
      "cv": 0.5228349657244464,
      "avg_distance": 14.643475384799002,
      "avg_entropy": 0.4699026753321687,
      "weights": [
        0.3333333333333333,
        0.3333333333333333,
        0.3333333333333333
      ],
      "normalized": [
        0.7385825171377768,
        0.5454100149863034,
        0.3389631297010882
      ],
      "score": 0.5409852206083895,
      "debug": {
        "count": 17
      }
    },
    "dead_end_ratio": {
      "dead_end_ratio": 0.375,
      "dead_end_count": 6,
      "total_rooms": 16,
      "dead_end_rooms": [
        "room_3",
        "room_5",
        "room_7",
        "room_9",
        "room_11",
        "room_15"
      ],
      "score": 0.625
    },
    "key_path_length": {
      "raw_length": 6,
      "diameter": 6,
      "normalized_length": 1.0,
      "score": 0.1353352832366127,
      "path": [
        "room_5",
        "room_4",
        "room_0",
        "room_8",
        "room_12",
        "room_14",
        "room_15"
      ],
      "entrance": "room_5",
      "exit": "room_15"
    },
    "loop_ratio": {
      "total_rooms": 16,
      "total_edges": 17,
      "connected_components": 1,
      "cyclomatic_number": 2,
      "loop_ratio": 0.125,
      "sigmoid_loop_ratio": 0.46257015465625045,
      "algorithm": "Cyclomatic formula + Sigmoid normalization",
      "note": "Direct calculation using E - V + C formula, then sigmoid mapping to [0,1]",
      "score_breakdown": {
        "raw_loop_ratio": 0.125,
        "sigmoid_loop_ratio": 0.46257015465625045,
        "final_score": 0.46257015465625045
      }
    },
    "path_diversity": {
      "avg_path_diversity": 0.16880038578736428,
      "std_path_diversity": 0.2041404719308295,
      "max_path_diversity": 0.5842970433869271,
      "min_path_diversity": 0.0,