{
  "scores": {
    "accessibility": {
      "score": 0.7859734675125047,
      "detail": {
        "reachability_ratio": 1.0,
        "avg_path_length": 1.9375,
        "path_variance": 0.93359375,
        "normalized": [
          1.0,
          0.515625,
          0.941650390625
        ],
        "score": 0.7859734675125047
      }
    },
    "degree_variance": {
      "score": 0.9485907870147082,
      "detail": {
        "raw_variance": 1.484375,
        "normalized_variance": 0.02638888888888889,
        "score": 0.9485907870147082,
        "degrees": [
          4,
          2,
          2,
          1,
          5,
          1,
          2,
          2,
          4,
          1,
          2,
          1,
          3,
          1,
          2,
          1
        ],
        "max_variance": 56.25,
        "room_count": 16,
        "mean_degree": 2.125
      }
    },
    "door_distribution": {
      "score": 0.5391609662282999,
      "detail": {
        "cv": 0.573340843812292,
        "avg_distance": 15.10752438903058,
        "avg_entropy": 0.486624335263487,
        "weights": [
          0.3333333333333333,
          0.3333333333333333,
          0.3333333333333333
        ],
        "normalized": [
          0.713329578093854,
          0.5531280629607853,
          0.3510252576302605
        ],
        "score": 0.5391609662282999,
        "debug": {
          "count": 17
        }
      }
    },
    "dead_end_ratio": {
      "score": 0.625,
      "detail": {
        "dead_end_ratio": 0.375,
        "dead_end_count": 6,
        "total_rooms": 16,
        "dead_end_rooms": [
          "room_3",
          "room_5",
          "room_9",
          "room_11",
          "room_13",
          "room_15"
        ],
        "score": 0.625
      }
    },
    "key_path_length": {
      "score": 0.30119421191220214,
      "detail": {
        "raw_length": 3,
        "diameter": 5,
        "normalized_length": 0.6,
        "score": 0.30119421191220214,
        "path": [
          "room_2",
          "room_0",
          "room_4",
          "room_6"
        ],
        "entrance": "room_2",
        "exit": "room_6"
      }
    },
    "loop_ratio": {
      "score": 0.46257015465625045,
      "detail": {
        "total_rooms": 16,
        "total_edges": 17,
        "connected_components": 1,
        "cyclomatic_number": 2,
        "loop_ratio": 0.125,
        "sigmoid_loop_ratio": 0.46257015465625045,
        "algorithm": "Cyclomatic formula + Sigmoid normalization",
        "note": "Direct calculation using E - V + C formula, then sigmoid mapping to [0,1]",
        "score_breakdown": {
          "raw_loop_ratio": 0.125,
          "sigmoid_loop_ratio": 0.46257015465625045,
          "final_score": 0.46257015465625045
        }
      }
    },
    "path_diversity": {
      "score": 0.3410867013857085,
      "detail": {
        "avg_path_diversity": 0.2157221708832885,
        "std_path_diversity": 0.23750119287510107,
        "max_path_diversity": 0.6324555311212354,
        "min_path_diversity": 0.0,
        "total_pairs_analyzed": 44,
        "rounds_completed": 4,
        "detailed_analysis": {
          "round_0": {
            "pairs_analyzed": 11,
            "avg_diversity": 0.19362436916014383
          },
          "round_1": {
            "pairs_analyzed": 12,
            "avg_diversity": 0.17913497471689052
          },
          "round_2": {
            "pairs_analyzed": 10,
            "avg_diversity": 0.36198488754933195
          },
          "round_3": {
            "pairs_analyzed": 11,
            "avg_diversity": 0.1447671714551914
          }
        },
        "adaptive_params": {
          "num_walks": 16,
          "max_walk_length": 6,
          "graph_diameter": 6,
          "avg_degree": 2.125,
          "total_nodes": 16,
          "total_edges": 17
        },
        "algorithm": "Adaptive_random_walk_sampling",
        "sampling_strategy": "Multi-round (4 rounds, 12 pairs/round)",
        "normalization": "Robust_with_predefined_bounds",
        "fusion_method": "Geometric_mean_of_normalized_metrics",
        "performance": {
          "time_taken": 0.0037631988525390625,
          "timeout": false
        }
      }
    },
    "treasure_monster_distribution": {
      "score": 0.6938775510204083,
      "detail": {
        "cv_treasure": 1.1856071467981888,
        "uniformity_treasure": 0.6938775510204083,
        "score": 0.6938775510204083,
        "cv_monster": 0.0,
        "uniformity_monster": 0.0,
        "avg_t2m_dist": 0.0,
        "proximity_score": 0.0,
        "note": "Only treasure distribution evaluated (no monsters found)"
      }
    },
    "geometric_balance": {
      "score": 0.8934975519636682,
      "detail": {
        "symmetry_ratio": 0.0,
        "uniformity_area": 0.8556091215962331,
        "uniformity_spacing": 0.933063773181474,
        "score": 0.8934975519636682
      }
    }
  },
  "category_scores": {
    "structural": 0.5719394698156678,
    "gameplay": 0.6938775510204083,
    "aesthetic": 0.8934975519636682
  },
  "overall_score": 0.7197715242665814,
  "grade": "B",
  "details": {
    "accessibility": {
      "reachability_ratio": 1.0,
      "avg_path_length": 1.9375,
      "path_variance": 0.93359375,
      "normalized": [
        1.0,
        0.515625,
        0.941650390625
      ],
      "score": 0.7859734675125047
    },
    "degree_variance": {
      "raw_variance": 1.484375,
      "normalized_variance": 0.02638888888888889,
      "score": 0.9485907870147082,
      "degrees": [
        4,
        2,
        2,
        1,
        5,
        1,
        2,
        2,
        4,
        1,
        2,
        1,
        3,
        1,
        2,
        1
      ],
      "max_variance": 56.25,
      "room_count": 16,
      "mean_degree": 2.125
    },
    "door_distribution": {
      "cv": 0.573340843812292,
      "avg_distance": 15.10752438903058,
      "avg_entropy": 0.486624335263487,
      "weights": [
        0.3333333333333333,
        0.3333333333333333,
        0.3333333333333333
      ],
      "normalized": [
        0.713329578093854,
        0.5531280629607853,
        0.3510252576302605
      ],
      "score": 0.5391609662282999,
      "debug": {
        "count": 17
      }
    },
    "dead_end_ratio": {
      "dead_end_ratio": 0.375,
      "dead_end_count": 6,
      "total_rooms": 16,
      "dead_end_rooms": [
        "room_3",
        "room_5",
        "room_9",
        "room_11",
        "room_13",
        "room_15"
      ],
      "score": 0.625
    },
    "key_path_length": {
      "raw_length": 3,
      "diameter": 5,
      "normalized_length": 0.6,
      "score": 0.30119421191220214,
      "path": [
        "room_2",
        "room_0",
        "room_4",
        "room_6"
      ],
      "entrance": "room_2",
      "exit": "room_6"
    },
    "loop_ratio": {
      "total_rooms": 16,
      "total_edges": 17,
      "connected_components": 1,
      "cyclomatic_number": 2,
      "loop_ratio": 0.125,
      "sigmoid_loop_ratio": 0.46257015465625045,
      "algorithm": "Cyclomatic formula + Sigmoid normalization",
      "note": "Direct calculation using E - V + C formula, then sigmoid mapping to [0,1]",
      "score_breakdown": {
        "raw_loop_ratio": 0.125,
        "sigmoid_loop_ratio": 0.46257015465625045,
        "final_score": 0.46257015465625045
      }
    },
    "path_diversity": {
      "avg_path_diversity": 0.2157221708832885,
      "std_path_diversity": 0.23750119287510107,
      "max_path_diversity": 0.6324555311212354,
      "min_path_diversity": 0.0,
      "total_pairs_analyzed": 44,
      "rounds_completed": 4,
      "detailed_analysis": {
        "round_0": {
          "pairs_analyzed": 11,
          "avg_diversity": 0.19362436916014383
        },
        "round_1": {
          "pairs_analyzed": 12,
          "avg_diversity": 0.17913497471689052
        },
        "round_2": {
          "pairs_analyzed": 10,
          "avg_diversity": 0.36198488754933195
        },