{
  "scores": {
    "accessibility": {
      "score": 0.7211247851537042,
      "detail": {
        "reachability_ratio": 1.0,
        "avg_path_length": 2.0,
        "path_variance": 1.0,
        "normalized": [
          1.0,
          0.5,
          0.75
        ],
        "score": 0.7211247851537042
      }
    },
    "degree_variance": {
      "score": 0.9459594689067654,
      "detail": {
        "raw_variance": 1.5625,
        "normalized_variance": 0.027777777777777776,
        "score": 0.9459594689067654,
        "degrees": [
          4,
          2,
          3,
          2,
          3,
          1,
          2,
          1,
          5,
          1,
          3,
          1,
          4,
          1,
          2,
          1
        ],
        "max_variance": 56.25,
        "room_count": 16,
        "mean_degree": 2.25
      }
    },
    "door_distribution": {
      "score": 0.5497685053051151,
      "detail": {
        "cv": 0.5555555555555556,
        "avg_distance": 14.336562231508331,
        "avg_entropy": 0.5474158701601733,
        "weights": [
          0.3333333333333333,
          0.3333333333333333,
          0.3333333333333333
        ],
        "normalized": [
          0.7222222222222222,
          0.5322062131011237,
          0.3948770805919994
        ],
        "score": 0.5497685053051151,
        "debug": {
          "count": 18
        }
      }
    },
    "dead_end_ratio": {
      "score": 0.625,
      "detail": {
        "dead_end_ratio": 0.375,
        "dead_end_count": 6,
        "total_rooms": 16,
        "dead_end_rooms": [
          "room_5",
          "room_7",
          "room_9",
          "room_11",
          "room_13",
          "room_15"
        ],
        "score": 0.625
      }
    },
    "key_path_length": {
      "score": 0.7165313105737893,
      "detail": {
        "raw_length": 1,
        "diameter": 6,
        "normalized_length": 0.16666666666666666,
        "score": 0.7165313105737893,
        "path": [
          "room_6",
          "room_7"
        ],
        "entrance": "room_6",
        "exit": "room_7"
      }
    },
    "loop_ratio": {
      "score": 0.49375032550048964,
      "detail": {
        "total_rooms": 16,
        "total_edges": 18,
        "connected_components": 1,
        "cyclomatic_number": 3,
        "loop_ratio": 0.1875,
        "sigmoid_loop_ratio": 0.49375032550048964,
        "algorithm": "Cyclomatic formula + Sigmoid normalization",
        "note": "Direct calculation using E - V + C formula, then sigmoid mapping to [0,1]",
        "score_breakdown": {
          "raw_loop_ratio": 0.1875,
          "sigmoid_loop_ratio": 0.49375032550048964,
          "final_score": 0.49375032550048964
        }
      }
    },
    "path_diversity": {
      "score": 0.4057003847534737,
      "detail": {
        "avg_path_diversity": 0.18257161560654098,
        "std_path_diversity": 0.17635218241231593,
        "max_path_diversity": 0.45001587986533886,
        "min_path_diversity": 0.0,
        "total_pairs_analyzed": 39,
        "rounds_completed": 5,
        "detailed_analysis": {
          "round_0": {
            "pairs_analyzed": 8,
            "avg_diversity": 0.2610626408168795
          },
          "round_1": {
            "pairs_analyzed": 8,
            "avg_diversity": 0.20278359806575874
          },
          "round_2": {
            "pairs_analyzed": 9,
            "avg_diversity": 0.10008019157872106
          },
          "round_3": {
            "pairs_analyzed": 8,
            "avg_diversity": 0.22236552009832344
          },
          "round_4": {
            "pairs_analyzed": 6,
            "avg_diversity": 0.12164620209981929
          }
        },
        "adaptive_params": {
          "num_walks": 16,
          "max_walk_length": 5,
          "graph_diameter": 5,
          "avg_degree": 2.25,
          "total_nodes": 16,
          "total_edges": 18
        },
        "algorithm": "Adaptive_random_walk_sampling",
        "sampling_strategy": "Multi-round (5 rounds, 10 pairs/round)",
        "normalization": "Robust_with_predefined_bounds",
        "fusion_method": "Geometric_mean_of_normalized_metrics",
        "performance": {
          "time_taken": 0.003313302993774414,
          "timeout": false
        }
      }
    },
    "treasure_monster_distribution": {
      "score": 0.6893060973921055,
      "detail": {
        "cv_treasure": 1.2033123105685648,
        "uniformity_treasure": 0.6893060973921055,
        "score": 0.6893060973921055,
        "cv_monster": 0.0,
        "uniformity_monster": 0.0,
        "avg_t2m_dist": 0.0,
        "proximity_score": 0.0,
        "note": "Only treasure distribution evaluated (no monsters found)"
      }
    },
    "geometric_balance": {
      "score": 0.8927484060633583,
      "detail": {
        "symmetry_ratio": 0.0,
        "uniformity_area": 0.8722226549493381,
        "uniformity_spacing": 0.913757183451007,
        "score": 0.8927484060633583
      }
    }
  },
  "category_scores": {
    "structural": 0.6368335400276196,
    "gameplay": 0.6893060973921055,
    "aesthetic": 0.8927484060633583
  },
  "overall_score": 0.7396293478276944,
  "grade": "B",
  "details": {
    "accessibility": {
      "reachability_ratio": 1.0,
      "avg_path_length": 2.0,
      "path_variance": 1.0,
      "normalized": [
        1.0,
        0.5,
        0.75
      ],
      "score": 0.7211247851537042
    },
    "degree_variance": {
      "raw_variance": 1.5625,
      "normalized_variance": 0.027777777777777776,
      "score": 0.9459594689067654,
      "degrees": [
        4,
        2,
        3,
        2,
        3,
        1,
        2,
        1,
        5,
        1,
        3,
        1,
        4,
        1,
        2,
        1
      ],
      "max_variance": 56.25,
      "room_count": 16,
      "mean_degree": 2.25
    },
    "door_distribution": {
      "cv": 0.5555555555555556,
      "avg_distance": 14.336562231508331,
      "avg_entropy": 0.5474158701601733,
      "weights": [
        0.3333333333333333,
        0.3333333333333333,
        0.3333333333333333
      ],
      "normalized": [
        0.7222222222222222,
        0.5322062131011237,
        0.3948770805919994
      ],
      "score": 0.5497685053051151,
      "debug": {
        "count": 18
      }
    },
    "dead_end_ratio": {
      "dead_end_ratio": 0.375,
      "dead_end_count": 6,
      "total_rooms": 16,
      "dead_end_rooms": [
        "room_5",
        "room_7",
        "room_9",
        "room_11",
        "room_13",
        "room_15"
      ],
      "score": 0.625
    },
    "key_path_length": {
      "raw_length": 1,
      "diameter": 6,
      "normalized_length": 0.16666666666666666,
      "score": 0.7165313105737893,
      "path": [
        "room_6",
        "room_7"
      ],
      "entrance": "room_6",
      "exit": "room_7"
    },
    "loop_ratio": {
      "total_rooms": 16,
      "total_edges": 18,
      "connected_components": 1,
      "cyclomatic_number": 3,
      "loop_ratio": 0.1875,
      "sigmoid_loop_ratio": 0.49375032550048964,
      "algorithm": "Cyclomatic formula + Sigmoid normalization",
      "note": "Direct calculation using E - V + C formula, then sigmoid mapping to [0,1]",
      "score_breakdown": {
        "raw_loop_ratio": 0.1875,
        "sigmoid_loop_ratio": 0.49375032550048964,
        "final_score": 0.49375032550048964
      }
    },
    "path_diversity": {
      "avg_path_diversity": 0.18257161560654098,
      "std_path_diversity": 0.17635218241231593,
      "max_path_diversity": 0.45001587986533886,
      "min_path_diversity": 0.0,
      "total_pairs_analyzed": 39,
      "rounds_completed": 5,
      "detailed_analysis": {
        "round_0": {
          "pairs_analyzed": 8,
          "avg_diversity": 0.2610626408168795
        },
        "round_1": {
          "pairs_analyzed": 8,
          "avg_diversity": 0.20278359806575874
        },
        "round_2": {
          "pairs_analyzed": 9,