{
  "scores": {
    "accessibility": {
      "score": 0.7294097148957318,
      "detail": {
        "reachability_ratio": 1.0,
        "avg_path_length": 1.9333333333333333,
        "path_variance": 0.9955555555555554,
        "normalized": [
          1.0,
          0.5166666666666666,
          0.7511111111111112
        ],
        "score": 0.7294097148957318
      }
    },
    "degree_variance": {
      "score": 0.9528917520897051,
      "detail": {
        "raw_variance": 1.1822222222222223,
        "normalized_variance": 0.02412698412698413,
        "score": 0.9528917520897051,
        "degrees": [
          4,
          2,
          2,
          2,
          4,
          1,
          3,
          1,
          4,
          1,
          2,
          1,
          2,
          2,
          1
        ],
        "max_variance": 49.0,
        "room_count": 15,
        "mean_degree": 2.1333333333333333
      }
    },
    "door_distribution": {
      "score": 0.5672778545083804,
      "detail": {
        "cv": 0.5096720759468779,
        "avg_distance": 16.082488678881365,
        "avg_entropy": 0.5060400231782104,
        "weights": [
          0.3333333333333333,
          0.3333333333333333,
          0.3333333333333333
        ],
        "normalized": [
          0.7451639620265611,
          0.5916388855333101,
          0.36503071596527015
        ],
        "score": 0.5672778545083804,
        "debug": {
          "count": 16
        }
      }
    },
    "dead_end_ratio": {
      "score": 0.6666666666666667,
      "detail": {
        "dead_end_ratio": 0.3333333333333333,
        "dead_end_count": 5,
        "total_rooms": 15,
        "dead_end_rooms": [
          "room_5",
          "room_7",
          "room_9",
          "room_11",
          "room_14"
        ],
        "score": 0.6666666666666667
      }
    },
    "key_path_length": {
      "score": 0.36787944117144233,
      "detail": {
        "raw_length": 3,
        "diameter": 6,
        "normalized_length": 0.5,
        "score": 0.36787944117144233,
        "path": [
          "room_5",
          "room_4",
          "room_0",
          "room_2"
        ],
        "entrance": "room_5",
        "exit": "room_2"
      }
    },
    "loop_ratio": {
      "score": 0.4667159617488687,
      "detail": {
        "total_rooms": 15,
        "total_edges": 16,
        "connected_components": 1,
        "cyclomatic_number": 2,
        "loop_ratio": 0.13333333333333333,
        "sigmoid_loop_ratio": 0.4667159617488687,
        "algorithm": "Cyclomatic formula + Sigmoid normalization",
        "note": "Direct calculation using E - V + C formula, then sigmoid mapping to [0,1]",
        "score_breakdown": {
          "raw_loop_ratio": 0.13333333333333333,
          "sigmoid_loop_ratio": 0.4667159617488687,
          "final_score": 0.4667159617488687
        }
      }
    },
    "path_diversity": {
      "score": 0.47388091392844334,
      "detail": {
        "avg_path_diversity": 0.22122239204799407,
        "std_path_diversity": 0.17040322463267368,
        "max_path_diversity": 0.46683119228009035,
        "min_path_diversity": 0.0,
        "total_pairs_analyzed": 47,
        "rounds_completed": 5,
        "detailed_analysis": {
          "round_0": {
            "pairs_analyzed": 9,
            "avg_diversity": 0.25255422681178735
          },
          "round_1": {
            "pairs_analyzed": 9,
            "avg_diversity": 0.1797323766783567
          },
          "round_2": {
            "pairs_analyzed": 10,
            "avg_diversity": 0.2530154184646381
          },
          "round_3": {
            "pairs_analyzed": 9,
            "avg_diversity": 0.15667877553129855
          },
          "round_4": {
            "pairs_analyzed": 10,
            "avg_diversity": 0.25666098304163587
          }
        },
        "adaptive_params": {
          "num_walks": 15,
          "max_walk_length": 6,
          "graph_diameter": 6,
          "avg_degree": 2.1333333333333333,
          "total_nodes": 15,
          "total_edges": 16
        },
        "algorithm": "Adaptive_random_walk_sampling",
        "sampling_strategy": "Multi-round (5 rounds, 10 pairs/round)",
        "normalization": "Robust_with_predefined_bounds",
        "fusion_method": "Geometric_mean_of_normalized_metrics",
        "performance": {
          "time_taken": 0.003710031509399414,
          "timeout": false
        }
      }
    },
    "treasure_monster_distribution": {
      "score": 0.7194484546143785,
      "detail": {
        "cv_treasure": 1.0497277621629557,
        "uniformity_treasure": 0.7194484546143785,
        "score": 0.7194484546143785,
        "cv_monster": 0.0,
        "uniformity_monster": 0.0,
        "avg_t2m_dist": 0.0,
        "proximity_score": 0.0,
        "note": "Only treasure distribution evaluated (no monsters found)"
      }
    },
    "geometric_balance": {
      "score": 0.8859869219563866,
      "detail": {
        "symmetry_ratio": 0.0,
        "uniformity_area": 0.8694057373349714,
        "uniformity_spacing": 0.9028843406117436,
        "score": 0.8859869219563866
      }
    }
  },
  "category_scores": {
    "structural": 0.6035317578584628,
    "gameplay": 0.7194484546143785,
    "aesthetic": 0.8859869219563866
  },
  "overall_score": 0.7363223781430759,
  "grade": "B",
  "details": {
    "accessibility": {
      "reachability_ratio": 1.0,
      "avg_path_length": 1.9333333333333333,
      "path_variance": 0.9955555555555554,
      "normalized": [
        1.0,
        0.5166666666666666,
        0.7511111111111112
      ],
      "score": 0.7294097148957318
    },
    "degree_variance": {
      "raw_variance": 1.1822222222222223,
      "normalized_variance": 0.02412698412698413,
      "score": 0.9528917520897051,
      "degrees": [
        4,
        2,
        2,
        2,
        4,
        1,
        3,
        1,
        4,
        1,
        2,
        1,
        2,
        2,
        1
      ],
      "max_variance": 49.0,
      "room_count": 15,
      "mean_degree": 2.1333333333333333
    },
    "door_distribution": {
      "cv": 0.5096720759468779,
      "avg_distance": 16.082488678881365,
      "avg_entropy": 0.5060400231782104,
      "weights": [
        0.3333333333333333,
        0.3333333333333333,
        0.3333333333333333
      ],
      "normalized": [
        0.7451639620265611,
        0.5916388855333101,
        0.36503071596527015
      ],
      "score": 0.5672778545083804,
      "debug": {
        "count": 16
      }
    },
    "dead_end_ratio": {
      "dead_end_ratio": 0.3333333333333333,
      "dead_end_count": 5,
      "total_rooms": 15,
      "dead_end_rooms": [
        "room_5",
        "room_7",
        "room_9",
        "room_11",
        "room_14"
      ],
      "score": 0.6666666666666667
    },
    "key_path_length": {
      "raw_length": 3,
      "diameter": 6,
      "normalized_length": 0.5,
      "score": 0.36787944117144233,
      "path": [
        "room_5",
        "room_4",
        "room_0",
        "room_2"
      ],
      "entrance": "room_5",
      "exit": "room_2"
    },
    "loop_ratio": {
      "total_rooms": 15,
      "total_edges": 16,
      "connected_components": 1,
      "cyclomatic_number": 2,
      "loop_ratio": 0.13333333333333333,
      "sigmoid_loop_ratio": 0.4667159617488687,
      "algorithm": "Cyclomatic formula + Sigmoid normalization",
      "note": "Direct calculation using E - V + C formula, then sigmoid mapping to [0,1]",
      "score_breakdown": {
        "raw_loop_ratio": 0.13333333333333333,
        "sigmoid_loop_ratio": 0.4667159617488687,
        "final_score": 0.4667159617488687
      }
    },
    "path_diversity": {
      "avg_path_diversity": 0.22122239204799407,
      "std_path_diversity": 0.17040322463267368,
      "max_path_diversity": 0.46683119228009035,
      "min_path_diversity": 0.0,
      "total_pairs_analyzed": 47,
      "rounds_completed": 5,