{
  "scores": {
    "accessibility": {
      "score": 0.626957447855876,
      "detail": {
        "reachability_ratio": 1.0,
        "avg_path_length": 1.8666666666666667,
        "path_variance": 0.7822222222222222,
        "normalized": [
          1.0,
          0.37777777777777777,
          0.6523456790123456
        ],
        "score": 0.626957447855876
      }
    },
    "degree_variance": {
      "score": 0.9528917520897051,
      "detail": {
        "raw_variance": 1.1822222222222223,
        "normalized_variance": 0.02412698412698413,
        "score": 0.9528917520897051,
        "degrees": [
          4,
          1,
          2,
          1,
          3,
          1,
          2,
          2,
          4,
          1,
          2,
          1,
          4,
          2,
          2
        ],
        "max_variance": 49.0,
        "room_count": 15,
        "mean_degree": 2.1333333333333333
      }
    },
    "door_distribution": {
      "score": 0.5625188527258944,
      "detail": {
        "cv": 0.5096720759468779,
        "avg_distance": 16.710978120163716,
        "avg_entropy": 0.5137416585177653,
        "weights": [
          0.3333333333333333,
          0.3333333333333333,
          0.3333333333333333
        ],
        "normalized": [
          0.7451639620265611,
          0.5718063246302967,
          0.3705862715208257
        ],
        "score": 0.5625188527258944,
        "debug": {
          "count": 16
        }
      }
    },
    "dead_end_ratio": {
      "score": 0.6666666666666667,
      "detail": {
        "dead_end_ratio": 0.3333333333333333,
        "dead_end_count": 5,
        "total_rooms": 15,
        "dead_end_rooms": [
          "room_1",
          "room_3",
          "room_5",
          "room_9",
          "room_11"
        ],
        "score": 0.6666666666666667
      }
    },
    "key_path_length": {
      "score": 0.22313016014842982,
      "detail": {
        "raw_length": 3,
        "diameter": 4,
        "normalized_length": 0.75,
        "score": 0.22313016014842982,
        "path": [
          "room_2",
          "room_0",
          "room_8",
          "room_10"
        ],
        "entrance": "room_2",
        "exit": "room_10"
      }
    },
    "loop_ratio": {
      "score": 0.4667159617488687,
      "detail": {
        "total_rooms": 15,
        "total_edges": 16,
        "connected_components": 1,
        "cyclomatic_number": 2,
        "loop_ratio": 0.13333333333333333,
        "sigmoid_loop_ratio": 0.4667159617488687,
        "algorithm": "Cyclomatic formula + Sigmoid normalization",
        "note": "Direct calculation using E - V + C formula, then sigmoid mapping to [0,1]",
        "score_breakdown": {
          "raw_loop_ratio": 0.13333333333333333,
          "sigmoid_loop_ratio": 0.4667159617488687,
          "final_score": 0.4667159617488687
        }
      }
    },
    "path_diversity": {
      "score": 0.049999999999999996,
      "detail": {
        "avg_path_diversity": 0.01327251469401258,
        "std_path_diversity": 0.0578535502778595,
        "max_path_diversity": 0.2654502938802516,
        "min_path_diversity": 0.0,
        "total_pairs_analyzed": 20,
        "rounds_completed": 3,
        "detailed_analysis": {
          "round_0": {
            "pairs_analyzed": 6,
            "avg_diversity": 0.0
          },
          "round_1": {
            "pairs_analyzed": 8,
            "avg_diversity": 0.03318128673503145
          },
          "round_2": {
            "pairs_analyzed": 6,
            "avg_diversity": 0.0
          }
        },
        "adaptive_params": {
          "num_walks": 15,
          "max_walk_length": 2,
          "graph_diameter": 2,
          "avg_degree": 2.1333333333333333,
          "total_nodes": 15,
          "total_edges": 16
        },
        "algorithm": "Adaptive_random_walk_sampling",
        "sampling_strategy": "Multi-round (3 rounds, 16 pairs/round)",
        "normalization": "Robust_with_predefined_bounds",
        "fusion_method": "Geometric_mean_of_normalized_metrics",
        "performance": {
          "time_taken": 0.002043008804321289,
          "timeout": false
        }
      }
    },
    "treasure_monster_distribution": {
      "score": 0.758197190621638,
      "detail": {
        "cv_treasure": 0.9047432678532393,
        "uniformity_treasure": 0.758197190621638,
        "score": 0.758197190621638,
        "cv_monster": 0.0,
        "uniformity_monster": 0.0,
        "avg_t2m_dist": 0.0,
        "proximity_score": 0.0,
        "note": "Only treasure distribution evaluated (no monsters found)"
      }
    },
    "geometric_balance": {
      "score": 0.8814089975470089,
      "detail": {
        "symmetry_ratio": 0.0,
        "uniformity_area": 0.8629738257039117,
        "uniformity_spacing": 0.9002379884733295,
        "score": 0.8814089975470089
      }
    }
  },
  "category_scores": {
    "structural": 0.5069829773193487,
    "gameplay": 0.758197190621638,
    "aesthetic": 0.8814089975470089
  },
  "overall_score": 0.7155297218293318,
  "grade": "B",
  "details": {
    "accessibility": {
      "reachability_ratio": 1.0,
      "avg_path_length": 1.8666666666666667,
      "path_variance": 0.7822222222222222,
      "normalized": [
        1.0,
        0.37777777777777777,
        0.6523456790123456
      ],
      "score": 0.626957447855876
    },
    "degree_variance": {
      "raw_variance": 1.1822222222222223,
      "normalized_variance": 0.02412698412698413,
      "score": 0.9528917520897051,
      "degrees": [
        4,
        1,
        2,
        1,
        3,
        1,
        2,
        2,
        4,
        1,
        2,
        1,
        4,
        2,
        2
      ],
      "max_variance": 49.0,
      "room_count": 15,
      "mean_degree": 2.1333333333333333
    },
    "door_distribution": {
      "cv": 0.5096720759468779,
      "avg_distance": 16.710978120163716,
      "avg_entropy": 0.5137416585177653,
      "weights": [
        0.3333333333333333,
        0.3333333333333333,
        0.3333333333333333
      ],
      "normalized": [
        0.7451639620265611,
        0.5718063246302967,
        0.3705862715208257
      ],
      "score": 0.5625188527258944,
      "debug": {
        "count": 16
      }
    },
    "dead_end_ratio": {
      "dead_end_ratio": 0.3333333333333333,
      "dead_end_count": 5,
      "total_rooms": 15,
      "dead_end_rooms": [
        "room_1",
        "room_3",
        "room_5",
        "room_9",
        "room_11"
      ],
      "score": 0.6666666666666667
    },
    "key_path_length": {
      "raw_length": 3,
      "diameter": 4,
      "normalized_length": 0.75,
      "score": 0.22313016014842982,
      "path": [
        "room_2",
        "room_0",
        "room_8",
        "room_10"
      ],
      "entrance": "room_2",
      "exit": "room_10"
    },
    "loop_ratio": {
      "total_rooms": 15,
      "total_edges": 16,
      "connected_components": 1,
      "cyclomatic_number": 2,
      "loop_ratio": 0.13333333333333333,
      "sigmoid_loop_ratio": 0.4667159617488687,
      "algorithm": "Cyclomatic formula + Sigmoid normalization",
      "note": "Direct calculation using E - V + C formula, then sigmoid mapping to [0,1]",
      "score_breakdown": {
        "raw_loop_ratio": 0.13333333333333333,
        "sigmoid_loop_ratio": 0.4667159617488687,
        "final_score": 0.4667159617488687
      }
    },
    "path_diversity": {
      "avg_path_diversity": 0.01327251469401258,
      "std_path_diversity": 0.0578535502778595,
      "max_path_diversity": 0.2654502938802516,
      "min_path_diversity": 0.0,
      "total_pairs_analyzed": 20,
      "rounds_completed": 3,
      "detailed_analysis": {
        "round_0": {
          "pairs_analyzed": 6,
          "avg_diversity": 0.0
        },
        "round_1": {
          "pairs_analyzed": 8,
          "avg_diversity": 0.03318128673503145
        },
        "round_2": {
          "pairs_analyzed": 6,
          "avg_diversity": 0.0
        }
      },